"sample","factor","value","group","pcw","factor_number"
"B17.4_P3","Factor3",-0.700080032967926,"group1",17.4,3
"B18.0_P4","Factor3",-0.075890705253544,"group1",18,3
"B18.6_P5","Factor3",-0.142033709930125,"group1",18.6,3
"B20.9_P7","Factor3",0.0679695623034835,"group1",20.9,3
"B21.7_P8","Factor3",-0.416747889100629,"group1",21.7,3
"B22.4_P9","Factor3",0.0482975666418174,"group1",22.4,3
"B23.4_P10","Factor3",0.0873982851519769,"group1",23.4,3
"B24.6_P11","Factor3",-0.245705125600427,"group1",24.6,3
"B26.9_P12","Factor3",-0.3433459651118,"group1",26.9,3
"B31.3_P15","Factor3",-0.12635371784024,"group1",31.3,3
"B33.3_P17","Factor3",0.175092996400313,"group1",33.3,3
"B34.1_P18","Factor3",0.318622175548033,"group1",34.1,3
"B36.1_P19","Factor3",0.175014090351482,"group1",36.1,3
"B37.9_P20","Factor3",0.175428173489056,"group1",37.9,3
"B38.1_P21","Factor3",0.460973326738547,"group1",38.1,3
"B39.1_P22","Factor3",0.541361055052659,"group1",39.1,3
