group,chain,region,MainID,length_nt,frequency,frequency_percent,canonical_week,legacy_plot_age
All,TRB,N1-REGION,B11.6_P24,1,52,63.41463414634146,13.57,11.6
All,TRB,N1-REGION,B11.6_P24,2,16,19.51219512195122,13.57,11.6
All,TRB,N1-REGION,B11.6_P24,3,7,8.536585365853659,13.57,11.6
All,TRB,N1-REGION,B11.6_P24,4,4,4.878048780487805,13.57,11.6
All,TRB,N1-REGION,B11.6_P24,5,3,3.6585365853658534,13.57,11.6
All,TRB,N1-REGION,B11.6_P24,6,0,0.0,13.57,11.6
All,TRB,N1-REGION,B11.6_P24,7,0,0.0,13.57,11.6
All,TRB,N1-REGION,B11.6_P24,8,0,0.0,13.57,11.6
All,TRB,N1-REGION,B11.6_P24,9,0,0.0,13.57,11.6
All,TRB,N1-REGION,B11.6_P24,10,0,0.0,13.57,11.6
All,TRB,N1-REGION,B11.6_P24,11,0,0.0,13.57,11.6
All,TRB,N1-REGION,B11.6_P24,12,0,0.0,13.57,11.6
All,TRB,N1-REGION,B11.6_P24,13,0,0.0,13.57,11.6
All,TRB,N1-REGION,B11.6_P24,14,0,0.0,13.57,11.6
All,TRB,N1-REGION,B11.6_P24,15,0,0.0,13.57,11.6
All,TRB,N1-REGION,B11.6_P24,16,0,0.0,13.57,11.6
All,TRB,N1-REGION,B11.6_P24,17,0,0.0,13.57,11.6
All,TRB,N1-REGION,B11.6_P24,18,0,0.0,13.57,11.6
All,TRB,N1-REGION,B11.6_P24,19,0,0.0,13.57,11.6
All,TRB,N1-REGION,B11.6_P24,20,0,0.0,13.57,11.6
All,TRB,N1-REGION,B11.6_P24,21,0,0.0,13.57,11.6
All,TRB,N1-REGION,B11.6_P24,22,0,0.0,13.57,11.6
All,TRB,N1-REGION,B11.6_P24,23,0,0.0,13.57,11.6
All,TRB,N1-REGION,B11.6_P24,25,0,0.0,13.57,11.6
All,TRB,N1-REGION,B11.6_P24,26,0,0.0,13.57,11.6
All,TRB,N1-REGION,B17.4_P3,1,9,37.5,19.43,17.4
All,TRB,N1-REGION,B17.4_P3,2,10,41.66666666666667,19.43,17.4
All,TRB,N1-REGION,B17.4_P3,3,4,16.666666666666664,19.43,17.4
All,TRB,N1-REGION,B17.4_P3,4,0,0.0,19.43,17.4
All,TRB,N1-REGION,B17.4_P3,5,1,4.166666666666666,19.43,17.4
All,TRB,N1-REGION,B17.4_P3,6,0,0.0,19.43,17.4
All,TRB,N1-REGION,B17.4_P3,7,0,0.0,19.43,17.4
All,TRB,N1-REGION,B17.4_P3,8,0,0.0,19.43,17.4
All,TRB,N1-REGION,B17.4_P3,9,0,0.0,19.43,17.4
All,TRB,N1-REGION,B17.4_P3,10,0,0.0,19.43,17.4
All,TRB,N1-REGION,B17.4_P3,11,0,0.0,19.43,17.4
All,TRB,N1-REGION,B17.4_P3,12,0,0.0,19.43,17.4
All,TRB,N1-REGION,B17.4_P3,13,0,0.0,19.43,17.4
All,TRB,N1-REGION,B17.4_P3,14,0,0.0,19.43,17.4
All,TRB,N1-REGION,B17.4_P3,15,0,0.0,19.43,17.4
All,TRB,N1-REGION,B17.4_P3,16,0,0.0,19.43,17.4
All,TRB,N1-REGION,B17.4_P3,17,0,0.0,19.43,17.4
All,TRB,N1-REGION,B17.4_P3,18,0,0.0,19.43,17.4
All,TRB,N1-REGION,B17.4_P3,19,0,0.0,19.43,17.4
All,TRB,N1-REGION,B17.4_P3,20,0,0.0,19.43,17.4
All,TRB,N1-REGION,B17.4_P3,21,0,0.0,19.43,17.4
All,TRB,N1-REGION,B17.4_P3,22,0,0.0,19.43,17.4
All,TRB,N1-REGION,B17.4_P3,23,0,0.0,19.43,17.4
All,TRB,N1-REGION,B17.4_P3,25,0,0.0,19.43,17.4
All,TRB,N1-REGION,B17.4_P3,26,0,0.0,19.43,17.4
All,TRB,N1-REGION,B18.0_P4,1,376,33.935018050541515,20.0,18.0
All,TRB,N1-REGION,B18.0_P4,2,271,24.458483754512635,20.0,18.0
All,TRB,N1-REGION,B18.0_P4,3,182,16.425992779783392,20.0,18.0
All,TRB,N1-REGION,B18.0_P4,4,120,10.830324909747292,20.0,18.0
All,TRB,N1-REGION,B18.0_P4,5,64,5.776173285198556,20.0,18.0
All,TRB,N1-REGION,B18.0_P4,6,41,3.7003610108303246,20.0,18.0
All,TRB,N1-REGION,B18.0_P4,7,19,1.7148014440433215,20.0,18.0
All,TRB,N1-REGION,B18.0_P4,8,14,1.263537906137184,20.0,18.0
All,TRB,N1-REGION,B18.0_P4,9,14,1.263537906137184,20.0,18.0
All,TRB,N1-REGION,B18.0_P4,10,2,0.18050541516245489,20.0,18.0
All,TRB,N1-REGION,B18.0_P4,11,2,0.18050541516245489,20.0,18.0
All,TRB,N1-REGION,B18.0_P4,12,2,0.18050541516245489,20.0,18.0
All,TRB,N1-REGION,B18.0_P4,13,0,0.0,20.0,18.0
All,TRB,N1-REGION,B18.0_P4,14,1,0.09025270758122744,20.0,18.0
All,TRB,N1-REGION,B18.0_P4,15,0,0.0,20.0,18.0
All,TRB,N1-REGION,B18.0_P4,16,0,0.0,20.0,18.0
All,TRB,N1-REGION,B18.0_P4,17,0,0.0,20.0,18.0
All,TRB,N1-REGION,B18.0_P4,18,0,0.0,20.0,18.0
All,TRB,N1-REGION,B18.0_P4,19,0,0.0,20.0,18.0
All,TRB,N1-REGION,B18.0_P4,20,0,0.0,20.0,18.0
All,TRB,N1-REGION,B18.0_P4,21,0,0.0,20.0,18.0
All,TRB,N1-REGION,B18.0_P4,22,0,0.0,20.0,18.0
All,TRB,N1-REGION,B18.0_P4,23,0,0.0,20.0,18.0
All,TRB,N1-REGION,B18.0_P4,25,0,0.0,20.0,18.0
All,TRB,N1-REGION,B18.0_P4,26,0,0.0,20.0,18.0
All,TRB,N1-REGION,B18.6_P5,1,198,36.19744058500914,20.57,18.6
All,TRB,N1-REGION,B18.6_P5,2,135,24.680073126142595,20.57,18.6
All,TRB,N1-REGION,B18.6_P5,3,77,14.076782449725778,20.57,18.6
All,TRB,N1-REGION,B18.6_P5,4,59,10.786106032906764,20.57,18.6
All,TRB,N1-REGION,B18.6_P5,5,29,5.301645338208409,20.57,18.6
All,TRB,N1-REGION,B18.6_P5,6,16,2.9250457038391224,20.57,18.6
All,TRB,N1-REGION,B18.6_P5,7,11,2.010968921389397,20.57,18.6
All,TRB,N1-REGION,B18.6_P5,8,9,1.6453382084095063,20.57,18.6
All,TRB,N1-REGION,B18.6_P5,9,2,0.3656307129798903,20.57,18.6
All,TRB,N1-REGION,B18.6_P5,10,4,0.7312614259597806,20.57,18.6
All,TRB,N1-REGION,B18.6_P5,11,3,0.5484460694698354,20.57,18.6
All,TRB,N1-REGION,B18.6_P5,12,4,0.7312614259597806,20.57,18.6
All,TRB,N1-REGION,B18.6_P5,13,0,0.0,20.57,18.6
All,TRB,N1-REGION,B18.6_P5,14,0,0.0,20.57,18.6
All,TRB,N1-REGION,B18.6_P5,15,0,0.0,20.57,18.6
All,TRB,N1-REGION,B18.6_P5,16,0,0.0,20.57,18.6
All,TRB,N1-REGION,B18.6_P5,17,0,0.0,20.57,18.6
All,TRB,N1-REGION,B18.6_P5,18,0,0.0,20.57,18.6
All,TRB,N1-REGION,B18.6_P5,19,0,0.0,20.57,18.6
All,TRB,N1-REGION,B18.6_P5,20,0,0.0,20.57,18.6
All,TRB,N1-REGION,B18.6_P5,21,0,0.0,20.57,18.6
All,TRB,N1-REGION,B18.6_P5,22,0,0.0,20.57,18.6
All,TRB,N1-REGION,B18.6_P5,23,0,0.0,20.57,18.6
All,TRB,N1-REGION,B18.6_P5,25,0,0.0,20.57,18.6
All,TRB,N1-REGION,B18.6_P5,26,0,0.0,20.57,18.6
All,TRB,N1-REGION,B20.9_P7,1,209,26.157697121401753,22.86,20.9
All,TRB,N1-REGION,B20.9_P7,2,183,22.90362953692115,22.86,20.9
All,TRB,N1-REGION,B20.9_P7,3,155,19.39924906132666,22.86,20.9
All,TRB,N1-REGION,B20.9_P7,4,105,13.141426783479348,22.86,20.9
All,TRB,N1-REGION,B20.9_P7,5,63,7.88485607008761,22.86,20.9
All,TRB,N1-REGION,B20.9_P7,6,30,3.754693366708386,22.86,20.9
All,TRB,N1-REGION,B20.9_P7,7,17,2.127659574468085,22.86,20.9
All,TRB,N1-REGION,B20.9_P7,8,14,1.7521902377972465,22.86,20.9
All,TRB,N1-REGION,B20.9_P7,9,6,0.7509386733416771,22.86,20.9
All,TRB,N1-REGION,B20.9_P7,10,8,1.0012515644555695,22.86,20.9
All,TRB,N1-REGION,B20.9_P7,11,3,0.37546933667083854,22.86,20.9
All,TRB,N1-REGION,B20.9_P7,12,3,0.37546933667083854,22.86,20.9
All,TRB,N1-REGION,B20.9_P7,13,2,0.2503128911138924,22.86,20.9
All,TRB,N1-REGION,B20.9_P7,14,0,0.0,22.86,20.9
All,TRB,N1-REGION,B20.9_P7,15,0,0.0,22.86,20.9
All,TRB,N1-REGION,B20.9_P7,16,1,0.1251564455569462,22.86,20.9
All,TRB,N1-REGION,B20.9_P7,17,0,0.0,22.86,20.9
All,TRB,N1-REGION,B20.9_P7,18,0,0.0,22.86,20.9
All,TRB,N1-REGION,B20.9_P7,19,0,0.0,22.86,20.9
All,TRB,N1-REGION,B20.9_P7,20,0,0.0,22.86,20.9
All,TRB,N1-REGION,B20.9_P7,21,0,0.0,22.86,20.9
All,TRB,N1-REGION,B20.9_P7,22,0,0.0,22.86,20.9
All,TRB,N1-REGION,B20.9_P7,23,0,0.0,22.86,20.9
All,TRB,N1-REGION,B20.9_P7,25,0,0.0,22.86,20.9
All,TRB,N1-REGION,B20.9_P7,26,0,0.0,22.86,20.9
All,TRB,N1-REGION,B21.7_P8,1,23,22.772277227722775,23.71,21.7
All,TRB,N1-REGION,B21.7_P8,2,25,24.752475247524753,23.71,21.7
All,TRB,N1-REGION,B21.7_P8,3,16,15.841584158415841,23.71,21.7
All,TRB,N1-REGION,B21.7_P8,4,13,12.871287128712872,23.71,21.7
All,TRB,N1-REGION,B21.7_P8,5,11,10.891089108910892,23.71,21.7
All,TRB,N1-REGION,B21.7_P8,6,1,0.9900990099009901,23.71,21.7
All,TRB,N1-REGION,B21.7_P8,7,2,1.9801980198019802,23.71,21.7
All,TRB,N1-REGION,B21.7_P8,8,3,2.9702970297029703,23.71,21.7
All,TRB,N1-REGION,B21.7_P8,9,4,3.9603960396039604,23.71,21.7
All,TRB,N1-REGION,B21.7_P8,10,1,0.9900990099009901,23.71,21.7
All,TRB,N1-REGION,B21.7_P8,11,0,0.0,23.71,21.7
All,TRB,N1-REGION,B21.7_P8,12,1,0.9900990099009901,23.71,21.7
All,TRB,N1-REGION,B21.7_P8,13,0,0.0,23.71,21.7
All,TRB,N1-REGION,B21.7_P8,14,1,0.9900990099009901,23.71,21.7
All,TRB,N1-REGION,B21.7_P8,15,0,0.0,23.71,21.7
All,TRB,N1-REGION,B21.7_P8,16,0,0.0,23.71,21.7
All,TRB,N1-REGION,B21.7_P8,17,0,0.0,23.71,21.7
All,TRB,N1-REGION,B21.7_P8,18,0,0.0,23.71,21.7
All,TRB,N1-REGION,B21.7_P8,19,0,0.0,23.71,21.7
All,TRB,N1-REGION,B21.7_P8,20,0,0.0,23.71,21.7
All,TRB,N1-REGION,B21.7_P8,21,0,0.0,23.71,21.7
All,TRB,N1-REGION,B21.7_P8,22,0,0.0,23.71,21.7
All,TRB,N1-REGION,B21.7_P8,23,0,0.0,23.71,21.7
All,TRB,N1-REGION,B21.7_P8,25,0,0.0,23.71,21.7
All,TRB,N1-REGION,B21.7_P8,26,0,0.0,23.71,21.7
All,TRB,N1-REGION,B22.4_P23,1,407,26.2750161394448,24.43,22.4
All,TRB,N1-REGION,B22.4_P23,2,381,24.59651387992253,24.43,22.4
All,TRB,N1-REGION,B22.4_P23,3,256,16.52679147837314,24.43,22.4
All,TRB,N1-REGION,B22.4_P23,4,191,12.330535829567463,24.43,22.4
All,TRB,N1-REGION,B22.4_P23,5,126,8.134280180761781,24.43,22.4
All,TRB,N1-REGION,B22.4_P23,6,78,5.035506778566817,24.43,22.4
All,TRB,N1-REGION,B22.4_P23,7,46,2.9696578437701744,24.43,22.4
All,TRB,N1-REGION,B22.4_P23,8,23,1.4848289218850872,24.43,22.4
All,TRB,N1-REGION,B22.4_P23,9,19,1.2265978050355069,24.43,22.4
All,TRB,N1-REGION,B22.4_P23,10,9,0.5810200129115558,24.43,22.4
All,TRB,N1-REGION,B22.4_P23,11,5,0.32278889606197547,24.43,22.4
All,TRB,N1-REGION,B22.4_P23,12,4,0.25823111684958033,24.43,22.4
All,TRB,N1-REGION,B22.4_P23,13,0,0.0,24.43,22.4
All,TRB,N1-REGION,B22.4_P23,14,1,0.06455777921239508,24.43,22.4
All,TRB,N1-REGION,B22.4_P23,15,1,0.06455777921239508,24.43,22.4
All,TRB,N1-REGION,B22.4_P23,16,2,0.12911555842479017,24.43,22.4
All,TRB,N1-REGION,B22.4_P23,17,0,0.0,24.43,22.4
All,TRB,N1-REGION,B22.4_P23,18,0,0.0,24.43,22.4
All,TRB,N1-REGION,B22.4_P23,19,0,0.0,24.43,22.4
All,TRB,N1-REGION,B22.4_P23,20,0,0.0,24.43,22.4
All,TRB,N1-REGION,B22.4_P23,21,0,0.0,24.43,22.4
All,TRB,N1-REGION,B22.4_P23,22,0,0.0,24.43,22.4
All,TRB,N1-REGION,B22.4_P23,23,0,0.0,24.43,22.4
All,TRB,N1-REGION,B22.4_P23,25,0,0.0,24.43,22.4
All,TRB,N1-REGION,B22.4_P23,26,0,0.0,24.43,22.4
All,TRB,N1-REGION,B22.4_P9,1,336,27.9766860949209,24.43,22.4
All,TRB,N1-REGION,B22.4_P9,2,286,23.813488759367193,24.43,22.4
All,TRB,N1-REGION,B22.4_P9,3,217,18.06827643630308,24.43,22.4
All,TRB,N1-REGION,B22.4_P9,4,136,11.323896752706078,24.43,22.4
All,TRB,N1-REGION,B22.4_P9,5,84,6.994171523730225,24.43,22.4
All,TRB,N1-REGION,B22.4_P9,6,49,4.0799333888426315,24.43,22.4
All,TRB,N1-REGION,B22.4_P9,7,29,2.4146544546211492,24.43,22.4
All,TRB,N1-REGION,B22.4_P9,8,20,1.665278934221482,24.43,22.4
All,TRB,N1-REGION,B22.4_P9,9,13,1.0824313072439635,24.43,22.4
All,TRB,N1-REGION,B22.4_P9,10,10,0.832639467110741,24.43,22.4
All,TRB,N1-REGION,B22.4_P9,11,8,0.6661115736885929,24.43,22.4
All,TRB,N1-REGION,B22.4_P9,12,3,0.2497918401332223,24.43,22.4
All,TRB,N1-REGION,B22.4_P9,13,5,0.4163197335553705,24.43,22.4
All,TRB,N1-REGION,B22.4_P9,14,2,0.16652789342214822,24.43,22.4
All,TRB,N1-REGION,B22.4_P9,15,1,0.08326394671107411,24.43,22.4
All,TRB,N1-REGION,B22.4_P9,16,0,0.0,24.43,22.4
All,TRB,N1-REGION,B22.4_P9,17,0,0.0,24.43,22.4
All,TRB,N1-REGION,B22.4_P9,18,1,0.08326394671107411,24.43,22.4
All,TRB,N1-REGION,B22.4_P9,19,0,0.0,24.43,22.4
All,TRB,N1-REGION,B22.4_P9,20,0,0.0,24.43,22.4
All,TRB,N1-REGION,B22.4_P9,21,1,0.08326394671107411,24.43,22.4
All,TRB,N1-REGION,B22.4_P9,22,0,0.0,24.43,22.4
All,TRB,N1-REGION,B22.4_P9,23,0,0.0,24.43,22.4
All,TRB,N1-REGION,B22.4_P9,25,0,0.0,24.43,22.4
All,TRB,N1-REGION,B22.4_P9,26,0,0.0,24.43,22.4
All,TRB,N1-REGION,B23.4_P10,1,483,25.1039501039501,25.43,23.4
All,TRB,N1-REGION,B23.4_P10,2,439,22.81704781704782,25.43,23.4
All,TRB,N1-REGION,B23.4_P10,3,363,18.866943866943867,25.43,23.4
All,TRB,N1-REGION,B23.4_P10,4,274,14.241164241164242,25.43,23.4
All,TRB,N1-REGION,B23.4_P10,5,126,6.548856548856549,25.43,23.4
All,TRB,N1-REGION,B23.4_P10,6,82,4.261954261954262,25.43,23.4
All,TRB,N1-REGION,B23.4_P10,7,58,3.0145530145530146,25.43,23.4
All,TRB,N1-REGION,B23.4_P10,8,37,1.9230769230769231,25.43,23.4
All,TRB,N1-REGION,B23.4_P10,9,26,1.3513513513513513,25.43,23.4
All,TRB,N1-REGION,B23.4_P10,10,11,0.5717255717255718,25.43,23.4
All,TRB,N1-REGION,B23.4_P10,11,7,0.36382536382536385,25.43,23.4
All,TRB,N1-REGION,B23.4_P10,12,5,0.2598752598752599,25.43,23.4
All,TRB,N1-REGION,B23.4_P10,13,1,0.05197505197505198,25.43,23.4
All,TRB,N1-REGION,B23.4_P10,14,6,0.31185031185031187,25.43,23.4
All,TRB,N1-REGION,B23.4_P10,15,3,0.15592515592515593,25.43,23.4
All,TRB,N1-REGION,B23.4_P10,16,1,0.05197505197505198,25.43,23.4
All,TRB,N1-REGION,B23.4_P10,17,0,0.0,25.43,23.4
All,TRB,N1-REGION,B23.4_P10,18,0,0.0,25.43,23.4
All,TRB,N1-REGION,B23.4_P10,19,0,0.0,25.43,23.4
All,TRB,N1-REGION,B23.4_P10,20,0,0.0,25.43,23.4
All,TRB,N1-REGION,B23.4_P10,21,0,0.0,25.43,23.4
All,TRB,N1-REGION,B23.4_P10,22,0,0.0,25.43,23.4
All,TRB,N1-REGION,B23.4_P10,23,0,0.0,25.43,23.4
All,TRB,N1-REGION,B23.4_P10,25,1,0.05197505197505198,25.43,23.4
All,TRB,N1-REGION,B23.4_P10,26,1,0.05197505197505198,25.43,23.4
All,TRB,N1-REGION,B24.6_P11,1,34,28.09917355371901,26.57,24.6
All,TRB,N1-REGION,B24.6_P11,2,27,22.31404958677686,26.57,24.6
All,TRB,N1-REGION,B24.6_P11,3,22,18.181818181818183,26.57,24.6
All,TRB,N1-REGION,B24.6_P11,4,16,13.223140495867769,26.57,24.6
All,TRB,N1-REGION,B24.6_P11,5,5,4.132231404958678,26.57,24.6
All,TRB,N1-REGION,B24.6_P11,6,3,2.479338842975207,26.57,24.6
All,TRB,N1-REGION,B24.6_P11,7,7,5.785123966942149,26.57,24.6
All,TRB,N1-REGION,B24.6_P11,8,2,1.6528925619834711,26.57,24.6
All,TRB,N1-REGION,B24.6_P11,9,2,1.6528925619834711,26.57,24.6
All,TRB,N1-REGION,B24.6_P11,10,2,1.6528925619834711,26.57,24.6
All,TRB,N1-REGION,B24.6_P11,11,0,0.0,26.57,24.6
All,TRB,N1-REGION,B24.6_P11,12,0,0.0,26.57,24.6
All,TRB,N1-REGION,B24.6_P11,13,0,0.0,26.57,24.6
All,TRB,N1-REGION,B24.6_P11,14,1,0.8264462809917356,26.57,24.6
All,TRB,N1-REGION,B24.6_P11,15,0,0.0,26.57,24.6
All,TRB,N1-REGION,B24.6_P11,16,0,0.0,26.57,24.6
All,TRB,N1-REGION,B24.6_P11,17,0,0.0,26.57,24.6
All,TRB,N1-REGION,B24.6_P11,18,0,0.0,26.57,24.6
All,TRB,N1-REGION,B24.6_P11,19,0,0.0,26.57,24.6
All,TRB,N1-REGION,B24.6_P11,20,0,0.0,26.57,24.6
All,TRB,N1-REGION,B24.6_P11,21,0,0.0,26.57,24.6
All,TRB,N1-REGION,B24.6_P11,22,0,0.0,26.57,24.6
All,TRB,N1-REGION,B24.6_P11,23,0,0.0,26.57,24.6
All,TRB,N1-REGION,B24.6_P11,25,0,0.0,26.57,24.6
All,TRB,N1-REGION,B24.6_P11,26,0,0.0,26.57,24.6
All,TRB,N1-REGION,B26.9_P12,1,159,20.358514724711906,28.86,26.9
All,TRB,N1-REGION,B26.9_P12,2,134,17.157490396927017,28.86,26.9
All,TRB,N1-REGION,B26.9_P12,3,170,21.76696542893726,28.86,26.9
All,TRB,N1-REGION,B26.9_P12,4,86,11.011523687580025,28.86,26.9
All,TRB,N1-REGION,B26.9_P12,5,74,9.475032010243279,28.86,26.9
All,TRB,N1-REGION,B26.9_P12,6,45,5.761843790012804,28.86,26.9
All,TRB,N1-REGION,B26.9_P12,7,42,5.377720870678617,28.86,26.9
All,TRB,N1-REGION,B26.9_P12,8,26,3.329065300896287,28.86,26.9
All,TRB,N1-REGION,B26.9_P12,9,14,1.792573623559539,28.86,26.9
All,TRB,N1-REGION,B26.9_P12,10,11,1.4084507042253522,28.86,26.9
All,TRB,N1-REGION,B26.9_P12,11,3,0.3841229193341869,28.86,26.9
All,TRB,N1-REGION,B26.9_P12,12,4,0.5121638924455826,28.86,26.9
All,TRB,N1-REGION,B26.9_P12,13,3,0.3841229193341869,28.86,26.9
All,TRB,N1-REGION,B26.9_P12,14,4,0.5121638924455826,28.86,26.9
All,TRB,N1-REGION,B26.9_P12,15,5,0.6402048655569782,28.86,26.9
All,TRB,N1-REGION,B26.9_P12,16,0,0.0,28.86,26.9
All,TRB,N1-REGION,B26.9_P12,17,1,0.12804097311139565,28.86,26.9
All,TRB,N1-REGION,B26.9_P12,18,0,0.0,28.86,26.9
All,TRB,N1-REGION,B26.9_P12,19,0,0.0,28.86,26.9
All,TRB,N1-REGION,B26.9_P12,20,0,0.0,28.86,26.9
All,TRB,N1-REGION,B26.9_P12,21,0,0.0,28.86,26.9
All,TRB,N1-REGION,B26.9_P12,22,0,0.0,28.86,26.9
All,TRB,N1-REGION,B26.9_P12,23,0,0.0,28.86,26.9
All,TRB,N1-REGION,B26.9_P12,25,0,0.0,28.86,26.9
All,TRB,N1-REGION,B26.9_P12,26,0,0.0,28.86,26.9
All,TRB,N1-REGION,B29.1_P13,1,85,19.362186788154897,31.14,29.1
All,TRB,N1-REGION,B29.1_P13,2,90,20.50113895216401,31.14,29.1
All,TRB,N1-REGION,B29.1_P13,3,81,18.45102505694761,31.14,29.1
All,TRB,N1-REGION,B29.1_P13,4,48,10.933940774487471,31.14,29.1
All,TRB,N1-REGION,B29.1_P13,5,38,8.656036446469248,31.14,29.1
All,TRB,N1-REGION,B29.1_P13,6,27,6.150341685649203,31.14,29.1
All,TRB,N1-REGION,B29.1_P13,7,23,5.239179954441914,31.14,29.1
All,TRB,N1-REGION,B29.1_P13,8,14,3.189066059225513,31.14,29.1
All,TRB,N1-REGION,B29.1_P13,9,8,1.8223234624145785,31.14,29.1
All,TRB,N1-REGION,B29.1_P13,10,10,2.277904328018223,31.14,29.1
All,TRB,N1-REGION,B29.1_P13,11,4,0.9111617312072893,31.14,29.1
All,TRB,N1-REGION,B29.1_P13,12,4,0.9111617312072893,31.14,29.1
All,TRB,N1-REGION,B29.1_P13,13,2,0.45558086560364464,31.14,29.1
All,TRB,N1-REGION,B29.1_P13,14,1,0.22779043280182232,31.14,29.1
All,TRB,N1-REGION,B29.1_P13,15,0,0.0,31.14,29.1
All,TRB,N1-REGION,B29.1_P13,16,3,0.683371298405467,31.14,29.1
All,TRB,N1-REGION,B29.1_P13,17,0,0.0,31.14,29.1
All,TRB,N1-REGION,B29.1_P13,18,0,0.0,31.14,29.1
All,TRB,N1-REGION,B29.1_P13,19,0,0.0,31.14,29.1
All,TRB,N1-REGION,B29.1_P13,20,1,0.22779043280182232,31.14,29.1
All,TRB,N1-REGION,B29.1_P13,21,0,0.0,31.14,29.1
All,TRB,N1-REGION,B29.1_P13,22,0,0.0,31.14,29.1
All,TRB,N1-REGION,B29.1_P13,23,0,0.0,31.14,29.1
All,TRB,N1-REGION,B29.1_P13,25,0,0.0,31.14,29.1
All,TRB,N1-REGION,B29.1_P13,26,0,0.0,31.14,29.1
All,TRB,N1-REGION,B31.3_P15,1,165,16.385302879841113,33.29,31.3
All,TRB,N1-REGION,B31.3_P15,2,195,19.36444885799404,33.29,31.3
All,TRB,N1-REGION,B31.3_P15,3,182,18.073485600794438,33.29,31.3
All,TRB,N1-REGION,B31.3_P15,4,157,15.590863952333663,33.29,31.3
All,TRB,N1-REGION,B31.3_P15,5,92,9.136047666335651,33.29,31.3
All,TRB,N1-REGION,B31.3_P15,6,64,6.355511420059583,33.29,31.3
All,TRB,N1-REGION,B31.3_P15,7,44,4.369414101290963,33.29,31.3
All,TRB,N1-REGION,B31.3_P15,8,40,3.9721946375372394,33.29,31.3
All,TRB,N1-REGION,B31.3_P15,9,16,1.5888778550148956,33.29,31.3
All,TRB,N1-REGION,B31.3_P15,10,13,1.2909632571996028,33.29,31.3
All,TRB,N1-REGION,B31.3_P15,11,10,0.9930486593843099,33.29,31.3
All,TRB,N1-REGION,B31.3_P15,12,13,1.2909632571996028,33.29,31.3
All,TRB,N1-REGION,B31.3_P15,13,3,0.29791459781529295,33.29,31.3
All,TRB,N1-REGION,B31.3_P15,14,4,0.3972194637537239,33.29,31.3
All,TRB,N1-REGION,B31.3_P15,15,2,0.19860973187686196,33.29,31.3
All,TRB,N1-REGION,B31.3_P15,16,3,0.29791459781529295,33.29,31.3
All,TRB,N1-REGION,B31.3_P15,17,3,0.29791459781529295,33.29,31.3
All,TRB,N1-REGION,B31.3_P15,18,0,0.0,33.29,31.3
All,TRB,N1-REGION,B31.3_P15,19,0,0.0,33.29,31.3
All,TRB,N1-REGION,B31.3_P15,20,0,0.0,33.29,31.3
All,TRB,N1-REGION,B31.3_P15,21,1,0.09930486593843098,33.29,31.3
All,TRB,N1-REGION,B31.3_P15,22,0,0.0,33.29,31.3
All,TRB,N1-REGION,B31.3_P15,23,0,0.0,33.29,31.3
All,TRB,N1-REGION,B31.3_P15,25,0,0.0,33.29,31.3
All,TRB,N1-REGION,B31.3_P15,26,0,0.0,33.29,31.3
All,TRB,N1-REGION,B32.4_P16,1,127,18.814814814814813,34.43,32.4
All,TRB,N1-REGION,B32.4_P16,2,139,20.59259259259259,34.43,32.4
All,TRB,N1-REGION,B32.4_P16,3,115,17.037037037037038,34.43,32.4
All,TRB,N1-REGION,B32.4_P16,4,86,12.74074074074074,34.43,32.4
All,TRB,N1-REGION,B32.4_P16,5,60,8.88888888888889,34.43,32.4
All,TRB,N1-REGION,B32.4_P16,6,44,6.518518518518518,34.43,32.4
All,TRB,N1-REGION,B32.4_P16,7,30,4.444444444444445,34.43,32.4
All,TRB,N1-REGION,B32.4_P16,8,20,2.9629629629629632,34.43,32.4
All,TRB,N1-REGION,B32.4_P16,9,22,3.259259259259259,34.43,32.4
All,TRB,N1-REGION,B32.4_P16,10,16,2.3703703703703702,34.43,32.4
All,TRB,N1-REGION,B32.4_P16,11,4,0.5925925925925926,34.43,32.4
All,TRB,N1-REGION,B32.4_P16,12,5,0.7407407407407408,34.43,32.4
All,TRB,N1-REGION,B32.4_P16,13,3,0.4444444444444444,34.43,32.4
All,TRB,N1-REGION,B32.4_P16,14,1,0.14814814814814814,34.43,32.4
All,TRB,N1-REGION,B32.4_P16,15,2,0.2962962962962963,34.43,32.4
All,TRB,N1-REGION,B32.4_P16,16,0,0.0,34.43,32.4
All,TRB,N1-REGION,B32.4_P16,17,0,0.0,34.43,32.4
All,TRB,N1-REGION,B32.4_P16,18,0,0.0,34.43,32.4
All,TRB,N1-REGION,B32.4_P16,19,0,0.0,34.43,32.4
All,TRB,N1-REGION,B32.4_P16,20,1,0.14814814814814814,34.43,32.4
All,TRB,N1-REGION,B32.4_P16,21,0,0.0,34.43,32.4
All,TRB,N1-REGION,B32.4_P16,22,0,0.0,34.43,32.4
All,TRB,N1-REGION,B32.4_P16,23,0,0.0,34.43,32.4
All,TRB,N1-REGION,B32.4_P16,25,0,0.0,34.43,32.4
All,TRB,N1-REGION,B32.4_P16,26,0,0.0,34.43,32.4
All,TRB,N1-REGION,B33.3_P17,1,416,16.620055932880543,35.29,33.3
All,TRB,N1-REGION,B33.3_P17,2,453,18.09828206152617,35.29,33.3
All,TRB,N1-REGION,B33.3_P17,3,427,17.059528565721134,35.29,33.3
All,TRB,N1-REGION,B33.3_P17,4,332,13.264083100279663,35.29,33.3
All,TRB,N1-REGION,B33.3_P17,5,241,9.628445864962046,35.29,33.3
All,TRB,N1-REGION,B33.3_P17,6,166,6.6320415501398315,35.29,33.3
All,TRB,N1-REGION,B33.3_P17,7,140,5.593288054334798,35.29,33.3
All,TRB,N1-REGION,B33.3_P17,8,97,3.8753495805033964,35.29,33.3
All,TRB,N1-REGION,B33.3_P17,9,70,2.796644027167399,35.29,33.3
All,TRB,N1-REGION,B33.3_P17,10,56,2.2373152217339194,35.29,33.3
All,TRB,N1-REGION,B33.3_P17,11,38,1.5181781861765882,35.29,33.3
All,TRB,N1-REGION,B33.3_P17,12,31,1.238513783459848,35.29,33.3
All,TRB,N1-REGION,B33.3_P17,13,10,0.3995205753096284,35.29,33.3
All,TRB,N1-REGION,B33.3_P17,14,11,0.43947263284059124,35.29,33.3
All,TRB,N1-REGION,B33.3_P17,15,7,0.2796644027167399,35.29,33.3
All,TRB,N1-REGION,B33.3_P17,16,3,0.11985617259288853,35.29,33.3
All,TRB,N1-REGION,B33.3_P17,17,0,0.0,35.29,33.3
All,TRB,N1-REGION,B33.3_P17,18,3,0.11985617259288853,35.29,33.3
All,TRB,N1-REGION,B33.3_P17,19,1,0.03995205753096284,35.29,33.3
All,TRB,N1-REGION,B33.3_P17,20,0,0.0,35.29,33.3
All,TRB,N1-REGION,B33.3_P17,21,0,0.0,35.29,33.3
All,TRB,N1-REGION,B33.3_P17,22,0,0.0,35.29,33.3
All,TRB,N1-REGION,B33.3_P17,23,1,0.03995205753096284,35.29,33.3
All,TRB,N1-REGION,B33.3_P17,25,0,0.0,35.29,33.3
All,TRB,N1-REGION,B33.3_P17,26,0,0.0,35.29,33.3
All,TRB,N1-REGION,B34.1_P18,1,91,18.127490039840637,36.14,34.1
All,TRB,N1-REGION,B34.1_P18,2,101,20.119521912350596,36.14,34.1
All,TRB,N1-REGION,B34.1_P18,3,79,15.737051792828685,36.14,34.1
All,TRB,N1-REGION,B34.1_P18,4,69,13.745019920318724,36.14,34.1
All,TRB,N1-REGION,B34.1_P18,5,52,10.358565737051793,36.14,34.1
All,TRB,N1-REGION,B34.1_P18,6,29,5.776892430278884,36.14,34.1
All,TRB,N1-REGION,B34.1_P18,7,26,5.179282868525896,36.14,34.1
All,TRB,N1-REGION,B34.1_P18,8,20,3.9840637450199203,36.14,34.1
All,TRB,N1-REGION,B34.1_P18,9,9,1.7928286852589643,36.14,34.1
All,TRB,N1-REGION,B34.1_P18,10,6,1.1952191235059761,36.14,34.1
All,TRB,N1-REGION,B34.1_P18,11,7,1.394422310756972,36.14,34.1
All,TRB,N1-REGION,B34.1_P18,12,3,0.5976095617529881,36.14,34.1
All,TRB,N1-REGION,B34.1_P18,13,5,0.9960159362549801,36.14,34.1
All,TRB,N1-REGION,B34.1_P18,14,1,0.199203187250996,36.14,34.1
All,TRB,N1-REGION,B34.1_P18,15,2,0.398406374501992,36.14,34.1
All,TRB,N1-REGION,B34.1_P18,16,2,0.398406374501992,36.14,34.1
All,TRB,N1-REGION,B34.1_P18,17,0,0.0,36.14,34.1
All,TRB,N1-REGION,B34.1_P18,18,0,0.0,36.14,34.1
All,TRB,N1-REGION,B34.1_P18,19,0,0.0,36.14,34.1
All,TRB,N1-REGION,B34.1_P18,20,0,0.0,36.14,34.1
All,TRB,N1-REGION,B34.1_P18,21,0,0.0,36.14,34.1
All,TRB,N1-REGION,B34.1_P18,22,0,0.0,36.14,34.1
All,TRB,N1-REGION,B34.1_P18,23,0,0.0,36.14,34.1
All,TRB,N1-REGION,B34.1_P18,25,0,0.0,36.14,34.1
All,TRB,N1-REGION,B34.1_P18,26,0,0.0,36.14,34.1
All,TRB,N1-REGION,B36.1_P19,1,177,15.567282321899736,38.14,36.1
All,TRB,N1-REGION,B36.1_P19,2,181,15.919085312225153,38.14,36.1
All,TRB,N1-REGION,B36.1_P19,3,188,16.534740545294635,38.14,36.1
All,TRB,N1-REGION,B36.1_P19,4,170,14.951627088830255,38.14,36.1
All,TRB,N1-REGION,B36.1_P19,5,115,10.11433597185576,38.14,36.1
All,TRB,N1-REGION,B36.1_P19,6,94,8.267370272647318,38.14,36.1
All,TRB,N1-REGION,B36.1_P19,7,58,5.101143359718558,38.14,36.1
All,TRB,N1-REGION,B36.1_P19,8,44,3.8698328935795954,38.14,36.1
All,TRB,N1-REGION,B36.1_P19,9,30,2.638522427440633,38.14,36.1
All,TRB,N1-REGION,B36.1_P19,10,27,2.3746701846965697,38.14,36.1
All,TRB,N1-REGION,B36.1_P19,11,23,2.0228671943711523,38.14,36.1
All,TRB,N1-REGION,B36.1_P19,12,12,1.0554089709762533,38.14,36.1
All,TRB,N1-REGION,B36.1_P19,13,5,0.43975373790677225,38.14,36.1
All,TRB,N1-REGION,B36.1_P19,14,7,0.6156552330694811,38.14,36.1
All,TRB,N1-REGION,B36.1_P19,15,0,0.0,38.14,36.1
All,TRB,N1-REGION,B36.1_P19,16,1,0.08795074758135445,38.14,36.1
All,TRB,N1-REGION,B36.1_P19,17,0,0.0,38.14,36.1
All,TRB,N1-REGION,B36.1_P19,18,3,0.2638522427440633,38.14,36.1
All,TRB,N1-REGION,B36.1_P19,19,0,0.0,38.14,36.1
All,TRB,N1-REGION,B36.1_P19,20,1,0.08795074758135445,38.14,36.1
All,TRB,N1-REGION,B36.1_P19,21,0,0.0,38.14,36.1
All,TRB,N1-REGION,B36.1_P19,22,1,0.08795074758135445,38.14,36.1
All,TRB,N1-REGION,B36.1_P19,23,0,0.0,38.14,36.1
All,TRB,N1-REGION,B36.1_P19,25,0,0.0,38.14,36.1
All,TRB,N1-REGION,B36.1_P19,26,0,0.0,38.14,36.1
All,TRB,N1-REGION,B37.9_P20,1,475,14.792899408284024,39.86,37.9
All,TRB,N1-REGION,B37.9_P20,2,513,15.976331360946746,39.86,37.9
All,TRB,N1-REGION,B37.9_P20,3,510,15.882902522578634,39.86,37.9
All,TRB,N1-REGION,B37.9_P20,4,437,13.609467455621301,39.86,37.9
All,TRB,N1-REGION,B37.9_P20,5,337,10.49517284335098,39.86,37.9
All,TRB,N1-REGION,B37.9_P20,6,264,8.221737776393647,39.86,37.9
All,TRB,N1-REGION,B37.9_P20,7,193,6.010588601681719,39.86,37.9
All,TRB,N1-REGION,B37.9_P20,8,149,4.640298972282778,39.86,37.9
All,TRB,N1-REGION,B37.9_P20,9,102,3.1765805045157274,39.86,37.9
All,TRB,N1-REGION,B37.9_P20,10,68,2.117720336343818,39.86,37.9
All,TRB,N1-REGION,B37.9_P20,11,61,1.8997197134848955,39.86,37.9
All,TRB,N1-REGION,B37.9_P20,12,34,1.058860168171909,39.86,37.9
All,TRB,N1-REGION,B37.9_P20,13,26,0.8097165991902834,39.86,37.9
All,TRB,N1-REGION,B37.9_P20,14,18,0.5605730302086578,39.86,37.9
All,TRB,N1-REGION,B37.9_P20,15,9,0.2802865151043289,39.86,37.9
All,TRB,N1-REGION,B37.9_P20,16,5,0.15571473061351604,39.86,37.9
All,TRB,N1-REGION,B37.9_P20,17,1,0.03114294612270321,39.86,37.9
All,TRB,N1-REGION,B37.9_P20,18,3,0.09342883836810963,39.86,37.9
All,TRB,N1-REGION,B37.9_P20,19,2,0.06228589224540642,39.86,37.9
All,TRB,N1-REGION,B37.9_P20,20,2,0.06228589224540642,39.86,37.9
All,TRB,N1-REGION,B37.9_P20,21,1,0.03114294612270321,39.86,37.9
All,TRB,N1-REGION,B37.9_P20,22,1,0.03114294612270321,39.86,37.9
All,TRB,N1-REGION,B37.9_P20,23,0,0.0,39.86,37.9
All,TRB,N1-REGION,B37.9_P20,25,0,0.0,39.86,37.9
All,TRB,N1-REGION,B37.9_P20,26,0,0.0,39.86,37.9
All,TRB,N1-REGION,B38.1_P21,1,233,16.248256624825665,40.14,38.1
All,TRB,N1-REGION,B38.1_P21,2,264,18.410041841004183,40.14,38.1
All,TRB,N1-REGION,B38.1_P21,3,224,15.620641562064156,40.14,38.1
All,TRB,N1-REGION,B38.1_P21,4,206,14.365411436541143,40.14,38.1
All,TRB,N1-REGION,B38.1_P21,5,126,8.786610878661087,40.14,38.1
All,TRB,N1-REGION,B38.1_P21,6,106,7.391910739191074,40.14,38.1
All,TRB,N1-REGION,B38.1_P21,7,85,5.92747559274756,40.14,38.1
All,TRB,N1-REGION,B38.1_P21,8,57,3.9748953974895396,40.14,38.1
All,TRB,N1-REGION,B38.1_P21,9,36,2.510460251046025,40.14,38.1
All,TRB,N1-REGION,B38.1_P21,10,19,1.3249651324965133,40.14,38.1
All,TRB,N1-REGION,B38.1_P21,11,23,1.6039051603905161,40.14,38.1
All,TRB,N1-REGION,B38.1_P21,12,17,1.1854951185495117,40.14,38.1
All,TRB,N1-REGION,B38.1_P21,13,9,0.6276150627615062,40.14,38.1
All,TRB,N1-REGION,B38.1_P21,14,6,0.41841004184100417,40.14,38.1
All,TRB,N1-REGION,B38.1_P21,15,7,0.4881450488145049,40.14,38.1
All,TRB,N1-REGION,B38.1_P21,16,7,0.4881450488145049,40.14,38.1
All,TRB,N1-REGION,B38.1_P21,17,2,0.1394700139470014,40.14,38.1
All,TRB,N1-REGION,B38.1_P21,18,3,0.20920502092050208,40.14,38.1
All,TRB,N1-REGION,B38.1_P21,19,1,0.0697350069735007,40.14,38.1
All,TRB,N1-REGION,B38.1_P21,20,2,0.1394700139470014,40.14,38.1
All,TRB,N1-REGION,B38.1_P21,21,1,0.0697350069735007,40.14,38.1
All,TRB,N1-REGION,B38.1_P21,22,0,0.0,40.14,38.1
All,TRB,N1-REGION,B38.1_P21,23,0,0.0,40.14,38.1
All,TRB,N1-REGION,B38.1_P21,25,0,0.0,40.14,38.1
All,TRB,N1-REGION,B38.1_P21,26,0,0.0,40.14,38.1
All,TRB,N1-REGION,B39.1_P22,1,361,15.32258064516129,41.14,39.1
All,TRB,N1-REGION,B39.1_P22,2,397,16.850594227504246,41.14,39.1
All,TRB,N1-REGION,B39.1_P22,3,399,16.93548387096774,41.14,39.1
All,TRB,N1-REGION,B39.1_P22,4,344,14.60101867572156,41.14,39.1
All,TRB,N1-REGION,B39.1_P22,5,231,9.804753820033955,41.14,39.1
All,TRB,N1-REGION,B39.1_P22,6,180,7.6400679117147705,41.14,39.1
All,TRB,N1-REGION,B39.1_P22,7,131,5.560271646859083,41.14,39.1
All,TRB,N1-REGION,B39.1_P22,8,99,4.202037351443124,41.14,39.1
All,TRB,N1-REGION,B39.1_P22,9,69,2.928692699490662,41.14,39.1
All,TRB,N1-REGION,B39.1_P22,10,44,1.8675721561969438,41.14,39.1
All,TRB,N1-REGION,B39.1_P22,11,32,1.3582342954159592,41.14,39.1
All,TRB,N1-REGION,B39.1_P22,12,17,0.7215619694397283,41.14,39.1
All,TRB,N1-REGION,B39.1_P22,13,20,0.8488964346349746,41.14,39.1
All,TRB,N1-REGION,B39.1_P22,14,12,0.5093378607809848,41.14,39.1
All,TRB,N1-REGION,B39.1_P22,15,6,0.2546689303904924,41.14,39.1
All,TRB,N1-REGION,B39.1_P22,16,6,0.2546689303904924,41.14,39.1
All,TRB,N1-REGION,B39.1_P22,17,2,0.08488964346349745,41.14,39.1
All,TRB,N1-REGION,B39.1_P22,18,1,0.042444821731748725,41.14,39.1
All,TRB,N1-REGION,B39.1_P22,19,0,0.0,41.14,39.1
All,TRB,N1-REGION,B39.1_P22,20,3,0.1273344651952462,41.14,39.1
All,TRB,N1-REGION,B39.1_P22,21,1,0.042444821731748725,41.14,39.1
All,TRB,N1-REGION,B39.1_P22,22,1,0.042444821731748725,41.14,39.1
All,TRB,N1-REGION,B39.1_P22,23,0,0.0,41.14,39.1
All,TRB,N1-REGION,B39.1_P22,25,0,0.0,41.14,39.1
All,TRB,N1-REGION,B39.1_P22,26,0,0.0,41.14,39.1
