MainID,Last_cell_type_num,count,denominator,Last_cell_type,Body,Post_Conception_Age_Weeks,Donor,Organ,proportion,percentage,source_row_count,residual_alias_rows,DisplayType,ColorKey
B11.6_P24,1_HSC_MPP,655,6919,HSC_MPP,B,11.6,24,PBMC,0.09466685937274172,9.466685937274171,235494,0,HSC/MPP,1_HSC_MPP
B11.6_P24,2_MEP,829,6919,MEP,B,11.6,24,PBMC,0.11981500216794334,11.981500216794334,235494,0,MEP,2_MEP
B11.6_P24,3_MEMP,652,6919,MEMP,B,11.6,24,PBMC,0.09423327070385894,9.423327070385891,235494,0,MEMP,3_MEMP
B11.6_P24,4_Pro-B,54,6919,Pro-B,B,11.6,24,PBMC,0.00780459603989015,0.7804596039890157,235494,0,Pro-B,4_Pro-B
B11.6_P24,7_CXCR5- Naïve B,332,6919,CXCR5- Naïve B,B,11.6,24,PBMC,0.04798381268969504,4.7983812689695045,235494,0,CXCR5- Naïve B,7_CXCR5- Naïve B
B11.6_P24,12_Treg,247,6919,Treg,B,11.6,24,PBMC,0.03569880040468275,3.5698800404682753,235494,0,Treg,12_Treg
B11.6_P24,20_Gamma Delta V1 T,0,6919,Gamma Delta V1 T,B,11.6,24,PBMC,0,0,235494,0,Vδ1,20_Gamma Delta V1 T
B11.6_P24,21_Gamma Delta V2 T,114,6919,Gamma Delta V2 T,B,11.6,24,PBMC,0.01647636941754588,1.6476369417545889,235494,0,Vδ2,21_Gamma Delta V2 T
B11.6_P24,28_Classical Monocytes,745,6919,Classical Monocytes,B,11.6,24,PBMC,0.10767451943922532,10.767451943922532,235494,0,Classical Monocytes,28_Classical Monocytes
B12.0_P2,1_HSC_MPP,14,24,HSC_MPP,B,12,2,PBMC,0.5833333333333334,58.333333333333336,235494,0,HSC/MPP,1_HSC_MPP
B12.0_P2,2_MEP,1,24,MEP,B,12,2,PBMC,0.04166666666666666,4.166666666666666,235494,0,MEP,2_MEP
B12.0_P2,3_MEMP,1,24,MEMP,B,12,2,PBMC,0.04166666666666666,4.166666666666666,235494,0,MEMP,3_MEMP
B12.0_P2,4_Pro-B,1,24,Pro-B,B,12,2,PBMC,0.04166666666666666,4.166666666666666,235494,0,Pro-B,4_Pro-B
B12.0_P2,7_CXCR5- Naïve B,0,24,CXCR5- Naïve B,B,12,2,PBMC,0,0,235494,0,CXCR5- Naïve B,7_CXCR5- Naïve B
B12.0_P2,12_Treg,0,24,Treg,B,12,2,PBMC,0,0,235494,0,Treg,12_Treg
B12.0_P2,20_Gamma Delta V1 T,0,24,Gamma Delta V1 T,B,12,2,PBMC,0,0,235494,0,Vδ1,20_Gamma Delta V1 T
B12.0_P2,21_Gamma Delta V2 T,0,24,Gamma Delta V2 T,B,12,2,PBMC,0,0,235494,0,Vδ2,21_Gamma Delta V2 T
B12.0_P2,28_Classical Monocytes,1,24,Classical Monocytes,B,12,2,PBMC,0.04166666666666666,4.166666666666666,235494,0,Classical Monocytes,28_Classical Monocytes
B17.4_P3,1_HSC_MPP,10,343,HSC_MPP,B,17.4,3,PBMC,0.02915451895043731,2.9154518950437316,235494,0,HSC/MPP,1_HSC_MPP
B17.4_P3,2_MEP,5,343,MEP,B,17.4,3,PBMC,0.01457725947521865,1.4577259475218658,235494,0,MEP,2_MEP
B17.4_P3,3_MEMP,1,343,MEMP,B,17.4,3,PBMC,0.00291545189504373,0.2915451895043732,235494,0,MEMP,3_MEMP
B17.4_P3,4_Pro-B,1,343,Pro-B,B,17.4,3,PBMC,0.00291545189504373,0.2915451895043732,235494,0,Pro-B,4_Pro-B
B17.4_P3,7_CXCR5- Naïve B,21,343,CXCR5- Naïve B,B,17.4,3,PBMC,0.06122448979591836,6.122448979591836,235494,0,CXCR5- Naïve B,7_CXCR5- Naïve B
B17.4_P3,12_Treg,34,343,Treg,B,17.4,3,PBMC,0.09912536443148688,9.912536443148689,235494,0,Treg,12_Treg
B17.4_P3,20_Gamma Delta V1 T,0,343,Gamma Delta V1 T,B,17.4,3,PBMC,0,0,235494,0,Vδ1,20_Gamma Delta V1 T
B17.4_P3,21_Gamma Delta V2 T,10,343,Gamma Delta V2 T,B,17.4,3,PBMC,0.02915451895043731,2.9154518950437316,235494,0,Vδ2,21_Gamma Delta V2 T
B17.4_P3,28_Classical Monocytes,22,343,Classical Monocytes,B,17.4,3,PBMC,0.0641399416909621,6.41399416909621,235494,0,Classical Monocytes,28_Classical Monocytes
B18.0_P4,1_HSC_MPP,98,8030,HSC_MPP,B,18,4,PBMC,0.01220423412204234,1.220423412204234,235494,0,HSC/MPP,1_HSC_MPP
B18.0_P4,2_MEP,10,8030,MEP,B,18,4,PBMC,0.0012453300124533,0.12453300124533,235494,0,MEP,2_MEP
B18.0_P4,3_MEMP,36,8030,MEMP,B,18,4,PBMC,0.00448318804483188,0.44831880448318806,235494,0,MEMP,3_MEMP
B18.0_P4,4_Pro-B,0,8030,Pro-B,B,18,4,PBMC,0,0,235494,0,Pro-B,4_Pro-B
B18.0_P4,7_CXCR5- Naïve B,331,8030,CXCR5- Naïve B,B,18,4,PBMC,0.04122042341220423,4.122042341220424,235494,0,CXCR5- Naïve B,7_CXCR5- Naïve B
B18.0_P4,12_Treg,438,8030,Treg,B,18,4,PBMC,0.05454545454545454,5.454545454545454,235494,0,Treg,12_Treg
B18.0_P4,20_Gamma Delta V1 T,4,8030,Gamma Delta V1 T,B,18,4,PBMC,4.9813200498132e-4,0.049813200498132,235494,0,Vδ1,20_Gamma Delta V1 T
B18.0_P4,21_Gamma Delta V2 T,112,8030,Gamma Delta V2 T,B,18,4,PBMC,0.01394769613947696,1.3947696139476962,235494,0,Vδ2,21_Gamma Delta V2 T
B18.0_P4,28_Classical Monocytes,766,8030,Classical Monocytes,B,18,4,PBMC,0.0953922789539228,9.539227895392278,235494,0,Classical Monocytes,28_Classical Monocytes
B18.6_P5,1_HSC_MPP,175,7818,HSC_MPP,B,18.6,5,PBMC,0.02238424149398823,2.2384241493988233,235494,0,HSC/MPP,1_HSC_MPP
B18.6_P5,2_MEP,8,7818,MEP,B,18.6,5,PBMC,0.00102327961115374,0.1023279611153748,235494,0,MEP,2_MEP
B18.6_P5,3_MEMP,114,7818,MEMP,B,18.6,5,PBMC,0.0145817344589409,1.4581734458940905,235494,0,MEMP,3_MEMP
B18.6_P5,4_Pro-B,22,7818,Pro-B,B,18.6,5,PBMC,0.0028140189306728,0.28140189306728064,235494,0,Pro-B,4_Pro-B
B18.6_P5,7_CXCR5- Naïve B,971,7818,CXCR5- Naïve B,B,18.6,5,PBMC,0.12420056280378614,12.420056280378612,235494,0,CXCR5- Naïve B,7_CXCR5- Naïve B
B18.6_P5,12_Treg,202,7818,Treg,B,18.6,5,PBMC,0.02583781018163213,2.5837810181632133,235494,0,Treg,12_Treg
B18.6_P5,20_Gamma Delta V1 T,6,7818,Gamma Delta V1 T,B,18.6,5,PBMC,7.6745970836531e-4,0.07674597083653108,235494,0,Vδ1,20_Gamma Delta V1 T
B18.6_P5,21_Gamma Delta V2 T,123,7818,Gamma Delta V2 T,B,18.6,5,PBMC,0.01573292402148887,1.5732924021488872,235494,0,Vδ2,21_Gamma Delta V2 T
B18.6_P5,28_Classical Monocytes,741,7818,Classical Monocytes,B,18.6,5,PBMC,0.09478127398311588,9.478127398311589,235494,0,Classical Monocytes,28_Classical Monocytes
B20.9_P7,1_HSC_MPP,36,4216,HSC_MPP,B,20.9,7,PBMC,0.00853889943074003,0.8538899430740038,235494,0,HSC/MPP,1_HSC_MPP
B20.9_P7,2_MEP,3,4216,MEP,B,20.9,7,PBMC,7.1157495256166e-4,0.07115749525616698,235494,0,MEP,2_MEP
B20.9_P7,3_MEMP,22,4216,MEMP,B,20.9,7,PBMC,0.00521821631878557,0.5218216318785579,235494,0,MEMP,3_MEMP
B20.9_P7,4_Pro-B,1,4216,Pro-B,B,20.9,7,PBMC,2.3719165085388e-4,0.02371916508538899,235494,0,Pro-B,4_Pro-B
B20.9_P7,7_CXCR5- Naïve B,232,4216,CXCR5- Naïve B,B,20.9,7,PBMC,0.05502846299810247,5.502846299810247,235494,0,CXCR5- Naïve B,7_CXCR5- Naïve B
B20.9_P7,12_Treg,134,4216,Treg,B,20.9,7,PBMC,0.03178368121442125,3.178368121442125,235494,0,Treg,12_Treg
B20.9_P7,20_Gamma Delta V1 T,5,4216,Gamma Delta V1 T,B,20.9,7,PBMC,0.00118595825426944,0.11859582542694495,235494,0,Vδ1,20_Gamma Delta V1 T
B20.9_P7,21_Gamma Delta V2 T,84,4216,Gamma Delta V2 T,B,20.9,7,PBMC,0.01992409867172675,1.9924098671726755,235494,0,Vδ2,21_Gamma Delta V2 T
B20.9_P7,28_Classical Monocytes,153,4216,Classical Monocytes,B,20.9,7,PBMC,0.03629032258064516,3.629032258064517,235494,0,Classical Monocytes,28_Classical Monocytes
B21.7_P8,1_HSC_MPP,247,4968,HSC_MPP,B,21.7,8,PBMC,0.04971819645732689,4.971819645732689,235494,0,HSC/MPP,1_HSC_MPP
B21.7_P8,2_MEP,20,4968,MEP,B,21.7,8,PBMC,0.00402576489533011,0.4025764895330112,235494,0,MEP,2_MEP
B21.7_P8,3_MEMP,209,4968,MEMP,B,21.7,8,PBMC,0.04206924315619968,4.206924315619967,235494,0,MEMP,3_MEMP
B21.7_P8,4_Pro-B,1,4968,Pro-B,B,21.7,8,PBMC,2.012882447665e-4,0.02012882447665056,235494,0,Pro-B,4_Pro-B
B21.7_P8,7_CXCR5- Naïve B,130,4968,CXCR5- Naïve B,B,21.7,8,PBMC,0.02616747181964573,2.6167471819645733,235494,0,CXCR5- Naïve B,7_CXCR5- Naïve B
B21.7_P8,12_Treg,30,4968,Treg,B,21.7,8,PBMC,0.00603864734299516,0.6038647342995169,235494,0,Treg,12_Treg
B21.7_P8,20_Gamma Delta V1 T,3,4968,Gamma Delta V1 T,B,21.7,8,PBMC,6.0386473429951e-4,0.06038647342995169,235494,0,Vδ1,20_Gamma Delta V1 T
B21.7_P8,21_Gamma Delta V2 T,17,4968,Gamma Delta V2 T,B,21.7,8,PBMC,0.00342190016103059,0.3421900161030596,235494,0,Vδ2,21_Gamma Delta V2 T
B21.7_P8,28_Classical Monocytes,2100,4968,Classical Monocytes,B,21.7,8,PBMC,0.4227053140096618,42.270531400966185,235494,0,Classical Monocytes,28_Classical Monocytes
B22.4_P23,1_HSC_MPP,180,7371,HSC_MPP,B,22.4,23,PBMC,0.02442002442002442,2.442002442002442,235494,0,HSC/MPP,1_HSC_MPP
B22.4_P23,2_MEP,5,7371,MEP,B,22.4,23,PBMC,6.7833401166734e-4,0.0678334011667345,235494,0,MEP,2_MEP
B22.4_P23,3_MEMP,108,7371,MEMP,B,22.4,23,PBMC,0.01465201465201465,1.465201465201465,235494,0,MEMP,3_MEMP
B22.4_P23,4_Pro-B,2,7371,Pro-B,B,22.4,23,PBMC,2.7133360466693e-4,0.0271333604666938,235494,0,Pro-B,4_Pro-B
B22.4_P23,7_CXCR5- Naïve B,256,7371,CXCR5- Naïve B,B,22.4,23,PBMC,0.03473070139736806,3.4730701397368064,235494,0,CXCR5- Naïve B,7_CXCR5- Naïve B
B22.4_P23,12_Treg,557,7371,Treg,B,22.4,23,PBMC,0.07556640889974223,7.556640889974223,235494,0,Treg,12_Treg
B22.4_P23,20_Gamma Delta V1 T,3,7371,Gamma Delta V1 T,B,22.4,23,PBMC,4.070004070004e-4,0.0407000407000407,235494,0,Vδ1,20_Gamma Delta V1 T
B22.4_P23,21_Gamma Delta V2 T,72,7371,Gamma Delta V2 T,B,22.4,23,PBMC,0.00976800976800976,0.9768009768009768,235494,0,Vδ2,21_Gamma Delta V2 T
B22.4_P23,28_Classical Monocytes,767,7371,Classical Monocytes,B,22.4,23,PBMC,0.10405643738977072,10.405643738977073,235494,0,Classical Monocytes,28_Classical Monocytes
B22.4_P9,1_HSC_MPP,31,4752,HSC_MPP,B,22.4,9,PBMC,0.00652356902356902,0.6523569023569024,235494,0,HSC/MPP,1_HSC_MPP
B22.4_P9,2_MEP,1,4752,MEP,B,22.4,9,PBMC,2.1043771043771e-4,0.02104377104377104,235494,0,MEP,2_MEP
B22.4_P9,3_MEMP,4,4752,MEMP,B,22.4,9,PBMC,8.4175084175084e-4,0.08417508417508417,235494,0,MEMP,3_MEMP
B22.4_P9,4_Pro-B,0,4752,Pro-B,B,22.4,9,PBMC,0,0,235494,0,Pro-B,4_Pro-B
B22.4_P9,7_CXCR5- Naïve B,108,4752,CXCR5- Naïve B,B,22.4,9,PBMC,0.02272727272727272,2.272727272727273,235494,0,CXCR5- Naïve B,7_CXCR5- Naïve B
B22.4_P9,12_Treg,320,4752,Treg,B,22.4,9,PBMC,0.06734006734006734,6.7340067340067336,235494,0,Treg,12_Treg
B22.4_P9,20_Gamma Delta V1 T,10,4752,Gamma Delta V1 T,B,22.4,9,PBMC,0.0021043771043771,0.2104377104377104,235494,0,Vδ1,20_Gamma Delta V1 T
B22.4_P9,21_Gamma Delta V2 T,79,4752,Gamma Delta V2 T,B,22.4,9,PBMC,0.01662457912457912,1.6624579124579126,235494,0,Vδ2,21_Gamma Delta V2 T
B22.4_P9,28_Classical Monocytes,226,4752,Classical Monocytes,B,22.4,9,PBMC,0.04755892255892256,4.755892255892256,235494,0,Classical Monocytes,28_Classical Monocytes
B23.4_P10,1_HSC_MPP,88,8358,HSC_MPP,B,23.4,10,PBMC,0.01052883464943766,1.0528834649437664,235494,0,HSC/MPP,1_HSC_MPP
B23.4_P10,2_MEP,4,8358,MEP,B,23.4,10,PBMC,4.7858339315625e-4,0.04785833931562575,235494,0,MEP,2_MEP
B23.4_P10,3_MEMP,38,8358,MEMP,B,23.4,10,PBMC,0.00454654223498444,0.4546542234984446,235494,0,MEMP,3_MEMP
B23.4_P10,4_Pro-B,2,8358,Pro-B,B,23.4,10,PBMC,2.3929169657812e-4,0.02392916965781287,235494,0,Pro-B,4_Pro-B
B23.4_P10,7_CXCR5- Naïve B,307,8358,CXCR5- Naïve B,B,23.4,10,PBMC,0.03673127542474276,3.673127542474276,235494,0,CXCR5- Naïve B,7_CXCR5- Naïve B
B23.4_P10,12_Treg,363,8358,Treg,B,23.4,10,PBMC,0.04343144292893036,4.343144292893037,235494,0,Treg,12_Treg
B23.4_P10,20_Gamma Delta V1 T,7,8358,Gamma Delta V1 T,B,23.4,10,PBMC,8.3752093802345e-4,0.08375209380234507,235494,0,Vδ1,20_Gamma Delta V1 T
B23.4_P10,21_Gamma Delta V2 T,138,8358,Gamma Delta V2 T,B,23.4,10,PBMC,0.01651112706389088,1.6511127063890882,235494,0,Vδ2,21_Gamma Delta V2 T
B23.4_P10,28_Classical Monocytes,671,8358,Classical Monocytes,B,23.4,10,PBMC,0.08028236420196219,8.028236420196219,235494,0,Classical Monocytes,28_Classical Monocytes
B24.6_P11,1_HSC_MPP,327,3304,HSC_MPP,B,24.6,11,PBMC,0.09897094430992737,9.897094430992738,235494,0,HSC/MPP,1_HSC_MPP
B24.6_P11,2_MEP,27,3304,MEP,B,24.6,11,PBMC,0.00817191283292978,0.8171912832929782,235494,0,MEP,2_MEP
B24.6_P11,3_MEMP,148,3304,MEMP,B,24.6,11,PBMC,0.04479418886198547,4.479418886198547,235494,0,MEMP,3_MEMP
B24.6_P11,4_Pro-B,45,3304,Pro-B,B,24.6,11,PBMC,0.01361985472154963,1.3619854721549636,235494,0,Pro-B,4_Pro-B
B24.6_P11,7_CXCR5- Naïve B,293,3304,CXCR5- Naïve B,B,24.6,11,PBMC,0.08868038740920096,8.868038740920097,235494,0,CXCR5- Naïve B,7_CXCR5- Naïve B
B24.6_P11,12_Treg,41,3304,Treg,B,24.6,11,PBMC,0.012409200968523,1.2409200968523002,235494,0,Treg,12_Treg
B24.6_P11,20_Gamma Delta V1 T,0,3304,Gamma Delta V1 T,B,24.6,11,PBMC,0,0,235494,0,Vδ1,20_Gamma Delta V1 T
B24.6_P11,21_Gamma Delta V2 T,17,3304,Gamma Delta V2 T,B,24.6,11,PBMC,0.00514527845036319,0.5145278450363197,235494,0,Vδ2,21_Gamma Delta V2 T
B24.6_P11,28_Classical Monocytes,973,3304,Classical Monocytes,B,24.6,11,PBMC,0.2944915254237288,29.44915254237288,235494,0,Classical Monocytes,28_Classical Monocytes
B26.9_P12,1_HSC_MPP,13,5793,HSC_MPP,B,26.9,12,PBMC,0.00224408769204212,0.224408769204212,235494,0,HSC/MPP,1_HSC_MPP
B26.9_P12,2_MEP,1,5793,MEP,B,26.9,12,PBMC,1.7262213015708e-4,0.01726221301570861,235494,0,MEP,2_MEP
B26.9_P12,3_MEMP,11,5793,MEMP,B,26.9,12,PBMC,0.00189884343172794,0.18988434317279476,235494,0,MEMP,3_MEMP
B26.9_P12,4_Pro-B,0,5793,Pro-B,B,26.9,12,PBMC,0,0,235494,0,Pro-B,4_Pro-B
B26.9_P12,7_CXCR5- Naïve B,92,5793,CXCR5- Naïve B,B,26.9,12,PBMC,0.01588123597445192,1.5881235974451926,235494,0,CXCR5- Naïve B,7_CXCR5- Naïve B
B26.9_P12,12_Treg,253,5793,Treg,B,26.9,12,PBMC,0.04367339892974279,4.367339892974279,235494,0,Treg,12_Treg
B26.9_P12,20_Gamma Delta V1 T,6,5793,Gamma Delta V1 T,B,26.9,12,PBMC,0.00103573278094251,0.10357327809425168,235494,0,Vδ1,20_Gamma Delta V1 T
B26.9_P12,21_Gamma Delta V2 T,6,5793,Gamma Delta V2 T,B,26.9,12,PBMC,0.00103573278094251,0.10357327809425168,235494,0,Vδ2,21_Gamma Delta V2 T
B26.9_P12,28_Classical Monocytes,508,5793,Classical Monocytes,B,26.9,12,PBMC,0.08769204211979977,8.769204211979977,235494,0,Classical Monocytes,28_Classical Monocytes
B29.1_P13,1_HSC_MPP,236,3904,HSC_MPP,B,29.1,13,PBMC,0.06045081967213114,6.045081967213115,235494,0,HSC/MPP,1_HSC_MPP
B29.1_P13,2_MEP,5,3904,MEP,B,29.1,13,PBMC,0.00128073770491803,0.12807377049180327,235494,0,MEP,2_MEP
B29.1_P13,3_MEMP,86,3904,MEMP,B,29.1,13,PBMC,0.02202868852459016,2.2028688524590163,235494,0,MEMP,3_MEMP
B29.1_P13,4_Pro-B,7,3904,Pro-B,B,29.1,13,PBMC,0.00179303278688524,0.17930327868852458,235494,0,Pro-B,4_Pro-B
B29.1_P13,7_CXCR5- Naïve B,163,3904,CXCR5- Naïve B,B,29.1,13,PBMC,0.04175204918032787,4.175204918032787,235494,0,CXCR5- Naïve B,7_CXCR5- Naïve B
B29.1_P13,12_Treg,66,3904,Treg,B,29.1,13,PBMC,0.01690573770491803,1.6905737704918034,235494,0,Treg,12_Treg
B29.1_P13,20_Gamma Delta V1 T,1,3904,Gamma Delta V1 T,B,29.1,13,PBMC,2.561475409836e-4,0.02561475409836065,235494,0,Vδ1,20_Gamma Delta V1 T
B29.1_P13,21_Gamma Delta V2 T,7,3904,Gamma Delta V2 T,B,29.1,13,PBMC,0.00179303278688524,0.17930327868852458,235494,0,Vδ2,21_Gamma Delta V2 T
B29.1_P13,28_Classical Monocytes,1127,3904,Classical Monocytes,B,29.1,13,PBMC,0.2886782786885246,28.86782786885246,235494,0,Classical Monocytes,28_Classical Monocytes
B31.3_P15,1_HSC_MPP,87,6891,HSC_MPP,B,31.3,15,PBMC,0.01262516325642141,1.262516325642142,235494,0,HSC/MPP,1_HSC_MPP
B31.3_P15,2_MEP,12,6891,MEP,B,31.3,15,PBMC,0.00174140182847191,0.174140182847192,235494,0,MEP,2_MEP
B31.3_P15,3_MEMP,58,6891,MEMP,B,31.3,15,PBMC,0.00841677550428094,0.8416775504280947,235494,0,MEMP,3_MEMP
B31.3_P15,4_Pro-B,0,6891,Pro-B,B,31.3,15,PBMC,0,0,235494,0,Pro-B,4_Pro-B
B31.3_P15,7_CXCR5- Naïve B,624,6891,CXCR5- Naïve B,B,31.3,15,PBMC,0.09055289508053985,9.055289508053985,235494,0,CXCR5- Naïve B,7_CXCR5- Naïve B
B31.3_P15,12_Treg,142,6891,Treg,B,31.3,15,PBMC,0.02060658830358438,2.0606588303584386,235494,0,Treg,12_Treg
B31.3_P15,20_Gamma Delta V1 T,5,6891,Gamma Delta V1 T,B,31.3,15,PBMC,7.2558409519663e-4,0.07255840951966333,235494,0,Vδ1,20_Gamma Delta V1 T
B31.3_P15,21_Gamma Delta V2 T,22,6891,Gamma Delta V2 T,B,31.3,15,PBMC,0.00319257001886518,0.3192570018865186,235494,0,Vδ2,21_Gamma Delta V2 T
B31.3_P15,28_Classical Monocytes,1836,6891,Classical Monocytes,B,31.3,15,PBMC,0.26643447975620377,26.643447975620376,235494,0,Classical Monocytes,28_Classical Monocytes
B32.4_P16,1_HSC_MPP,77,5125,HSC_MPP,B,32.4,16,PBMC,0.01502439024390243,1.502439024390244,235494,0,HSC/MPP,1_HSC_MPP
B32.4_P16,2_MEP,2,5125,MEP,B,32.4,16,PBMC,3.9024390243902e-4,0.03902439024390244,235494,0,MEP,2_MEP
B32.4_P16,3_MEMP,20,5125,MEMP,B,32.4,16,PBMC,0.00390243902439024,0.3902439024390244,235494,0,MEMP,3_MEMP
B32.4_P16,4_Pro-B,4,5125,Pro-B,B,32.4,16,PBMC,7.8048780487804e-4,0.07804878048780488,235494,0,Pro-B,4_Pro-B
B32.4_P16,7_CXCR5- Naïve B,244,5125,CXCR5- Naïve B,B,32.4,16,PBMC,0.04760975609756097,4.760975609756097,235494,0,CXCR5- Naïve B,7_CXCR5- Naïve B
B32.4_P16,12_Treg,91,5125,Treg,B,32.4,16,PBMC,0.0177560975609756,1.7756097560975608,235494,0,Treg,12_Treg
B32.4_P16,20_Gamma Delta V1 T,7,5125,Gamma Delta V1 T,B,32.4,16,PBMC,0.00136585365853658,0.13658536585365852,235494,0,Vδ1,20_Gamma Delta V1 T
B32.4_P16,21_Gamma Delta V2 T,27,5125,Gamma Delta V2 T,B,32.4,16,PBMC,0.00526829268292683,0.526829268292683,235494,0,Vδ2,21_Gamma Delta V2 T
B32.4_P16,28_Classical Monocytes,761,5125,Classical Monocytes,B,32.4,16,PBMC,0.14848780487804877,14.848780487804875,235494,0,Classical Monocytes,28_Classical Monocytes
B33.3_P17,1_HSC_MPP,35,6418,HSC_MPP,B,33.3,17,PBMC,0.00545341227796821,0.5453412277968215,235494,0,HSC/MPP,1_HSC_MPP
B33.3_P17,2_MEP,0,6418,MEP,B,33.3,17,PBMC,0,0,235494,0,MEP,2_MEP
B33.3_P17,3_MEMP,16,6418,MEMP,B,33.3,17,PBMC,0.00249298846992832,0.24929884699283264,235494,0,MEMP,3_MEMP
B33.3_P17,4_Pro-B,1,6418,Pro-B,B,33.3,17,PBMC,1.5581177937052e-4,0.01558117793705204,235494,0,Pro-B,4_Pro-B
B33.3_P17,7_CXCR5- Naïve B,19,6418,CXCR5- Naïve B,B,33.3,17,PBMC,0.00296042380803988,0.29604238080398876,235494,0,CXCR5- Naïve B,7_CXCR5- Naïve B
B33.3_P17,12_Treg,73,6418,Treg,B,33.3,17,PBMC,0.01137425989404799,1.1374259894047989,235494,0,Treg,12_Treg
B33.3_P17,20_Gamma Delta V1 T,11,6418,Gamma Delta V1 T,B,33.3,17,PBMC,0.00171392957307572,0.17139295730757245,235494,0,Vδ1,20_Gamma Delta V1 T
B33.3_P17,21_Gamma Delta V2 T,7,6418,Gamma Delta V2 T,B,33.3,17,PBMC,0.00109068245559364,0.10906824555936429,235494,0,Vδ2,21_Gamma Delta V2 T
B33.3_P17,28_Classical Monocytes,886,6418,Classical Monocytes,B,33.3,17,PBMC,0.13804923652228107,13.804923652228108,235494,0,Classical Monocytes,28_Classical Monocytes
B34.1_P18,1_HSC_MPP,22,7333,HSC_MPP,B,34.1,18,PBMC,0.00300013636983499,0.30001363698349925,235494,0,HSC/MPP,1_HSC_MPP
B34.1_P18,2_MEP,4,7333,MEP,B,34.1,18,PBMC,5.4547933996999e-4,0.05454793399699986,235494,0,MEP,2_MEP
B34.1_P18,3_MEMP,5,7333,MEMP,B,34.1,18,PBMC,6.8184917496249e-4,0.06818491749624983,235494,0,MEMP,3_MEMP
B34.1_P18,4_Pro-B,0,7333,Pro-B,B,34.1,18,PBMC,0,0,235494,0,Pro-B,4_Pro-B
B34.1_P18,7_CXCR5- Naïve B,133,7333,CXCR5- Naïve B,B,34.1,18,PBMC,0.01813718805400245,1.813718805400245,235494,0,CXCR5- Naïve B,7_CXCR5- Naïve B
B34.1_P18,12_Treg,36,7333,Treg,B,34.1,18,PBMC,0.00490931405972998,0.4909314059729988,235494,0,Treg,12_Treg
B34.1_P18,20_Gamma Delta V1 T,14,7333,Gamma Delta V1 T,B,34.1,18,PBMC,0.00190917768989499,0.19091776898949953,235494,0,Vδ1,20_Gamma Delta V1 T
B34.1_P18,21_Gamma Delta V2 T,24,7333,Gamma Delta V2 T,B,34.1,18,PBMC,0.00327287603981999,0.3272876039819992,235494,0,Vδ2,21_Gamma Delta V2 T
B34.1_P18,28_Classical Monocytes,3230,7333,Classical Monocytes,B,34.1,18,PBMC,0.4404745670257739,44.04745670257739,235494,0,Classical Monocytes,28_Classical Monocytes
B36.1_P19,1_HSC_MPP,28,6316,HSC_MPP,B,36.1,19,PBMC,0.00443318556048131,0.44331855604813175,235494,0,HSC/MPP,1_HSC_MPP
B36.1_P19,2_MEP,0,6316,MEP,B,36.1,19,PBMC,0,0,235494,0,MEP,2_MEP
B36.1_P19,3_MEMP,4,6316,MEMP,B,36.1,19,PBMC,6.333122229259e-4,0.06333122229259025,235494,0,MEMP,3_MEMP
B36.1_P19,4_Pro-B,1,6316,Pro-B,B,36.1,19,PBMC,1.5832805573147e-4,0.01583280557314756,235494,0,Pro-B,4_Pro-B
B36.1_P19,7_CXCR5- Naïve B,50,6316,CXCR5- Naïve B,B,36.1,19,PBMC,0.00791640278657378,0.7916402786573782,235494,0,CXCR5- Naïve B,7_CXCR5- Naïve B
B36.1_P19,12_Treg,76,6316,Treg,B,36.1,19,PBMC,0.01203293223559214,1.2032932235592146,235494,0,Treg,12_Treg
B36.1_P19,20_Gamma Delta V1 T,48,6316,Gamma Delta V1 T,B,36.1,19,PBMC,0.00759974667511082,0.7599746675110829,235494,0,Vδ1,20_Gamma Delta V1 T
B36.1_P19,21_Gamma Delta V2 T,23,6316,Gamma Delta V2 T,B,36.1,19,PBMC,0.00364154528182393,0.3641545281823939,235494,0,Vδ2,21_Gamma Delta V2 T
B36.1_P19,28_Classical Monocytes,2626,6316,Classical Monocytes,B,36.1,19,PBMC,0.415769474350855,41.5769474350855,235494,0,Classical Monocytes,28_Classical Monocytes
B37.9_P20,1_HSC_MPP,50,12326,HSC_MPP,B,37.9,20,PBMC,0.00405646600681486,0.4056466006814863,235494,0,HSC/MPP,1_HSC_MPP
B37.9_P20,2_MEP,0,12326,MEP,B,37.9,20,PBMC,0,0,235494,0,MEP,2_MEP
B37.9_P20,3_MEMP,13,12326,MEMP,B,37.9,20,PBMC,0.00105468116177186,0.10546811617718645,235494,0,MEMP,3_MEMP
B37.9_P20,4_Pro-B,2,12326,Pro-B,B,37.9,20,PBMC,1.6225864027259e-4,0.01622586402725945,235494,0,Pro-B,4_Pro-B
B37.9_P20,7_CXCR5- Naïve B,62,12326,CXCR5- Naïve B,B,37.9,20,PBMC,0.00503001784845043,0.503001784845043,235494,0,CXCR5- Naïve B,7_CXCR5- Naïve B
B37.9_P20,12_Treg,119,12326,Treg,B,37.9,20,PBMC,0.00965438909621937,0.9654389096219372,235494,0,Treg,12_Treg
B37.9_P20,20_Gamma Delta V1 T,86,12326,Gamma Delta V1 T,B,37.9,20,PBMC,0.00697712153172156,0.6977121531721564,235494,0,Vδ1,20_Gamma Delta V1 T
B37.9_P20,21_Gamma Delta V2 T,37,12326,Gamma Delta V2 T,B,37.9,20,PBMC,0.00300178484504299,0.30017848450429985,235494,0,Vδ2,21_Gamma Delta V2 T
B37.9_P20,28_Classical Monocytes,5987,12326,Classical Monocytes,B,37.9,20,PBMC,0.48572123965601166,48.572123965601165,235494,0,Classical Monocytes,28_Classical Monocytes
B38.1_P21,1_HSC_MPP,111,6566,HSC_MPP,B,38.1,21,PBMC,0.01690526957051477,1.6905269570514772,235494,0,HSC/MPP,1_HSC_MPP
B38.1_P21,2_MEP,1,6566,MEP,B,38.1,21,PBMC,1.5229972586049e-4,0.01522997258604934,235494,0,MEP,2_MEP
B38.1_P21,3_MEMP,25,6566,MEMP,B,38.1,21,PBMC,0.00380749314651233,0.3807493146512336,235494,0,MEMP,3_MEMP
B38.1_P21,4_Pro-B,2,6566,Pro-B,B,38.1,21,PBMC,3.0459945172098e-4,0.03045994517209869,235494,0,Pro-B,4_Pro-B
B38.1_P21,7_CXCR5- Naïve B,29,6566,CXCR5- Naïve B,B,38.1,21,PBMC,0.00441669204995431,0.44166920499543105,235494,0,CXCR5- Naïve B,7_CXCR5- Naïve B
B38.1_P21,12_Treg,48,6566,Treg,B,38.1,21,PBMC,0.00731038684130368,0.7310386841303685,235494,0,Treg,12_Treg
B38.1_P21,20_Gamma Delta V1 T,6,6566,Gamma Delta V1 T,B,38.1,21,PBMC,9.1379835516296e-4,0.09137983551629608,235494,0,Vδ1,20_Gamma Delta V1 T
B38.1_P21,21_Gamma Delta V2 T,5,6566,Gamma Delta V2 T,B,38.1,21,PBMC,7.6149862930246e-4,0.07614986293024673,235494,0,Vδ2,21_Gamma Delta V2 T
B38.1_P21,28_Classical Monocytes,2619,6566,Classical Monocytes,B,38.1,21,PBMC,0.3988729820286323,39.887298202863235,235494,0,Classical Monocytes,28_Classical Monocytes
B39.1_P22,1_HSC_MPP,25,7821,HSC_MPP,B,39.1,22,PBMC,0.00319652218386395,0.3196522183863956,235494,0,HSC/MPP,1_HSC_MPP
B39.1_P22,2_MEP,1,7821,MEP,B,39.1,22,PBMC,1.2786088735455e-4,0.01278608873545582,235494,0,MEP,2_MEP
B39.1_P22,3_MEMP,9,7821,MEMP,B,39.1,22,PBMC,0.00115074798619102,0.1150747986191024,235494,0,MEMP,3_MEMP
B39.1_P22,4_Pro-B,0,7821,Pro-B,B,39.1,22,PBMC,0,0,235494,0,Pro-B,4_Pro-B
B39.1_P22,7_CXCR5- Naïve B,107,7821,CXCR5- Naïve B,B,39.1,22,PBMC,0.01368111494693773,1.3681114946937734,235494,0,CXCR5- Naïve B,7_CXCR5- Naïve B
B39.1_P22,12_Treg,91,7821,Treg,B,39.1,22,PBMC,0.0116353407492648,1.16353407492648,235494,0,Treg,12_Treg
B39.1_P22,20_Gamma Delta V1 T,42,7821,Gamma Delta V1 T,B,39.1,22,PBMC,0.00537015726889144,0.5370157268891446,235494,0,Vδ1,20_Gamma Delta V1 T
B39.1_P22,21_Gamma Delta V2 T,30,7821,Gamma Delta V2 T,B,39.1,22,PBMC,0.00383582662063674,0.3835826620636747,235494,0,Vδ2,21_Gamma Delta V2 T
B39.1_P22,28_Classical Monocytes,1694,7821,Classical Monocytes,B,39.1,22,PBMC,0.21659634317862167,21.659634317862167,235494,0,Classical Monocytes,28_Classical Monocytes
B11.6_P24,37_Late_ERY,845,12293,Late_ERY,B,11.6,24,PBMC,0.06873830635320914,6.873830635320914,235494,0,Late ERY,37_Late_ERY
B12.0_P2,37_Late_ERY,2672,3276,Late_ERY,B,12,2,PBMC,0.8156288156288156,81.56288156288156,235494,0,Late ERY,37_Late_ERY
B17.4_P3,37_Late_ERY,4269,5050,Late_ERY,B,17.4,3,PBMC,0.8453465346534653,84.53465346534654,235494,0,Late ERY,37_Late_ERY
B18.0_P4,37_Late_ERY,89,8964,Late_ERY,B,18,4,PBMC,0.00992860330209727,0.9928603302097276,235494,0,Late ERY,37_Late_ERY
B18.6_P5,37_Late_ERY,1126,9266,Late_ERY,B,18.6,5,PBMC,0.1215195337794086,12.15195337794086,235494,0,Late ERY,37_Late_ERY
B20.9_P7,37_Late_ERY,1691,5940,Late_ERY,B,20.9,7,PBMC,0.2846801346801347,28.46801346801347,235494,0,Late ERY,37_Late_ERY
B21.7_P8,37_Late_ERY,353,7069,Late_ERY,B,21.7,8,PBMC,0.04993634177394256,4.993634177394257,235494,0,Late ERY,37_Late_ERY
B22.4_P23,37_Late_ERY,8533,15963,Late_ERY,B,22.4,23,PBMC,0.5345486437386456,53.45486437386457,235494,0,Late ERY,37_Late_ERY
B22.4_P9,37_Late_ERY,3626,8587,Late_ERY,B,22.4,9,PBMC,0.422266216373588,42.2266216373588,235494,0,Late ERY,37_Late_ERY
B23.4_P10,37_Late_ERY,650,9225,Late_ERY,B,23.4,10,PBMC,0.07046070460704607,7.046070460704606,235494,0,Late ERY,37_Late_ERY
B24.6_P11,37_Late_ERY,251,4075,Late_ERY,B,24.6,11,PBMC,0.06159509202453987,6.159509202453988,235494,0,Late ERY,37_Late_ERY
B26.9_P12,37_Late_ERY,63,6728,Late_ERY,B,26.9,12,PBMC,0.00936385255648038,0.936385255648038,235494,0,Late ERY,37_Late_ERY
B29.1_P13,37_Late_ERY,275,4280,Late_ERY,B,29.1,13,PBMC,0.06425233644859812,6.425233644859812,235494,0,Late ERY,37_Late_ERY
B31.3_P15,37_Late_ERY,199,7516,Late_ERY,B,31.3,15,PBMC,0.02647684938797232,2.6476849387972323,235494,0,Late ERY,37_Late_ERY
B32.4_P16,37_Late_ERY,718,6019,Late_ERY,B,32.4,16,PBMC,0.11928891842498754,11.928891842498754,235494,0,Late ERY,37_Late_ERY
B33.3_P17,37_Late_ERY,108,6550,Late_ERY,B,33.3,17,PBMC,0.01648854961832061,1.6488549618320612,235494,0,Late ERY,37_Late_ERY
B34.1_P18,37_Late_ERY,12,7599,Late_ERY,B,34.1,18,PBMC,0.00157915515199368,0.15791551519936833,235494,0,Late ERY,37_Late_ERY
B36.1_P19,37_Late_ERY,65,6422,Late_ERY,B,36.1,19,PBMC,0.01012145748987854,1.0121457489878545,235494,0,Late ERY,37_Late_ERY
B37.9_P20,37_Late_ERY,66,12585,Late_ERY,B,37.9,20,PBMC,0.00524433849821215,0.5244338498212158,235494,0,Late ERY,37_Late_ERY
B38.1_P21,37_Late_ERY,20,6718,Late_ERY,B,38.1,21,PBMC,0.00297707651086632,0.29770765108663294,235494,0,Late ERY,37_Late_ERY
B39.1_P22,37_Late_ERY,91,7967,Late_ERY,B,39.1,22,PBMC,0.01142211622944646,1.1422116229446466,235494,0,Late ERY,37_Late_ERY
