"outgoing","incoming","specificity.out.in","specificity","labels","Group"
0.0493862454194254,10.1534971060309,"Shared","Shared","MHC-I","CX3CR1+ NK"
0.645577830591172,0.55083740291608,"Shared","Shared","CD99","CX3CR1+ NK"
0.862294617703433,1.28033183239627,"Shared","Shared","CLEC","CX3CR1+ NK"
0,-0.0243644443563545,"Shared","Shared","APP","CX3CR1+ NK"
0.0889659943069481,0,"Shared","Shared","SELPLG","CX3CR1+ NK"
0.419030599995002,0.126168709533706,"Shared","Shared","ITGB2","CX3CR1+ NK"
-0.0848788833260897,0.0292503833582089,"Shared","Shared","ADGRE5","CX3CR1+ NK"
0.112268788654216,0.25636054774308,"Shared","Shared","ICAM","CX3CR1+ NK"
0,0.075467930345644,"Shared","Shared","CD22","CX3CR1+ NK"
0.0911533503215505,0,"Shared","Shared","CD45","CX3CR1+ NK"
-0.00182524788736467,0,"Shared","Shared","LCK","CX3CR1+ NK"
0.023128284816749,0,"Shared","Shared","SEMA4","CX3CR1+ NK"
0.019100190954749,0.120341157810506,"Shared","Shared","CD48","CX3CR1+ NK"
0,0.0210485976666847,"Shared","Shared","JAM","CX3CR1+ NK"
0,0.0786040034682462,"Shared","Shared","GP1BA","CX3CR1+ NK"
0,0.00123327960334998,"Shared","Shared","CD23","CX3CR1+ NK"
0,0.00792567679177248,"Shared","Shared","NECTIN","CX3CR1+ NK"
0.00792567679177248,0,"Shared","Shared","TIGIT","CX3CR1+ NK"
0.0157146809004394,0.0157146809004394,"Incoming & Outgoing specific","PBMC_Early specific","NCAM","CX3CR1+ NK"
0.376255751398185,5.35105038565148,"Shared","Shared","MHC-I","CXCR6+ NK"
0.685540862810249,0.590586789833142,"Shared","Shared","CD99","CXCR6+ NK"
1.08688476341312,3.05514064146497,"Shared","Shared","CLEC","CXCR6+ NK"
-0.0339223113020383,0,"Outgoing specific","PBMC_Late specific","MHC-II","CXCR6+ NK"
0,0.173162428015337,"Shared","Shared","APP","CXCR6+ NK"
-0.519467154209076,-0.0182924193780725,"Incoming & Outgoing specific","PBMC_Late specific","SELPLG","CXCR6+ NK"
0.322238822079958,-0.214310619039496,"Shared","Shared","ITGB2","CXCR6+ NK"
-0.0567392812082432,-0.116780002234299,"Incoming specific","PBMC_Late specific","ADGRE5","CXCR6+ NK"
0.0228103412388345,-0.051971997429152,"Shared","Shared","ICAM","CXCR6+ NK"
0,0.0783570732930915,"Shared","Shared","CD22","CXCR6+ NK"
0.0940721030458961,0,"Shared","Shared","CD45","CXCR6+ NK"
-0.0201458955814229,0,"Outgoing specific","PBMC_Late specific","SELL","CXCR6+ NK"
0.0290315723806451,0,"Shared","Shared","LCK","CXCR6+ NK"
-0.0220050317862593,-0.0220050317862593,"Incoming & Outgoing specific","PBMC_Late specific","PECAM1","CXCR6+ NK"
0.00947360410860379,0,"Shared","Shared","SEMA4","CXCR6+ NK"
0.0203151023878468,0.0799183272764112,"Shared","Shared","CD48","CXCR6+ NK"
0,0.0141462615417101,"Shared","Shared","JAM","CXCR6+ NK"
0,-0.0250529391015834,"Incoming specific","PBMC_Late specific","GP1BA","CXCR6+ NK"
0,-0.00711132602260178,"Incoming specific","PBMC_Late specific","CD23","CXCR6+ NK"
0,-0.000118670267565504,"Incoming specific","PBMC_Late specific","SEMA7","CXCR6+ NK"
0,0.0137000265652682,"Shared","Shared","NECTIN","CXCR6+ NK"
-0.000610160690904621,0,"Outgoing specific","PBMC_Late specific","CD226","CXCR6+ NK"
0.0143101872561729,0,"Shared","Shared","TIGIT","CXCR6+ NK"
0.0213556924488084,0.0213556924488084,"Shared","Shared","NCAM","CXCR6+ NK"
0.969206302188178,5.09031268243296,"Shared","Shared","MHC-I","CD56highCD16low NK"
0.335824373957837,0.303231085353251,"Incoming & Outgoing specific","PBMC_Early specific","CD99","CD56highCD16low NK"
0.349100144476367,0.362647600385567,"Shared","Shared","CLEC","CD56highCD16low NK"
0,0.131728115571586,"Incoming specific","PBMC_Early specific","APP","CD56highCD16low NK"
0.589740896057102,0,"Shared","Shared","ITGB2","CD56highCD16low NK"
0.0242420259665468,-0.0786845481521719,"Incoming specific","Shared","ADGRE5","CD56highCD16low NK"
0,0.505663718019511,"Shared","Shared","ICAM","CD56highCD16low NK"
0,0.0792528680747488,"Shared","Shared","CD22","CD56highCD16low NK"
0.0960100338698791,0,"Shared","Shared","CD45","CD56highCD16low NK"
0.0288194260407818,0,"Shared","Shared","SEMA4","CD56highCD16low NK"
0,0.0311702557854759,"Shared","Shared","JAM","CD56highCD16low NK"
0,0.0971543579692841,"Incoming specific","PBMC_Early specific","GP1BA","CD56highCD16low NK"
0,0.0108927298887705,"Incoming specific","PBMC_Early specific","CD23","CD56highCD16low NK"
0.0338457569381413,0.0338457569381413,"Incoming & Outgoing specific","PBMC_Early specific","NCAM","CD56highCD16low NK"
0,0.000239608780933179,"Incoming specific","PBMC_Early specific","EPHB","CD56highCD16low NK"
0.50033554731701,4.6396454265422,"Shared","Shared","MHC-I","Naïve CD8 T"
0.717796567948427,0.646009708463154,"Shared","Shared","CD99","Naïve CD8 T"
0.82137170127001,0,"Shared","Shared","CLEC","Naïve CD8 T"
0,0.146936680786944,"Shared","Shared","APP","Naïve CD8 T"
0.171653033176181,0.475490468101968,"Shared","Shared","SELPLG","Naïve CD8 T"
0.269989551853322,0.379773487497923,"Shared","Shared","ITGB2","Naïve CD8 T"
0.123031964411194,0.12605089230716,"Shared","Shared","ADGRE5","Naïve CD8 T"
0.0939731701917349,0.177684267657417,"Incoming specific","PBMC_Early specific","ICAM","Naïve CD8 T"
0,0.0739436910621897,"Shared","Shared","CD22","Naïve CD8 T"
0.0885777921810355,0,"Shared","Shared","CD45","Naïve CD8 T"
0.081836735522314,0,"Shared","Shared","SELL","Naïve CD8 T"
0.00155512129391,0.455302286862406,"Shared","Shared","LCK","Naïve CD8 T"
0.154759947681304,0.154759947681304,"Shared","Shared","PECAM1","Naïve CD8 T"
0.0207700223564116,0,"Shared","Shared","SEMA4","Naïve CD8 T"
0.0118867139432658,0,"Shared","Shared","CD48","Naïve CD8 T"
0,0.02281719044617,"Incoming specific","PBMC_Early specific","JAM","Naïve CD8 T"
0,0.0305312121971826,"Incoming specific","PBMC_Early specific","CD86","Naïve CD8 T"
0,0.0172552140918494,"Shared","Shared","ALCAM","Naïve CD8 T"
0.0172552140918494,0,"Shared","Shared","CD6","Naïve CD8 T"
0,0.00603642322515353,"Incoming specific","PBMC_Early specific","NECTIN","Naïve CD8 T"
0.00603642322515353,0,"Outgoing specific","PBMC_Early specific","CD226","Naïve CD8 T"
0,0.000623756440638139,"Incoming specific","PBMC_Early specific","EPHB","Naïve CD8 T"
0.281929019867227,-13.8845793292255,"Shared","Shared","MHC-I","NK T"
0.434080316369534,0.364136492763855,"Shared","Shared","CD99","NK T"
0.840907834747587,1.00108124987256,"Incoming specific","PBMC_Early specific","CLEC","NK T"
0,0.0806806523633648,"Shared","Shared","APP","NK T"
0.764515843667231,0.349170695868073,"Shared","Shared","SELPLG","NK T"
0.307048191241362,0.212240500384432,"Shared","Shared","ITGB2","NK T"
0.137439555003417,0.0734851996493228,"Shared","Shared","ADGRE5","NK T"
0.134820063102641,0.114032828623852,"Shared","Shared","ICAM","NK T"
0,0.0714977535568707,"Shared","Shared","CD22","NK T"
0.0863287280394149,0,"Shared","Shared","CD45","NK T"
0.0465968246903132,0,"Shared","Shared","SELL","NK T"
-0.00886471158043189,-0.262558392408113,"Shared","Shared","LCK","NK T"
-0.0465571103503719,-0.0465571103503719,"Incoming & Outgoing specific","PBMC_Late specific","PECAM1","NK T"
0.024412025437047,0,"Shared","Shared","SEMA4","NK T"
0.0118108057474481,0,"Shared","Shared","CD48","NK T"
0,0.0169076451524969,"Shared","Shared","JAM","NK T"
0,0.0326371002257096,"Incoming specific","PBMC_Early specific","CD86","NK T"
0,-0.00033194317743856,"Shared","Shared","ALCAM","NK T"
-0.00033194317743856,0,"Shared","Shared","CD6","NK T"
0,0.000907111478612079,"Incoming specific","PBMC_Early specific","EPHB","NK T"
