"source","target","weight","dataset"
"abTentry","abTentry",0,"PBMC_Late"
"CD14+PPBP+ Monocytes","abTentry",0.109634145135812,"PBMC_Late"
"CD56highCD16low NK","abTentry",0.0370583521034679,"PBMC_Late"
"Classical Monocytes","abTentry",0.0758196525257845,"PBMC_Late"
"CX3CR1+ NK","abTentry",0.134392253081955,"PBMC_Late"
"CXCR5- Naïve B","abTentry",0.039960742514953,"PBMC_Late"
"CXCR5+ Naïve B","abTentry",0.0437413608518648,"PBMC_Late"
"CXCR6+ NK","abTentry",0.0944118561951132,"PBMC_Late"
"DC2","abTentry",0.107269336020128,"PBMC_Late"
"Early_ERY","abTentry",0,"PBMC_Late"
"Gamma Delta V1 T","abTentry",0.0238376044393123,"PBMC_Late"
"Gamma Delta V2 T","abTentry",0.0366143191988299,"PBMC_Late"
"HSC_MPP","abTentry",0.00352179856062248,"PBMC_Late"
"ILC2/3","abTentry",0.0468052657494301,"PBMC_Late"
"Late_ERY","abTentry",0,"PBMC_Late"
"Megakaryocytes","abTentry",0,"PBMC_Late"
"MEMP","abTentry",0.00135219749384494,"PBMC_Late"
"MEP","abTentry",0.00150431418778029,"PBMC_Late"
"Mid_ERY","abTentry",0,"PBMC_Late"
"Myeloid-CD177","abTentry",0.0368084896153581,"PBMC_Late"
"Naïve CD4 T","abTentry",0.0246620778696157,"PBMC_Late"
"Naïve CD8 T","abTentry",0.0673958055377596,"PBMC_Late"
"NK T","abTentry",0.0430654845083738,"PBMC_Late"
"pDC","abTentry",0.10258557772787,"PBMC_Late"
"Pro-B","abTentry",0.0158328555130018,"PBMC_Late"
"Tem","abTentry",0.07637378443692,"PBMC_Late"
"Th17like_INNATE_T","abTentry",0.0773845877729062,"PBMC_Late"
"Treg","abTentry",0.0566871265881057,"PBMC_Late"
"abTentry","CD14+PPBP+ Monocytes",0.0135219849819773,"PBMC_Late"
"CD14+PPBP+ Monocytes","CD14+PPBP+ Monocytes",0.745301269938232,"PBMC_Late"
"CD56highCD16low NK","CD14+PPBP+ Monocytes",0.0503427609822673,"PBMC_Late"
"Classical Monocytes","CD14+PPBP+ Monocytes",0.420130981633492,"PBMC_Late"
"CX3CR1+ NK","CD14+PPBP+ Monocytes",0.358691970068297,"PBMC_Late"
"CXCR5- Naïve B","CD14+PPBP+ Monocytes",0.608493924431559,"PBMC_Late"
"CXCR5+ Naïve B","CD14+PPBP+ Monocytes",0.678631064951455,"PBMC_Late"
"CXCR6+ NK","CD14+PPBP+ Monocytes",0.3309989080784,"PBMC_Late"
"DC2","CD14+PPBP+ Monocytes",0.97219982461417,"PBMC_Late"
"Early_ERY","CD14+PPBP+ Monocytes",0.00289282383669643,"PBMC_Late"
"Gamma Delta V1 T","CD14+PPBP+ Monocytes",0.195834913968319,"PBMC_Late"
"Gamma Delta V2 T","CD14+PPBP+ Monocytes",0.235992618807092,"PBMC_Late"
"HSC_MPP","CD14+PPBP+ Monocytes",0.576095015973271,"PBMC_Late"
"ILC2/3","CD14+PPBP+ Monocytes",0.181206167892445,"PBMC_Late"
"Late_ERY","CD14+PPBP+ Monocytes",0,"PBMC_Late"
"Megakaryocytes","CD14+PPBP+ Monocytes",0.400019873183627,"PBMC_Late"
"MEMP","CD14+PPBP+ Monocytes",0.273844539885318,"PBMC_Late"
"MEP","CD14+PPBP+ Monocytes",0.241287300761228,"PBMC_Late"
"Mid_ERY","CD14+PPBP+ Monocytes",0,"PBMC_Late"
"Myeloid-CD177","CD14+PPBP+ Monocytes",0.0657587265692614,"PBMC_Late"
"Naïve CD4 T","CD14+PPBP+ Monocytes",0.0896250708106325,"PBMC_Late"
"Naïve CD8 T","CD14+PPBP+ Monocytes",0.130235184746213,"PBMC_Late"
"NK T","CD14+PPBP+ Monocytes",0.261995404922246,"PBMC_Late"
"pDC","CD14+PPBP+ Monocytes",0.905704103243909,"PBMC_Late"
"Pro-B","CD14+PPBP+ Monocytes",0.622703925906574,"PBMC_Late"
"Tem","CD14+PPBP+ Monocytes",0.225077849084085,"PBMC_Late"
"Th17like_INNATE_T","CD14+PPBP+ Monocytes",0.276278678594371,"PBMC_Late"
"Treg","CD14+PPBP+ Monocytes",0.193020025998579,"PBMC_Late"
"abTentry","CD56highCD16low NK",0.0733020964362121,"PBMC_Late"
"CD14+PPBP+ Monocytes","CD56highCD16low NK",0.109359704995442,"PBMC_Late"
"CD56highCD16low NK","CD56highCD16low NK",0.0363470318947716,"PBMC_Late"
"Classical Monocytes","CD56highCD16low NK",0.0487490851670839,"PBMC_Late"
"CX3CR1+ NK","CD56highCD16low NK",0.121360029825317,"PBMC_Late"
"CXCR5- Naïve B","CD56highCD16low NK",0.129958018658802,"PBMC_Late"
"CXCR5+ Naïve B","CD56highCD16low NK",0.137411926144126,"PBMC_Late"
"CXCR6+ NK","CD56highCD16low NK",0.147895143409887,"PBMC_Late"
"DC2","CD56highCD16low NK",0.0346296345765261,"PBMC_Late"
"Early_ERY","CD56highCD16low NK",0,"PBMC_Late"
"Gamma Delta V1 T","CD56highCD16low NK",0.102428428840396,"PBMC_Late"
"Gamma Delta V2 T","CD56highCD16low NK",0.11096640007423,"PBMC_Late"
"HSC_MPP","CD56highCD16low NK",0.0742820490421188,"PBMC_Late"
"ILC2/3","CD56highCD16low NK",0.0947185960925929,"PBMC_Late"
"Late_ERY","CD56highCD16low NK",0,"PBMC_Late"
"Megakaryocytes","CD56highCD16low NK",0.12068141130275,"PBMC_Late"
"MEMP","CD56highCD16low NK",0.0401029051171014,"PBMC_Late"
"MEP","CD56highCD16low NK",0.068718809735464,"PBMC_Late"
"Mid_ERY","CD56highCD16low NK",0,"PBMC_Late"
"Myeloid-CD177","CD56highCD16low NK",0.00996285291377104,"PBMC_Late"
"Naïve CD4 T","CD56highCD16low NK",0.0822911889617565,"PBMC_Late"
"Naïve CD8 T","CD56highCD16low NK",0.0981601721632974,"PBMC_Late"
"NK T","CD56highCD16low NK",0.112701867691326,"PBMC_Late"
"pDC","CD56highCD16low NK",0.0279885492604563,"PBMC_Late"
"Pro-B","CD56highCD16low NK",0.0504956883923058,"PBMC_Late"
"Tem","CD56highCD16low NK",0.121529377830965,"PBMC_Late"
"Th17like_INNATE_T","CD56highCD16low NK",0.114034357608957,"PBMC_Late"
"Treg","CD56highCD16low NK",0.0964372139164218,"PBMC_Late"
"abTentry","Classical Monocytes",0.0050194102938172,"PBMC_Late"
"CD14+PPBP+ Monocytes","Classical Monocytes",0.458367910902445,"PBMC_Late"
"CD56highCD16low NK","Classical Monocytes",0.0316300179272964,"PBMC_Late"
"Classical Monocytes","Classical Monocytes",0.214494197083041,"PBMC_Late"
"CX3CR1+ NK","Classical Monocytes",0.222678831256017,"PBMC_Late"
"CXCR5- Naïve B","Classical Monocytes",0.302767586058845,"PBMC_Late"
"CXCR5+ Naïve B","Classical Monocytes",0.341611222832976,"PBMC_Late"
"CXCR6+ NK","Classical Monocytes",0.215608312333972,"PBMC_Late"
"DC2","Classical Monocytes",0.466835311718602,"PBMC_Late"
"Early_ERY","Classical Monocytes",0.00299442163679279,"PBMC_Late"
"Gamma Delta V1 T","Classical Monocytes",0.100891280906314,"PBMC_Late"
"Gamma Delta V2 T","Classical Monocytes",0.120550431640731,"PBMC_Late"
"HSC_MPP","Classical Monocytes",0.349289931411795,"PBMC_Late"
"ILC2/3","Classical Monocytes",0.0962119667400004,"PBMC_Late"
"Late_ERY","Classical Monocytes",0,"PBMC_Late"
"Megakaryocytes","Classical Monocytes",0.270395253485765,"PBMC_Late"
"MEMP","Classical Monocytes",0.156879904310419,"PBMC_Late"
"MEP","Classical Monocytes",0.154908123038443,"PBMC_Late"
"Mid_ERY","Classical Monocytes",0,"PBMC_Late"
"Myeloid-CD177","Classical Monocytes",0.0418905292087152,"PBMC_Late"
"Naïve CD4 T","Classical Monocytes",0.0390428385356307,"PBMC_Late"
"Naïve CD8 T","Classical Monocytes",0.0797481507244531,"PBMC_Late"
"NK T","Classical Monocytes",0.138361962396982,"PBMC_Late"
"pDC","Classical Monocytes",0.585219633566385,"PBMC_Late"
"Pro-B","Classical Monocytes",0.377631322186742,"PBMC_Late"
"Tem","Classical Monocytes",0.128885983471951,"PBMC_Late"
"Th17like_INNATE_T","Classical Monocytes",0.172931064176656,"PBMC_Late"
"Treg","Classical Monocytes",0.116503138144132,"PBMC_Late"
"abTentry","CX3CR1+ NK",0.502852407410859,"PBMC_Late"
"CD14+PPBP+ Monocytes","CX3CR1+ NK",0.885449923455315,"PBMC_Late"
"CD56highCD16low NK","CX3CR1+ NK",0.250274553616366,"PBMC_Late"
"Classical Monocytes","CX3CR1+ NK",0.452037166175658,"PBMC_Late"
"CX3CR1+ NK","CX3CR1+ NK",0.89273777731052,"PBMC_Late"
"CXCR5- Naïve B","CX3CR1+ NK",0.69182626727386,"PBMC_Late"
"CXCR5+ Naïve B","CX3CR1+ NK",0.722298152553297,"PBMC_Late"
"CXCR6+ NK","CX3CR1+ NK",0.957002435306798,"PBMC_Late"
"DC2","CX3CR1+ NK",0.439408583217053,"PBMC_Late"
"Early_ERY","CX3CR1+ NK",0,"PBMC_Late"
"Gamma Delta V1 T","CX3CR1+ NK",0.799233454040881,"PBMC_Late"
"Gamma Delta V2 T","CX3CR1+ NK",0.85874893934711,"PBMC_Late"
"HSC_MPP","CX3CR1+ NK",0.629747466002015,"PBMC_Late"
"ILC2/3","CX3CR1+ NK",0.710636464507535,"PBMC_Late"
"Late_ERY","CX3CR1+ NK",0,"PBMC_Late"
"Megakaryocytes","CX3CR1+ NK",1.04079643117752,"PBMC_Late"
"MEMP","CX3CR1+ NK",0.303747083693231,"PBMC_Late"
"MEP","CX3CR1+ NK",0.445775792757048,"PBMC_Late"
"Mid_ERY","CX3CR1+ NK",0,"PBMC_Late"
"Myeloid-CD177","CX3CR1+ NK",0.117176242488492,"PBMC_Late"
"Naïve CD4 T","CX3CR1+ NK",0.650682283933313,"PBMC_Late"
"Naïve CD8 T","CX3CR1+ NK",0.720954933691306,"PBMC_Late"
"NK T","CX3CR1+ NK",0.900892195909294,"PBMC_Late"
"pDC","CX3CR1+ NK",0.54911096812044,"PBMC_Late"
"Pro-B","CX3CR1+ NK",0.471968501621305,"PBMC_Late"
"Tem","CX3CR1+ NK",0.867754919240688,"PBMC_Late"
"Th17like_INNATE_T","CX3CR1+ NK",0.866486052120571,"PBMC_Late"
"Treg","CX3CR1+ NK",0.767090549756025,"PBMC_Late"
"abTentry","CXCR5- Naïve B",0.0597710269858031,"PBMC_Late"
"CD14+PPBP+ Monocytes","CXCR5- Naïve B",0.263648346544081,"PBMC_Late"
"CD56highCD16low NK","CXCR5- Naïve B",0.0998264307828871,"PBMC_Late"
"Classical Monocytes","CXCR5- Naïve B",0.144706871675287,"PBMC_Late"
"CX3CR1+ NK","CXCR5- Naïve B",0.133614897094437,"PBMC_Late"
"CXCR5- Naïve B","CXCR5- Naïve B",0.10131884101227,"PBMC_Late"
"CXCR5+ Naïve B","CXCR5- Naïve B",0.089612169187284,"PBMC_Late"
"CXCR6+ NK","CXCR5- Naïve B",0.121186752222698,"PBMC_Late"
"DC2","CXCR5- Naïve B",0.1163199959124,"PBMC_Late"
"Early_ERY","CXCR5- Naïve B",0,"PBMC_Late"
"Gamma Delta V1 T","CXCR5- Naïve B",0.0629633751291489,"PBMC_Late"
"Gamma Delta V2 T","CXCR5- Naïve B",0.0804589292706888,"PBMC_Late"
"HSC_MPP","CXCR5- Naïve B",0.143569405828687,"PBMC_Late"
"ILC2/3","CXCR5- Naïve B",0.0508040965352541,"PBMC_Late"
"Late_ERY","CXCR5- Naïve B",0,"PBMC_Late"
"Megakaryocytes","CXCR5- Naïve B",0.100854432148068,"PBMC_Late"
"MEMP","CXCR5- Naïve B",0.0422863400993875,"PBMC_Late"
"MEP","CXCR5- Naïve B",0.0822381200252111,"PBMC_Late"
"Mid_ERY","CXCR5- Naïve B",0,"PBMC_Late"
"Myeloid-CD177","CXCR5- Naïve B",0.100116160234745,"PBMC_Late"
"Naïve CD4 T","CXCR5- Naïve B",0.0399446212750536,"PBMC_Late"
"Naïve CD8 T","CXCR5- Naïve B",0.0536279272020463,"PBMC_Late"
"NK T","CXCR5- Naïve B",0.0778585382329656,"PBMC_Late"
"pDC","CXCR5- Naïve B",0.354584553721682,"PBMC_Late"
"Pro-B","CXCR5- Naïve B",0.129939685175236,"PBMC_Late"
"Tem","CXCR5- Naïve B",0.0693800228830166,"PBMC_Late"
"Th17like_INNATE_T","CXCR5- Naïve B",0.0691426784387111,"PBMC_Late"
"Treg","CXCR5- Naïve B",0.042975025639273,"PBMC_Late"
"abTentry","CXCR5+ Naïve B",0.0504044204436636,"PBMC_Late"
"CD14+PPBP+ Monocytes","CXCR5+ Naïve B",0.278432660107991,"PBMC_Late"
"CD56highCD16low NK","CXCR5+ Naïve B",0.0825199108561838,"PBMC_Late"
"Classical Monocytes","CXCR5+ Naïve B",0.133446737051289,"PBMC_Late"
"CX3CR1+ NK","CXCR5+ Naïve B",0.176449569036132,"PBMC_Late"
"CXCR5- Naïve B","CXCR5+ Naïve B",0.102898424814159,"PBMC_Late"
"CXCR5+ Naïve B","CXCR5+ Naïve B",0.0907141506186556,"PBMC_Late"
"CXCR6+ NK","CXCR5+ Naïve B",0.130456583195829,"PBMC_Late"
"DC2","CXCR5+ Naïve B",0.144554762617176,"PBMC_Late"
"Early_ERY","CXCR5+ Naïve B",0,"PBMC_Late"
"Gamma Delta V1 T","CXCR5+ Naïve B",0.0578304608276725,"PBMC_Late"
"Gamma Delta V2 T","CXCR5+ Naïve B",0.0641752430967464,"PBMC_Late"
"HSC_MPP","CXCR5+ Naïve B",0.157705254058602,"PBMC_Late"
"ILC2/3","CXCR5+ Naïve B",0.0476702232579239,"PBMC_Late"
"Late_ERY","CXCR5+ Naïve B",0,"PBMC_Late"
"Megakaryocytes","CXCR5+ Naïve B",0.116886692479119,"PBMC_Late"
"MEMP","CXCR5+ Naïve B",0.0408475800931634,"PBMC_Late"
"MEP","CXCR5+ Naïve B",0.0769414758885924,"PBMC_Late"
"Mid_ERY","CXCR5+ Naïve B",0,"PBMC_Late"
"Myeloid-CD177","CXCR5+ Naïve B",0.0843800721256767,"PBMC_Late"
"Naïve CD4 T","CXCR5+ Naïve B",0.0538251259321116,"PBMC_Late"
"Naïve CD8 T","CXCR5+ Naïve B",0.0843341509817179,"PBMC_Late"
"NK T","CXCR5+ Naïve B",0.0938188179709611,"PBMC_Late"
"pDC","CXCR5+ Naïve B",0.419841018577461,"PBMC_Late"
"Pro-B","CXCR5+ Naïve B",0.146901327473253,"PBMC_Late"
"Tem","CXCR5+ Naïve B",0.100185336228281,"PBMC_Late"
"Th17like_INNATE_T","CXCR5+ Naïve B",0.093592544408352,"PBMC_Late"
"Treg","CXCR5+ Naïve B",0.0849403482839704,"PBMC_Late"
"abTentry","CXCR6+ NK",0.584199020878023,"PBMC_Late"
"CD14+PPBP+ Monocytes","CXCR6+ NK",1.06870802736378,"PBMC_Late"
"CD56highCD16low NK","CXCR6+ NK",0.304873958730317,"PBMC_Late"
"Classical Monocytes","CXCR6+ NK",0.614425491923433,"PBMC_Late"
"CX3CR1+ NK","CXCR6+ NK",1.08408525498669,"PBMC_Late"
"CXCR5- Naïve B","CXCR6+ NK",0.800227682822622,"PBMC_Late"
"CXCR5+ Naïve B","CXCR6+ NK",0.799432465862583,"PBMC_Late"
"CXCR6+ NK","CXCR6+ NK",1.10048281596975,"PBMC_Late"
"DC2","CXCR6+ NK",0.569769099534726,"PBMC_Late"
"Early_ERY","CXCR6+ NK",0.00159015212632623,"PBMC_Late"
"Gamma Delta V1 T","CXCR6+ NK",0.93635964105544,"PBMC_Late"
"Gamma Delta V2 T","CXCR6+ NK",1.00048060692515,"PBMC_Late"
"HSC_MPP","CXCR6+ NK",0.694205374338437,"PBMC_Late"
"ILC2/3","CXCR6+ NK",0.826873653251419,"PBMC_Late"
"Late_ERY","CXCR6+ NK",0,"PBMC_Late"
"Megakaryocytes","CXCR6+ NK",1.21476281324579,"PBMC_Late"
"MEMP","CXCR6+ NK",0.33995995260437,"PBMC_Late"
"MEP","CXCR6+ NK",0.458856182577031,"PBMC_Late"
"Mid_ERY","CXCR6+ NK",0,"PBMC_Late"
"Myeloid-CD177","CXCR6+ NK",0.173207349244568,"PBMC_Late"
"Naïve CD4 T","CXCR6+ NK",0.795056296369705,"PBMC_Late"
"Naïve CD8 T","CXCR6+ NK",0.855629645204563,"PBMC_Late"
"NK T","CXCR6+ NK",1.05785875265759,"PBMC_Late"
"pDC","CXCR6+ NK",0.660151623104975,"PBMC_Late"
"Pro-B","CXCR6+ NK",0.528568880740174,"PBMC_Late"
"Tem","CXCR6+ NK",1.006721258855,"PBMC_Late"
"Th17like_INNATE_T","CXCR6+ NK",1.01200541306564,"PBMC_Late"
"Treg","CXCR6+ NK",0.911544718971096,"PBMC_Late"
"abTentry","DC2",0.0147585295587612,"PBMC_Late"
"CD14+PPBP+ Monocytes","DC2",0.533290620024729,"PBMC_Late"
"CD56highCD16low NK","DC2",0.0257668389138177,"PBMC_Late"
"Classical Monocytes","DC2",0.295251147115164,"PBMC_Late"
"CX3CR1+ NK","DC2",0.219985745456414,"PBMC_Late"
"CXCR5- Naïve B","DC2",0.550726962089954,"PBMC_Late"
"CXCR5+ Naïve B","DC2",0.596145948570269,"PBMC_Late"
"CXCR6+ NK","DC2",0.201120846335665,"PBMC_Late"
"DC2","DC2",0.800231254434862,"PBMC_Late"
"Early_ERY","DC2",0.00232083056626403,"PBMC_Late"
"Gamma Delta V1 T","DC2",0.0916459902976659,"PBMC_Late"
"Gamma Delta V2 T","DC2",0.123862137570268,"PBMC_Late"
"HSC_MPP","DC2",0.473203491108026,"PBMC_Late"
"ILC2/3","DC2",0.0872074911636539,"PBMC_Late"
"Late_ERY","DC2",0,"PBMC_Late"
"Megakaryocytes","DC2",0.260398359205421,"PBMC_Late"
"MEMP","DC2",0.206095405184559,"PBMC_Late"
"MEP","DC2",0.148400336075487,"PBMC_Late"
"Mid_ERY","DC2",0,"PBMC_Late"
"Myeloid-CD177","DC2",0.0253468009207403,"PBMC_Late"
"Naïve CD4 T","DC2",0.0372017926616904,"PBMC_Late"
"Naïve CD8 T","DC2",0.0662399009521858,"PBMC_Late"
"NK T","DC2",0.140029687573378,"PBMC_Late"
"pDC","DC2",0.864028641783442,"PBMC_Late"
"Pro-B","DC2",0.531978244196539,"PBMC_Late"
"Tem","DC2",0.125561849962637,"PBMC_Late"
"Th17like_INNATE_T","DC2",0.152501433268554,"PBMC_Late"
"Treg","DC2",0.11470599081011,"PBMC_Late"
"abTentry","Early_ERY",0,"PBMC_Late"
"CD14+PPBP+ Monocytes","Early_ERY",0,"PBMC_Late"
"CD56highCD16low NK","Early_ERY",0,"PBMC_Late"
"Classical Monocytes","Early_ERY",0,"PBMC_Late"
"CX3CR1+ NK","Early_ERY",0,"PBMC_Late"
"CXCR5- Naïve B","Early_ERY",0,"PBMC_Late"
"CXCR5+ Naïve B","Early_ERY",0,"PBMC_Late"
"CXCR6+ NK","Early_ERY",0,"PBMC_Late"
"DC2","Early_ERY",0,"PBMC_Late"
"Early_ERY","Early_ERY",0,"PBMC_Late"
"Gamma Delta V1 T","Early_ERY",0,"PBMC_Late"
"Gamma Delta V2 T","Early_ERY",0,"PBMC_Late"
"HSC_MPP","Early_ERY",0,"PBMC_Late"
"ILC2/3","Early_ERY",0,"PBMC_Late"
"Late_ERY","Early_ERY",0,"PBMC_Late"
"Megakaryocytes","Early_ERY",0,"PBMC_Late"
"MEMP","Early_ERY",0,"PBMC_Late"
"MEP","Early_ERY",0,"PBMC_Late"
"Mid_ERY","Early_ERY",0,"PBMC_Late"
"Myeloid-CD177","Early_ERY",0,"PBMC_Late"
"Naïve CD4 T","Early_ERY",0,"PBMC_Late"
"Naïve CD8 T","Early_ERY",0,"PBMC_Late"
"NK T","Early_ERY",0,"PBMC_Late"
"pDC","Early_ERY",0,"PBMC_Late"
"Pro-B","Early_ERY",0,"PBMC_Late"
"Tem","Early_ERY",0,"PBMC_Late"
"Th17like_INNATE_T","Early_ERY",0,"PBMC_Late"
"Treg","Early_ERY",0,"PBMC_Late"
"abTentry","Gamma Delta V1 T",0.0352962787524765,"PBMC_Late"
"CD14+PPBP+ Monocytes","Gamma Delta V1 T",0.2327523402255,"PBMC_Late"
"CD56highCD16low NK","Gamma Delta V1 T",0.0146132024676658,"PBMC_Late"
"Classical Monocytes","Gamma Delta V1 T",0.104429998814563,"PBMC_Late"
"CX3CR1+ NK","Gamma Delta V1 T",0.233723803517844,"PBMC_Late"
"CXCR5- Naïve B","Gamma Delta V1 T",0.0869592384400015,"PBMC_Late"
"CXCR5+ Naïve B","Gamma Delta V1 T",0.0929480643074007,"PBMC_Late"
"CXCR6+ NK","Gamma Delta V1 T",0.182295643726914,"PBMC_Late"
"DC2","Gamma Delta V1 T",0.141475514233745,"PBMC_Late"
"Early_ERY","Gamma Delta V1 T",0,"PBMC_Late"
"Gamma Delta V1 T","Gamma Delta V1 T",0.120320910442117,"PBMC_Late"
"Gamma Delta V2 T","Gamma Delta V1 T",0.135493296439464,"PBMC_Late"
"HSC_MPP","Gamma Delta V1 T",0.142044959985801,"PBMC_Late"
"ILC2/3","Gamma Delta V1 T",0.107887487784385,"PBMC_Late"
"Late_ERY","Gamma Delta V1 T",0,"PBMC_Late"
"Megakaryocytes","Gamma Delta V1 T",0.189439098529576,"PBMC_Late"
"MEMP","Gamma Delta V1 T",0.0532209336811592,"PBMC_Late"
"MEP","Gamma Delta V1 T",0.0360900603780886,"PBMC_Late"
"Mid_ERY","Gamma Delta V1 T",0,"PBMC_Late"
"Myeloid-CD177","Gamma Delta V1 T",0.0115147475585815,"PBMC_Late"
"Naïve CD4 T","Gamma Delta V1 T",0.0832337453282307,"PBMC_Late"
"Naïve CD8 T","Gamma Delta V1 T",0.104849968161054,"PBMC_Late"
"NK T","Gamma Delta V1 T",0.16770897146395,"PBMC_Late"
"pDC","Gamma Delta V1 T",0.266993118972211,"PBMC_Late"
"Pro-B","Gamma Delta V1 T",0.165112377063017,"PBMC_Late"
"Tem","Gamma Delta V1 T",0.165068091847111,"PBMC_Late"
"Th17like_INNATE_T","Gamma Delta V1 T",0.175941133965084,"PBMC_Late"
"Treg","Gamma Delta V1 T",0.142161819542137,"PBMC_Late"
"abTentry","Gamma Delta V2 T",0.0650540844231973,"PBMC_Late"
"CD14+PPBP+ Monocytes","Gamma Delta V2 T",0.297755529949754,"PBMC_Late"
"CD56highCD16low NK","Gamma Delta V2 T",0.0448849252024305,"PBMC_Late"
"Classical Monocytes","Gamma Delta V2 T",0.133885289110055,"PBMC_Late"
"CX3CR1+ NK","Gamma Delta V2 T",0.291736447908218,"PBMC_Late"
"CXCR5- Naïve B","Gamma Delta V2 T",0.128172498958664,"PBMC_Late"
"CXCR5+ Naïve B","Gamma Delta V2 T",0.12989094346278,"PBMC_Late"
"CXCR6+ NK","Gamma Delta V2 T",0.280778250581791,"PBMC_Late"
"DC2","Gamma Delta V2 T",0.161508047482709,"PBMC_Late"
"Early_ERY","Gamma Delta V2 T",0,"PBMC_Late"
"Gamma Delta V1 T","Gamma Delta V2 T",0.173646754576859,"PBMC_Late"
"Gamma Delta V2 T","Gamma Delta V2 T",0.196303969245863,"PBMC_Late"
"HSC_MPP","Gamma Delta V2 T",0.204223811803935,"PBMC_Late"
"ILC2/3","Gamma Delta V2 T",0.162291271186578,"PBMC_Late"
"Late_ERY","Gamma Delta V2 T",0,"PBMC_Late"
"Megakaryocytes","Gamma Delta V2 T",0.254803354925309,"PBMC_Late"
"MEMP","Gamma Delta V2 T",0.0844918490530063,"PBMC_Late"
"MEP","Gamma Delta V2 T",0.069581334383317,"PBMC_Late"
"Mid_ERY","Gamma Delta V2 T",0,"PBMC_Late"
"Myeloid-CD177","Gamma Delta V2 T",0.0243246654796661,"PBMC_Late"
"Naïve CD4 T","Gamma Delta V2 T",0.113266342685681,"PBMC_Late"
"Naïve CD8 T","Gamma Delta V2 T",0.145341615990909,"PBMC_Late"
"NK T","Gamma Delta V2 T",0.210103821259988,"PBMC_Late"
"pDC","Gamma Delta V2 T",0.285621223983389,"PBMC_Late"
"Pro-B","Gamma Delta V2 T",0.199946439621759,"PBMC_Late"
"Tem","Gamma Delta V2 T",0.229653482144169,"PBMC_Late"
"Th17like_INNATE_T","Gamma Delta V2 T",0.238729319293324,"PBMC_Late"
"Treg","Gamma Delta V2 T",0.186210698668433,"PBMC_Late"
"abTentry","HSC_MPP",0.0825493756207107,"PBMC_Late"
"CD14+PPBP+ Monocytes","HSC_MPP",0.370530086100168,"PBMC_Late"
"CD56highCD16low NK","HSC_MPP",0,"PBMC_Late"
"Classical Monocytes","HSC_MPP",0.212018740695384,"PBMC_Late"
"CX3CR1+ NK","HSC_MPP",0.253963088324008,"PBMC_Late"
"CXCR5- Naïve B","HSC_MPP",0.0522973913604905,"PBMC_Late"
"CXCR5+ Naïve B","HSC_MPP",0.114331380019729,"PBMC_Late"
"CXCR6+ NK","HSC_MPP",0.22918198168028,"PBMC_Late"
"DC2","HSC_MPP",0.223749670302022,"PBMC_Late"
"Early_ERY","HSC_MPP",0,"PBMC_Late"
"Gamma Delta V1 T","HSC_MPP",0.187706604348249,"PBMC_Late"
"Gamma Delta V2 T","HSC_MPP",0.21217394271271,"PBMC_Late"
"HSC_MPP","HSC_MPP",0.309883850997931,"PBMC_Late"
"ILC2/3","HSC_MPP",0.214947109208489,"PBMC_Late"
"Late_ERY","HSC_MPP",0,"PBMC_Late"
"Megakaryocytes","HSC_MPP",0.219517362489672,"PBMC_Late"
"MEMP","HSC_MPP",0.0842083483075559,"PBMC_Late"
"MEP","HSC_MPP",0.0849337296098977,"PBMC_Late"
"Mid_ERY","HSC_MPP",0,"PBMC_Late"
"Myeloid-CD177","HSC_MPP",0.0151586539750287,"PBMC_Late"
"Naïve CD4 T","HSC_MPP",0.160923883567087,"PBMC_Late"
"Naïve CD8 T","HSC_MPP",0.198540398118757,"PBMC_Late"
"NK T","HSC_MPP",0.222570043385396,"PBMC_Late"
"pDC","HSC_MPP",0.543560996141389,"PBMC_Late"
"Pro-B","HSC_MPP",0.270514398368753,"PBMC_Late"
"Tem","HSC_MPP",0.219526429827625,"PBMC_Late"
"Th17like_INNATE_T","HSC_MPP",0.231015824488471,"PBMC_Late"
"Treg","HSC_MPP",0.244165542633927,"PBMC_Late"
"abTentry","ILC2/3",0.242868998461196,"PBMC_Late"
"CD14+PPBP+ Monocytes","ILC2/3",0.367404288217047,"PBMC_Late"
"CD56highCD16low NK","ILC2/3",0.134405233177221,"PBMC_Late"
"Classical Monocytes","ILC2/3",0.133326779728517,"PBMC_Late"
"CX3CR1+ NK","ILC2/3",0.466761338903355,"PBMC_Late"
"CXCR5- Naïve B","ILC2/3",0.33498832906502,"PBMC_Late"
"CXCR5+ Naïve B","ILC2/3",0.367378290740548,"PBMC_Late"
"CXCR6+ NK","ILC2/3",0.539362712581019,"PBMC_Late"
"DC2","ILC2/3",0.183299805504757,"PBMC_Late"
"Early_ERY","ILC2/3",0,"PBMC_Late"
"Gamma Delta V1 T","ILC2/3",0.405348932737848,"PBMC_Late"
"Gamma Delta V2 T","ILC2/3",0.450330454102148,"PBMC_Late"
"HSC_MPP","ILC2/3",0.342275795059696,"PBMC_Late"
"ILC2/3","ILC2/3",0.377444144105293,"PBMC_Late"
"Late_ERY","ILC2/3",0,"PBMC_Late"
"Megakaryocytes","ILC2/3",0.377505207708005,"PBMC_Late"
"MEMP","ILC2/3",0.129222851769043,"PBMC_Late"
"MEP","ILC2/3",0.192262047008738,"PBMC_Late"
"Mid_ERY","ILC2/3",0,"PBMC_Late"
"Myeloid-CD177","ILC2/3",0.0130444439500202,"PBMC_Late"
"Naïve CD4 T","ILC2/3",0.270495193182102,"PBMC_Late"
"Naïve CD8 T","ILC2/3",0.369201115217695,"PBMC_Late"
"NK T","ILC2/3",0.461214363124383,"PBMC_Late"
"pDC","ILC2/3",0.329758583847059,"PBMC_Late"
"Pro-B","ILC2/3",0.276919737596156,"PBMC_Late"
"Tem","ILC2/3",0.49758580975717,"PBMC_Late"
"Th17like_INNATE_T","ILC2/3",0.434935475467863,"PBMC_Late"
"Treg","ILC2/3",0.396672895299687,"PBMC_Late"
"abTentry","Late_ERY",0,"PBMC_Late"
"CD14+PPBP+ Monocytes","Late_ERY",0,"PBMC_Late"
"CD56highCD16low NK","Late_ERY",0,"PBMC_Late"
"Classical Monocytes","Late_ERY",0,"PBMC_Late"
"CX3CR1+ NK","Late_ERY",0,"PBMC_Late"
"CXCR5- Naïve B","Late_ERY",0,"PBMC_Late"
"CXCR5+ Naïve B","Late_ERY",0,"PBMC_Late"
"CXCR6+ NK","Late_ERY",0,"PBMC_Late"
"DC2","Late_ERY",0,"PBMC_Late"
"Early_ERY","Late_ERY",0,"PBMC_Late"
"Gamma Delta V1 T","Late_ERY",0,"PBMC_Late"
"Gamma Delta V2 T","Late_ERY",0,"PBMC_Late"
"HSC_MPP","Late_ERY",0,"PBMC_Late"
"ILC2/3","Late_ERY",0,"PBMC_Late"
"Late_ERY","Late_ERY",0,"PBMC_Late"
"Megakaryocytes","Late_ERY",0,"PBMC_Late"
"MEMP","Late_ERY",0,"PBMC_Late"
"MEP","Late_ERY",0,"PBMC_Late"
"Mid_ERY","Late_ERY",0,"PBMC_Late"
"Myeloid-CD177","Late_ERY",0,"PBMC_Late"
"Naïve CD4 T","Late_ERY",0,"PBMC_Late"
"Naïve CD8 T","Late_ERY",0,"PBMC_Late"
"NK T","Late_ERY",0,"PBMC_Late"
"pDC","Late_ERY",0,"PBMC_Late"
"Pro-B","Late_ERY",0,"PBMC_Late"
"Tem","Late_ERY",0,"PBMC_Late"
"Th17like_INNATE_T","Late_ERY",0,"PBMC_Late"
"Treg","Late_ERY",0,"PBMC_Late"
"abTentry","Megakaryocytes",0.0070926707498524,"PBMC_Late"
"CD14+PPBP+ Monocytes","Megakaryocytes",0.278267647024324,"PBMC_Late"
"CD56highCD16low NK","Megakaryocytes",0.0225522535280954,"PBMC_Late"
"Classical Monocytes","Megakaryocytes",0.160997873782834,"PBMC_Late"
"CX3CR1+ NK","Megakaryocytes",0.238245970711383,"PBMC_Late"
"CXCR5- Naïve B","Megakaryocytes",0.00481814113569926,"PBMC_Late"
"CXCR5+ Naïve B","Megakaryocytes",0.0195704076550581,"PBMC_Late"
"CXCR6+ NK","Megakaryocytes",0.215583789116552,"PBMC_Late"
"DC2","Megakaryocytes",0.169667304729892,"PBMC_Late"
"Early_ERY","Megakaryocytes",0,"PBMC_Late"
"Gamma Delta V1 T","Megakaryocytes",0.145625730035415,"PBMC_Late"
"Gamma Delta V2 T","Megakaryocytes",0.178046404565956,"PBMC_Late"
"HSC_MPP","Megakaryocytes",0.184513155195155,"PBMC_Late"
"ILC2/3","Megakaryocytes",0.138465116402933,"PBMC_Late"
"Late_ERY","Megakaryocytes",0,"PBMC_Late"
"Megakaryocytes","Megakaryocytes",0.240513181049278,"PBMC_Late"
"MEMP","Megakaryocytes",0.071661447133071,"PBMC_Late"
"MEP","Megakaryocytes",0.0518781128917847,"PBMC_Late"
"Mid_ERY","Megakaryocytes",0,"PBMC_Late"
"Myeloid-CD177","Megakaryocytes",0.0293724570600624,"PBMC_Late"
"Naïve CD4 T","Megakaryocytes",0.0670136194397651,"PBMC_Late"
"Naïve CD8 T","Megakaryocytes",0.0761014849138449,"PBMC_Late"
"NK T","Megakaryocytes",0.197385590385181,"PBMC_Late"
"pDC","Megakaryocytes",0.183156664805827,"PBMC_Late"
"Pro-B","Megakaryocytes",0.191703804949893,"PBMC_Late"
"Tem","Megakaryocytes",0.157154103158804,"PBMC_Late"
"Th17like_INNATE_T","Megakaryocytes",0.165406137072472,"PBMC_Late"
"Treg","Megakaryocytes",0.13193543072353,"PBMC_Late"
"abTentry","MEMP",0.010330060555693,"PBMC_Late"
"CD14+PPBP+ Monocytes","MEMP",0.17702499721707,"PBMC_Late"
"CD56highCD16low NK","MEMP",0.0111447869936344,"PBMC_Late"
"Classical Monocytes","MEMP",0.102103113156446,"PBMC_Late"
"CX3CR1+ NK","MEMP",0.11872944677176,"PBMC_Late"
"CXCR5- Naïve B","MEMP",0.0296291431608432,"PBMC_Late"
"CXCR5+ Naïve B","MEMP",0.0314301903031139,"PBMC_Late"
"CXCR6+ NK","MEMP",0.112555625512246,"PBMC_Late"
"DC2","MEMP",0.0893215264440495,"PBMC_Late"
"Early_ERY","MEMP",0,"PBMC_Late"
"Gamma Delta V1 T","MEMP",0.0677092501481631,"PBMC_Late"
"Gamma Delta V2 T","MEMP",0.0819866558986996,"PBMC_Late"
"HSC_MPP","MEMP",0.120236344892486,"PBMC_Late"
"ILC2/3","MEMP",0.0665199995690891,"PBMC_Late"
"Late_ERY","MEMP",0,"PBMC_Late"
"Megakaryocytes","MEMP",0.106120179387867,"PBMC_Late"
"MEMP","MEMP",0.0268084615927803,"PBMC_Late"
"MEP","MEMP",0.0269829937837921,"PBMC_Late"
"Mid_ERY","MEMP",0,"PBMC_Late"
"Myeloid-CD177","MEMP",0.0133841449980347,"PBMC_Late"
"Naïve CD4 T","MEMP",0.0292272898726125,"PBMC_Late"
"Naïve CD8 T","MEMP",0.0273857076447487,"PBMC_Late"
"NK T","MEMP",0.0888339721085107,"PBMC_Late"
"pDC","MEMP",0.232139347679296,"PBMC_Late"
"Pro-B","MEMP",0.127042903836652,"PBMC_Late"
"Tem","MEMP",0.0685632162035545,"PBMC_Late"
"Th17like_INNATE_T","MEMP",0.0713836688807883,"PBMC_Late"
"Treg","MEMP",0.0622867794721729,"PBMC_Late"
"abTentry","MEP",0.00150431418778029,"PBMC_Late"
"CD14+PPBP+ Monocytes","MEP",0.190329368501638,"PBMC_Late"
"CD56highCD16low NK","MEP",0.0411718432081032,"PBMC_Late"
"Classical Monocytes","MEP",0.123592151941545,"PBMC_Late"
"CX3CR1+ NK","MEP",0.127506767281981,"PBMC_Late"
"CXCR5- Naïve B","MEP",0.0183447318510948,"PBMC_Late"
"CXCR5+ Naïve B","MEP",0.0184212901763518,"PBMC_Late"
"CXCR6+ NK","MEP",0.0971077876335613,"PBMC_Late"
"DC2","MEP",0.0904486395924309,"PBMC_Late"
"Early_ERY","MEP",0,"PBMC_Late"
"Gamma Delta V1 T","MEP",0.0517168342188381,"PBMC_Late"
"Gamma Delta V2 T","MEP",0.0515748368936008,"PBMC_Late"
"HSC_MPP","MEP",0.07244965665463,"PBMC_Late"
"ILC2/3","MEP",0.0305760540550334,"PBMC_Late"
"Late_ERY","MEP",0,"PBMC_Late"
"Megakaryocytes","MEP",0.0731593170008933,"PBMC_Late"
"MEMP","MEP",0.000541548053436207,"PBMC_Late"
"MEP","MEP",0.0241283248085041,"PBMC_Late"
"Mid_ERY","MEP",0,"PBMC_Late"
"Myeloid-CD177","MEP",0.0549246339356215,"PBMC_Late"
"Naïve CD4 T","MEP",0.027247238119504,"PBMC_Late"
"Naïve CD8 T","MEP",0.032804918698875,"PBMC_Late"
"NK T","MEP",0.0784638069091878,"PBMC_Late"
"pDC","MEP",0.13758076575256,"PBMC_Late"
"Pro-B","MEP",0.0419039929150069,"PBMC_Late"
"Tem","MEP",0.0415071070003832,"PBMC_Late"
"Th17like_INNATE_T","MEP",0.0531413132265695,"PBMC_Late"
"Treg","MEP",0.0289728344035529,"PBMC_Late"
"abTentry","Mid_ERY",0,"PBMC_Late"
"CD14+PPBP+ Monocytes","Mid_ERY",0.0466107157587195,"PBMC_Late"
"CD56highCD16low NK","Mid_ERY",0.0285444172625062,"PBMC_Late"
"Classical Monocytes","Mid_ERY",0.0385617429212603,"PBMC_Late"
"CX3CR1+ NK","Mid_ERY",0.0455595287995571,"PBMC_Late"
"CXCR5- Naïve B","Mid_ERY",0,"PBMC_Late"
"CXCR5+ Naïve B","Mid_ERY",0,"PBMC_Late"
"CXCR6+ NK","Mid_ERY",0.0422147663701476,"PBMC_Late"
"DC2","Mid_ERY",0.0242148458216687,"PBMC_Late"
"Early_ERY","Mid_ERY",0,"PBMC_Late"
"Gamma Delta V1 T","Mid_ERY",0,"PBMC_Late"
"Gamma Delta V2 T","Mid_ERY",0,"PBMC_Late"
"HSC_MPP","Mid_ERY",0,"PBMC_Late"
"ILC2/3","Mid_ERY",0.0145490585783128,"PBMC_Late"
"Late_ERY","Mid_ERY",0,"PBMC_Late"
"Megakaryocytes","Mid_ERY",0,"PBMC_Late"
"MEMP","Mid_ERY",0,"PBMC_Late"
"MEP","Mid_ERY",0,"PBMC_Late"
"Mid_ERY","Mid_ERY",0,"PBMC_Late"
"Myeloid-CD177","Mid_ERY",0.0283502691257822,"PBMC_Late"
"Naïve CD4 T","Mid_ERY",0,"PBMC_Late"
"Naïve CD8 T","Mid_ERY",0,"PBMC_Late"
"NK T","Mid_ERY",0.0136167640914421,"PBMC_Late"
"pDC","Mid_ERY",0,"PBMC_Late"
"Pro-B","Mid_ERY",0,"PBMC_Late"
"Tem","Mid_ERY",0,"PBMC_Late"
"Th17like_INNATE_T","Mid_ERY",0,"PBMC_Late"
"Treg","Mid_ERY",0,"PBMC_Late"
"abTentry","Myeloid-CD177",0,"PBMC_Late"
"CD14+PPBP+ Monocytes","Myeloid-CD177",0.121920537249009,"PBMC_Late"
"CD56highCD16low NK","Myeloid-CD177",0.0488355816575948,"PBMC_Late"
"Classical Monocytes","Myeloid-CD177",0.080296897268824,"PBMC_Late"
"CX3CR1+ NK","Myeloid-CD177",0.0841392658917729,"PBMC_Late"
"CXCR5- Naïve B","Myeloid-CD177",0.0409660622084912,"PBMC_Late"
"CXCR5+ Naïve B","Myeloid-CD177",0.0590768585478018,"PBMC_Late"
"CXCR6+ NK","Myeloid-CD177",0.0824248352461793,"PBMC_Late"
"DC2","Myeloid-CD177",0.0480493988949694,"PBMC_Late"
"Early_ERY","Myeloid-CD177",0,"PBMC_Late"
"Gamma Delta V1 T","Myeloid-CD177",0.00582857348568087,"PBMC_Late"
"Gamma Delta V2 T","Myeloid-CD177",0.024606165092201,"PBMC_Late"
"HSC_MPP","Myeloid-CD177",0.0164558355198884,"PBMC_Late"
"ILC2/3","Myeloid-CD177",0.0316403577053386,"PBMC_Late"
"Late_ERY","Myeloid-CD177",0,"PBMC_Late"
"Megakaryocytes","Myeloid-CD177",0.0303138688623928,"PBMC_Late"
"MEMP","Myeloid-CD177",0.0095884327307035,"PBMC_Late"
"MEP","Myeloid-CD177",0.0315173462950398,"PBMC_Late"
"Mid_ERY","Myeloid-CD177",0,"PBMC_Late"
"Myeloid-CD177","Myeloid-CD177",0.0558890942717056,"PBMC_Late"
"Naïve CD4 T","Myeloid-CD177",0.0050238375953343,"PBMC_Late"
"Naïve CD8 T","Myeloid-CD177",0.025919333472741,"PBMC_Late"
"NK T","Myeloid-CD177",0.0335894252863644,"PBMC_Late"
"pDC","Myeloid-CD177",0.0184737291962463,"PBMC_Late"
"Pro-B","Myeloid-CD177",0.022261235444679,"PBMC_Late"
"Tem","Myeloid-CD177",0.0268624000879628,"PBMC_Late"
"Th17like_INNATE_T","Myeloid-CD177",0.0383143076512468,"PBMC_Late"
"Treg","Myeloid-CD177",0.00476125185547002,"PBMC_Late"
"abTentry","Naïve CD4 T",0,"PBMC_Late"
"CD14+PPBP+ Monocytes","Naïve CD4 T",0.233813357634202,"PBMC_Late"
"CD56highCD16low NK","Naïve CD4 T",0.0240087687050202,"PBMC_Late"
"Classical Monocytes","Naïve CD4 T",0.161125079949933,"PBMC_Late"
"CX3CR1+ NK","Naïve CD4 T",0.174172753957654,"PBMC_Late"
"CXCR5- Naïve B","Naïve CD4 T",0.240873397122331,"PBMC_Late"
"CXCR5+ Naïve B","Naïve CD4 T",0.254389351087629,"PBMC_Late"
"CXCR6+ NK","Naïve CD4 T",0.128441746155853,"PBMC_Late"
"DC2","Naïve CD4 T",0.393848346880705,"PBMC_Late"
"Early_ERY","Naïve CD4 T",0,"PBMC_Late"
"Gamma Delta V1 T","Naïve CD4 T",0.0563173661419027,"PBMC_Late"
"Gamma Delta V2 T","Naïve CD4 T",0.0611908275524603,"PBMC_Late"
"HSC_MPP","Naïve CD4 T",0.139249123886823,"PBMC_Late"
"ILC2/3","Naïve CD4 T",0.0591216582215883,"PBMC_Late"
"Late_ERY","Naïve CD4 T",0,"PBMC_Late"
"Megakaryocytes","Naïve CD4 T",0.0463942685011924,"PBMC_Late"
"MEMP","Naïve CD4 T",0.0472614920427455,"PBMC_Late"
"MEP","Naïve CD4 T",0.0204256544751835,"PBMC_Late"
"Mid_ERY","Naïve CD4 T",0,"PBMC_Late"
"Myeloid-CD177","Naïve CD4 T",0.0238447130861598,"PBMC_Late"
"Naïve CD4 T","Naïve CD4 T",0.0392083052213165,"PBMC_Late"
"Naïve CD8 T","Naïve CD4 T",0.0744513908921604,"PBMC_Late"
"NK T","Naïve CD4 T",0.0679872267107043,"PBMC_Late"
"pDC","Naïve CD4 T",0.388804007907996,"PBMC_Late"
"Pro-B","Naïve CD4 T",0.148384769078121,"PBMC_Late"
"Tem","Naïve CD4 T",0.101883847693887,"PBMC_Late"
"Th17like_INNATE_T","Naïve CD4 T",0.101537005330427,"PBMC_Late"
"Treg","Naïve CD4 T",0.0908717831442983,"PBMC_Late"
"abTentry","Naïve CD8 T",0.953357215739172,"PBMC_Late"
"CD14+PPBP+ Monocytes","Naïve CD8 T",1.65077231029416,"PBMC_Late"
"CD56highCD16low NK","Naïve CD8 T",1.00493414467601,"PBMC_Late"
"Classical Monocytes","Naïve CD8 T",1.36621343852265,"PBMC_Late"
"CX3CR1+ NK","Naïve CD8 T",2.05874062415644,"PBMC_Late"
"CXCR5- Naïve B","Naïve CD8 T",1.42308709644517,"PBMC_Late"
"CXCR5+ Naïve B","Naïve CD8 T",1.367359859031,"PBMC_Late"
"CXCR6+ NK","Naïve CD8 T",1.82225073926383,"PBMC_Late"
"DC2","Naïve CD8 T",1.30577777150438,"PBMC_Late"
"Early_ERY","Naïve CD8 T",0.0562200325092071,"PBMC_Late"
"Gamma Delta V1 T","Naïve CD8 T",1.65956563410322,"PBMC_Late"
"Gamma Delta V2 T","Naïve CD8 T",1.69462970795359,"PBMC_Late"
"HSC_MPP","Naïve CD8 T",0.925955535321818,"PBMC_Late"
"ILC2/3","Naïve CD8 T",1.47591609817926,"PBMC_Late"
"Late_ERY","Naïve CD8 T",0,"PBMC_Late"
"Megakaryocytes","Naïve CD8 T",1.58477437675975,"PBMC_Late"
"MEMP","Naïve CD8 T",0.564213802851303,"PBMC_Late"
"MEP","Naïve CD8 T",0.711414303696445,"PBMC_Late"
"Mid_ERY","Naïve CD8 T",0,"PBMC_Late"
"Myeloid-CD177","Naïve CD8 T",0.271225033565887,"PBMC_Late"
"Naïve CD4 T","Naïve CD8 T",1.53396451691189,"PBMC_Late"
"Naïve CD8 T","Naïve CD8 T",1.67493455677599,"PBMC_Late"
"NK T","Naïve CD8 T",1.85214998530906,"PBMC_Late"
"pDC","Naïve CD8 T",1.2842368884932,"PBMC_Late"
"Pro-B","Naïve CD8 T",1.05719641918694,"PBMC_Late"
"Tem","Naïve CD8 T",1.69717443162585,"PBMC_Late"
"Th17like_INNATE_T","Naïve CD8 T",1.75482335632588,"PBMC_Late"
"Treg","Naïve CD8 T",1.69306947191416,"PBMC_Late"
"abTentry","NK T",0.752647742219623,"PBMC_Late"
"CD14+PPBP+ Monocytes","NK T",1.43774372576095,"PBMC_Late"
"CD56highCD16low NK","NK T",0.68978778420589,"PBMC_Late"
"Classical Monocytes","NK T",1.07527875053172,"PBMC_Late"
"CX3CR1+ NK","NK T",1.6767756920171,"PBMC_Late"
"CXCR5- Naïve B","NK T",1.13521457470092,"PBMC_Late"
"CXCR5+ Naïve B","NK T",1.09455766992135,"PBMC_Late"
"CXCR6+ NK","NK T",1.49680802618912,"PBMC_Late"
"DC2","NK T",1.03338778965936,"PBMC_Late"
"Early_ERY","NK T",0.0347229938575423,"PBMC_Late"
"Gamma Delta V1 T","NK T",1.34967332786141,"PBMC_Late"
"Gamma Delta V2 T","NK T",1.39238470399961,"PBMC_Late"
"HSC_MPP","NK T",0.843946675745518,"PBMC_Late"
"ILC2/3","NK T",1.18674886006812,"PBMC_Late"
"Late_ERY","NK T",0,"PBMC_Late"
"Megakaryocytes","NK T",1.48329915355402,"PBMC_Late"
"MEMP","NK T",0.484224040455798,"PBMC_Late"
"MEP","NK T",0.599730574381965,"PBMC_Late"
"Mid_ERY","NK T",0,"PBMC_Late"
"Myeloid-CD177","NK T",0.200899933011798,"PBMC_Late"
"Naïve CD4 T","NK T",1.21499403954138,"PBMC_Late"
"Naïve CD8 T","NK T",1.3064873145768,"PBMC_Late"
"NK T","NK T",1.51224899602949,"PBMC_Late"
"pDC","NK T",1.09928369008327,"PBMC_Late"
"Pro-B","NK T",0.926860869671102,"PBMC_Late"
"Tem","NK T",1.38490224574744,"PBMC_Late"
"Th17like_INNATE_T","NK T",1.45547780148088,"PBMC_Late"
"Treg","NK T",1.37509337077273,"PBMC_Late"
"abTentry","pDC",0.0101366053606348,"PBMC_Late"
"CD14+PPBP+ Monocytes","pDC",0.605205774184113,"PBMC_Late"
"CD56highCD16low NK","pDC",0.0280293118719277,"PBMC_Late"
"Classical Monocytes","pDC",0.383908296924108,"PBMC_Late"
"CX3CR1+ NK","pDC",0.236826121471274,"PBMC_Late"
"CXCR5- Naïve B","pDC",0.794035946886767,"PBMC_Late"
"CXCR5+ Naïve B","pDC",0.840284097520192,"PBMC_Late"
"CXCR6+ NK","pDC",0.204441600806546,"PBMC_Late"
"DC2","pDC",1.13711222165351,"PBMC_Late"
"Early_ERY","pDC",0,"PBMC_Late"
"Gamma Delta V1 T","pDC",0.112149156321551,"PBMC_Late"
"Gamma Delta V2 T","pDC",0.127220833947847,"PBMC_Late"
"HSC_MPP","pDC",0.560573264343059,"PBMC_Late"
"ILC2/3","pDC",0.109971299665394,"PBMC_Late"
"Late_ERY","pDC",0,"PBMC_Late"
"Megakaryocytes","pDC",0.224319457614837,"PBMC_Late"
"MEMP","pDC",0.254926950444863,"PBMC_Late"
"MEP","pDC",0.160863156711441,"PBMC_Late"
"Mid_ERY","pDC",0,"PBMC_Late"
"Myeloid-CD177","pDC",0.0233321531220485,"PBMC_Late"
"Naïve CD4 T","pDC",0.0557442688893131,"PBMC_Late"
"Naïve CD8 T","pDC",0.0907000713463589,"PBMC_Late"
"NK T","pDC",0.145683932816927,"PBMC_Late"
"pDC","pDC",1.09409023232189,"PBMC_Late"
"Pro-B","pDC",0.650654147266438,"PBMC_Late"
"Tem","pDC",0.148240596795752,"PBMC_Late"
"Th17like_INNATE_T","pDC",0.165175469122664,"PBMC_Late"
"Treg","pDC",0.138066577590865,"PBMC_Late"
"abTentry","Pro-B",0.0408266776742217,"PBMC_Late"
"CD14+PPBP+ Monocytes","Pro-B",0.316232487974458,"PBMC_Late"
"CD56highCD16low NK","Pro-B",0.0160040800922182,"PBMC_Late"
"Classical Monocytes","Pro-B",0.143864323871583,"PBMC_Late"
"CX3CR1+ NK","Pro-B",0.171959237235164,"PBMC_Late"
"CXCR5- Naïve B","Pro-B",0.0603838440596485,"PBMC_Late"
"CXCR5+ Naïve B","Pro-B",0.0828975238849485,"PBMC_Late"
"CXCR6+ NK","Pro-B",0.174548419011206,"PBMC_Late"
"DC2","Pro-B",0.154449418716863,"PBMC_Late"
"Early_ERY","Pro-B",0,"PBMC_Late"
"Gamma Delta V1 T","Pro-B",0.142430106113025,"PBMC_Late"
"Gamma Delta V2 T","Pro-B",0.159769108546147,"PBMC_Late"
"HSC_MPP","Pro-B",0.313809885600426,"PBMC_Late"
"ILC2/3","Pro-B",0.142443820341394,"PBMC_Late"
"Late_ERY","Pro-B",0,"PBMC_Late"
"Megakaryocytes","Pro-B",0.27277073061117,"PBMC_Late"
"MEMP","Pro-B",0.10705184696937,"PBMC_Late"
"MEP","Pro-B",0.072426279319325,"PBMC_Late"
"Mid_ERY","Pro-B",0,"PBMC_Late"
"Myeloid-CD177","Pro-B",0.0259841987101025,"PBMC_Late"
"Naïve CD4 T","Pro-B",0.0710307678360569,"PBMC_Late"
"Naïve CD8 T","Pro-B",0.0753311881502223,"PBMC_Late"
"NK T","Pro-B",0.176391924595168,"PBMC_Late"
"pDC","Pro-B",0.46777379000102,"PBMC_Late"
"Pro-B","Pro-B",0.327190996726154,"PBMC_Late"
"Tem","Pro-B",0.129492312516282,"PBMC_Late"
"Th17like_INNATE_T","Pro-B",0.151772199541562,"PBMC_Late"
"Treg","Pro-B",0.138921268079441,"PBMC_Late"
"abTentry","Tem",0.0948910806340546,"PBMC_Late"
"CD14+PPBP+ Monocytes","Tem",0.334691010090198,"PBMC_Late"
"CD56highCD16low NK","Tem",0.0829781489492822,"PBMC_Late"
"Classical Monocytes","Tem",0.179139700029837,"PBMC_Late"
"CX3CR1+ NK","Tem",0.293618035410207,"PBMC_Late"
"CXCR5- Naïve B","Tem",0.357460255303888,"PBMC_Late"
"CXCR5+ Naïve B","Tem",0.387875655695009,"PBMC_Late"
"CXCR6+ NK","Tem",0.329671463173785,"PBMC_Late"
"DC2","Tem",0.440284043573642,"PBMC_Late"
"Early_ERY","Tem",0,"PBMC_Late"
"Gamma Delta V1 T","Tem",0.184942501042703,"PBMC_Late"
"Gamma Delta V2 T","Tem",0.2151901153195,"PBMC_Late"
"HSC_MPP","Tem",0.289433619222301,"PBMC_Late"
"ILC2/3","Tem",0.193416197484402,"PBMC_Late"
"Late_ERY","Tem",0,"PBMC_Late"
"Megakaryocytes","Tem",0.193500988199836,"PBMC_Late"
"MEMP","Tem",0.116041636022057,"PBMC_Late"
"MEP","Tem",0.0966333371087238,"PBMC_Late"
"Mid_ERY","Tem",0,"PBMC_Late"
"Myeloid-CD177","Tem",0.0295460135870982,"PBMC_Late"
"Naïve CD4 T","Tem",0.100345016366631,"PBMC_Late"
"Naïve CD8 T","Tem",0.169123550558479,"PBMC_Late"
"NK T","Tem",0.235391470333778,"PBMC_Late"
"pDC","Tem",0.391657149499527,"PBMC_Late"
"Pro-B","Tem",0.272252195652902,"PBMC_Late"
"Tem","Tem",0.25458631811241,"PBMC_Late"
"Th17like_INNATE_T","Tem",0.23540587260025,"PBMC_Late"
"Treg","Tem",0.194411465601275,"PBMC_Late"
"abTentry","Th17like_INNATE_T",0.185672986136167,"PBMC_Late"
"CD14+PPBP+ Monocytes","Th17like_INNATE_T",0.367029752296034,"PBMC_Late"
"CD56highCD16low NK","Th17like_INNATE_T",0.143758879981822,"PBMC_Late"
"Classical Monocytes","Th17like_INNATE_T",0.175877434717553,"PBMC_Late"
"CX3CR1+ NK","Th17like_INNATE_T",0.442318602383192,"PBMC_Late"
"CXCR5- Naïve B","Th17like_INNATE_T",0.248120730291616,"PBMC_Late"
"CXCR5+ Naïve B","Th17like_INNATE_T",0.275426191168645,"PBMC_Late"
"CXCR6+ NK","Th17like_INNATE_T",0.510507885476169,"PBMC_Late"
"DC2","Th17like_INNATE_T",0.230654830174406,"PBMC_Late"
"Early_ERY","Th17like_INNATE_T",0,"PBMC_Late"
"Gamma Delta V1 T","Th17like_INNATE_T",0.326438167419947,"PBMC_Late"
"Gamma Delta V2 T","Th17like_INNATE_T",0.376972845074707,"PBMC_Late"
"HSC_MPP","Th17like_INNATE_T",0.305480635519073,"PBMC_Late"
"ILC2/3","Th17like_INNATE_T",0.304376532049295,"PBMC_Late"
"Late_ERY","Th17like_INNATE_T",0,"PBMC_Late"
"Megakaryocytes","Th17like_INNATE_T",0.29408162504256,"PBMC_Late"
"MEMP","Th17like_INNATE_T",0.108415051736133,"PBMC_Late"
"MEP","Th17like_INNATE_T",0.159263189413115,"PBMC_Late"
"Mid_ERY","Th17like_INNATE_T",0,"PBMC_Late"
"Myeloid-CD177","Th17like_INNATE_T",0.0505350912622697,"PBMC_Late"
"Naïve CD4 T","Th17like_INNATE_T",0.196223537533272,"PBMC_Late"
"Naïve CD8 T","Th17like_INNATE_T",0.287250775285896,"PBMC_Late"
"NK T","Th17like_INNATE_T",0.386474979196129,"PBMC_Late"
"pDC","Th17like_INNATE_T",0.289068279737804,"PBMC_Late"
"Pro-B","Th17like_INNATE_T",0.229117651034359,"PBMC_Late"
"Tem","Th17like_INNATE_T",0.413544041852411,"PBMC_Late"
"Th17like_INNATE_T","Th17like_INNATE_T",0.356470570050364,"PBMC_Late"
"Treg","Th17like_INNATE_T",0.316161651298292,"PBMC_Late"
"abTentry","Treg",0,"PBMC_Late"
"CD14+PPBP+ Monocytes","Treg",0.284502407061417,"PBMC_Late"
"CD56highCD16low NK","Treg",0,"PBMC_Late"
"Classical Monocytes","Treg",0.178834096507625,"PBMC_Late"
"CX3CR1+ NK","Treg",0.198870507980438,"PBMC_Late"
"CXCR5- Naïve B","Treg",0.25993307118371,"PBMC_Late"
"CXCR5+ Naïve B","Treg",0.28142832342478,"PBMC_Late"
"CXCR6+ NK","Treg",0.155617126935391,"PBMC_Late"
"DC2","Treg",0.455238354766098,"PBMC_Late"
"Early_ERY","Treg",0,"PBMC_Late"
"Gamma Delta V1 T","Treg",0.0885089396670302,"PBMC_Late"
"Gamma Delta V2 T","Treg",0.0992273437843298,"PBMC_Late"
"HSC_MPP","Treg",0.203243002151384,"PBMC_Late"
"ILC2/3","Treg",0.0907590031134859,"PBMC_Late"
"Late_ERY","Treg",0,"PBMC_Late"
"Megakaryocytes","Treg",0.106818821479846,"PBMC_Late"
"MEMP","Treg",0.0830899471221085,"PBMC_Late"
"MEP","Treg",0.0227666938832292,"PBMC_Late"
"Mid_ERY","Treg",0,"PBMC_Late"
"Myeloid-CD177","Treg",0,"PBMC_Late"
"Naïve CD4 T","Treg",0.0423628850620373,"PBMC_Late"
"Naïve CD8 T","Treg",0.0775692432631828,"PBMC_Late"
"NK T","Treg",0.111170113697525,"PBMC_Late"
"pDC","Treg",0.455642275252451,"PBMC_Late"
"Pro-B","Treg",0.251031064631427,"PBMC_Late"
"Tem","Treg",0.131164621622048,"PBMC_Late"
"Th17like_INNATE_T","Treg",0.138113634491304,"PBMC_Late"
"Treg","Treg",0.118350798766022,"PBMC_Late"
