Vgene,Jgene,component,combo,frequency,percentage,age_basis,n_samples,rho,p_value,p_adjusted_bh,legacy_display,standardized_fdr10,standardized_fdr05,direction,Per
IGKV1-NL1,IGKJ1,IGK,IGKV1-NL1_IGKJ1,14,0.1399580125962211,legacy_plot_age,20,-0.084850533457695193,0.722086125445621,0.9027778079915014,FALSE,FALSE,FALSE,-,0.1399580125962211
IGKV3D-7,IGKJ1,IGK,IGKV3D-7_IGKJ1,1,0.00999700089973,legacy_plot_age,20,-0.1194020984506189,0.616089875618355,0.9027778079915014,FALSE,FALSE,FALSE,-,0.00999700089973
IGKV1D-8,IGKJ1,IGK,IGKV1D-8_IGKJ1,41,0.4098770368889333,legacy_plot_age,20,-0.0280416513804673,0.906579754494352,0.9692212126809046,FALSE,FALSE,FALSE,-,0.4098770368889333
IGKV1D-43,IGKJ1,IGK,IGKV1D-43_IGKJ1,0,0,NA,NA,NA,NA,NA,FALSE,NA,NA,NA,0
IGKV3D-11,IGKJ1,IGK,IGKV3D-11_IGKJ1,1,0.00999700089973,legacy_plot_age,20,0.2189038471594681,0.3537977887689535,0.7984902353489993,FALSE,FALSE,FALSE,+,0.00999700089973
IGKV1D-12,IGKJ1,IGK,IGKV1D-12_IGKJ1,0,0,NA,NA,NA,NA,NA,FALSE,NA,NA,NA,0
IGKV1D-13,IGKJ1,IGK,IGKV1D-13_IGKJ1,3,0.0299910026991902,legacy_plot_age,20,-0.256502623228428,0.2749887803417784,0.7212820467981073,FALSE,FALSE,FALSE,-,0.0299910026991902
IGKV3D-15,IGKJ1,IGK,IGKV3D-15_IGKJ1,2,0.0199940017994601,legacy_plot_age,20,-0.2985052461265474,0.2011136244258678,0.7035115711501826,FALSE,FALSE,FALSE,-,0.0199940017994601
IGKV1D-16,IGKJ1,IGK,IGKV1D-16_IGKJ1,1,0.00999700089973,legacy_plot_age,20,0.2189038471594681,0.3537977887689535,0.7984902353489993,FALSE,FALSE,FALSE,+,0.00999700089973
IGKV1D-17,IGKJ1,IGK,IGKV1D-17_IGKJ1,55,0.5498350494851544,legacy_plot_age,20,-0.0954931911875373,0.6888046152580913,0.9027778079915014,FALSE,FALSE,FALSE,-,0.5498350494851544
IGKV6D-41,IGKJ1,IGK,IGKV6D-41_IGKJ1,0,0,NA,NA,NA,NA,NA,FALSE,NA,NA,NA,0
IGKV3D-20,IGKJ1,IGK,IGKV3D-20_IGKJ1,3,0.0299910026991902,legacy_plot_age,20,-0.2613422953648135,0.2657148338157419,0.7212820467981073,FALSE,FALSE,FALSE,-,0.0299910026991902
IGKV6D-21,IGKJ1,IGK,IGKV6D-21_IGKJ1,3,0.0299910026991902,legacy_plot_age,20,-0.4428300004792674,0.0505413160189675,0.6501457694158879,FALSE,FALSE,FALSE,-,0.0299910026991902
IGKV2D-28,IGKJ1,IGK,IGKV2D-28_IGKJ1,86,0.8597420773767869,legacy_plot_age,20,0.4159458737174581,0.0681418851992904,0.6501457694158879,FALSE,FALSE,FALSE,+,0.8597420773767869
IGKV2D-29,IGKJ1,IGK,IGKV2D-29_IGKJ1,110,1.0996700989703088,legacy_plot_age,20,0.0801354401805869,0.736990296918182,0.9027778079915014,FALSE,FALSE,FALSE,+,1.0996700989703088
IGKV2D-30,IGKJ1,IGK,IGKV2D-30_IGKJ1,2,0.0199940017994601,legacy_plot_age,20,-0.098173171524451,0.6805071440162617,0.9027778079915014,FALSE,FALSE,FALSE,-,0.0199940017994601
IGKV1D-39,IGKJ1,IGK,IGKV1D-39_IGKJ1,398,3.978806358092572,legacy_plot_age,20,0.2783001325053517,0.2347904383200668,0.7035115711501826,FALSE,FALSE,FALSE,+,3.978806358092572
IGKV2D-40,IGKJ1,IGK,IGKV2D-40_IGKJ1,7,0.0699790062981105,legacy_plot_age,20,0.0731516062409228,0.7592315405881391,0.9065451230903154,FALSE,FALSE,FALSE,+,0.0699790062981105
IGKV1-33,IGKJ1,IGK,IGKV1-33_IGKJ1,23,0.2299310206937918,legacy_plot_age,20,0.3127838875049617,0.1793606992112364,0.7035115711501826,FALSE,FALSE,FALSE,+,0.2299310206937918
IGKV2-30,IGKJ1,IGK,IGKV2-30_IGKJ1,152,1.5195441367589724,legacy_plot_age,20,-0.3700639599800893,0.1082664976689487,0.6501457694158879,FALSE,FALSE,FALSE,-,1.5195441367589724
IGKV2-28,IGKJ1,IGK,IGKV2-28_IGKJ1,30,0.2999100269919024,legacy_plot_age,20,-0.2050303591002501,0.3858600920819189,0.8017885308763736,FALSE,FALSE,FALSE,-,0.2999100269919024
IGKV1-27,IGKJ1,IGK,IGKV1-27_IGKJ1,91,0.9097270818754376,legacy_plot_age,20,-0.1491137333993468,0.530369610362113,0.8810121463985091,FALSE,FALSE,FALSE,-,0.9097270818754376
IGKV2-24,IGKJ1,IGK,IGKV2-24_IGKJ1,48,0.4798560431870439,legacy_plot_age,20,-0.2177025871892857,0.3565113157018018,0.7984902353489993,FALSE,FALSE,FALSE,-,0.4798560431870439
IGKV6-21,IGKJ1,IGK,IGKV6-21_IGKJ1,31,0.3099070278916325,legacy_plot_age,20,0.1487362302768168,0.5314228911935672,0.8810121463985091,FALSE,FALSE,FALSE,+,0.3099070278916325
IGKV3-20,IGKJ1,IGK,IGKV3-20_IGKJ1,491,4.90852744176747,legacy_plot_age,20,-0.1918014426726073,0.4178860831485991,0.8313429826351996,FALSE,FALSE,FALSE,-,4.90852744176747
IGKV1-17,IGKJ1,IGK,IGKV1-17_IGKJ1,76,0.7597720683794862,legacy_plot_age,20,-0.0462308306542839,0.8465354543855415,0.9544317794365677,FALSE,FALSE,FALSE,-,0.7597720683794862
IGKV1-16,IGKJ1,IGK,IGKV1-16_IGKJ1,38,0.3798860341897431,legacy_plot_age,20,0.0607780027273287,0.7990777465091795,0.9400914664813876,FALSE,FALSE,FALSE,+,0.3798860341897431
IGKV3-15,IGKJ1,IGK,IGKV3-15_IGKJ1,227,2.269319204238728,legacy_plot_age,20,0.399398298271194,0.0810529384312957,0.6501457694158879,FALSE,FALSE,FALSE,+,2.269319204238728
IGKV1-12,IGKJ1,IGK,IGKV1-12_IGKJ1,36,0.3598920323902829,legacy_plot_age,20,0.1840855758536946,0.4372048677260618,0.8313429826351996,FALSE,FALSE,FALSE,+,0.3598920323902829
IGKV3-11,IGKJ1,IGK,IGKV3-11_IGKJ1,83,0.8297510746775967,legacy_plot_age,20,-0.1737495421857736,0.4638026790327156,0.8338025690475788,FALSE,FALSE,FALSE,-,0.8297510746775967
IGKV1-9,IGKJ1,IGK,IGKV1-9_IGKJ1,17,0.1699490152954113,legacy_plot_age,20,0.3139495417441106,0.1776585235418919,0.7035115711501826,FALSE,FALSE,FALSE,+,0.1699490152954113
IGKV1-8,IGKJ1,IGK,IGKV1-8_IGKJ1,82,0.8197540737778666,legacy_plot_age,20,0.5270880361173814,0.0169390426767745,0.3871781183262748,FALSE,FALSE,FALSE,+,0.8197540737778666
IGKV1-6,IGKJ1,IGK,IGKV1-6_IGKJ1,22,0.2199340197940617,legacy_plot_age,20,-0.0331202887777327,0.8897515940421166,0.9618936151806664,FALSE,FALSE,FALSE,-,0.2199340197940617
IGKV1-5,IGKJ1,IGK,IGKV1-5_IGKJ1,305,3.049085274417674,legacy_plot_age,20,0.2121098307202951,0.3693017338489122,0.7984902353489993,FALSE,FALSE,FALSE,+,3.049085274417674
IGKV5-2,IGKJ1,IGK,IGKV5-2_IGKJ1,2,0.0199940017994601,legacy_plot_age,20,-0.0671331246453966,0.7785462782730201,0.922721514990246,FALSE,FALSE,FALSE,-,0.0199940017994601
IGKV4-1,IGKJ1,IGK,IGKV4-1_IGKJ1,252,2.5192442267319803,legacy_plot_age,20,0.2008273929160241,0.3958830871202095,0.8017885308763736,FALSE,FALSE,FALSE,+,2.5192442267319803
IGKV1-NL1,IGKJ2,IGK,IGKV1-NL1_IGKJ2,9,0.0899730080975707,legacy_plot_age,20,-0.3871595379080632,0.091708645569077707,0.6501457694158879,FALSE,FALSE,FALSE,-,0.0899730080975707
IGKV3D-7,IGKJ2,IGK,IGKV3D-7_IGKJ2,0,0,NA,NA,NA,NA,NA,FALSE,NA,NA,NA,0
IGKV1D-8,IGKJ2,IGK,IGKV1D-8_IGKJ2,51,0.5098470458862341,legacy_plot_age,20,-0.1476037209092269,0.5345885355060578,0.8810121463985091,FALSE,FALSE,FALSE,-,0.5098470458862341
IGKV1D-43,IGKJ2,IGK,IGKV1D-43_IGKJ2,1,0.00999700089973,legacy_plot_age,20,-0.2189038471594681,0.3537977887689535,0.7984902353489993,FALSE,FALSE,FALSE,-,0.00999700089973
IGKV3D-11,IGKJ2,IGK,IGKV3D-11_IGKJ2,0,0,NA,NA,NA,NA,NA,FALSE,NA,NA,NA,0
IGKV1D-12,IGKJ2,IGK,IGKV1D-12_IGKJ2,0,0,NA,NA,NA,NA,NA,FALSE,NA,NA,NA,0
IGKV1D-13,IGKJ2,IGK,IGKV1D-13_IGKJ2,5,0.0499850044986504,legacy_plot_age,20,-0.0765173248646456,0.7484889124850704,0.9027778079915014,FALSE,FALSE,FALSE,-,0.0499850044986504
IGKV3D-15,IGKJ2,IGK,IGKV3D-15_IGKJ2,1,0.00999700089973,legacy_plot_age,20,-0.0199003497417698,0.9336333733712294,0.9700086996064722,FALSE,FALSE,FALSE,-,0.00999700089973
IGKV1D-16,IGKJ2,IGK,IGKV1D-16_IGKJ2,1,0.00999700089973,legacy_plot_age,20,0.1791031476759284,0.4499246852756275,0.8313429826351996,FALSE,FALSE,FALSE,+,0.00999700089973
IGKV1D-17,IGKJ2,IGK,IGKV1D-17_IGKJ2,48,0.4798560431870439,legacy_plot_age,20,0.0929956118184296,0.6965683041794495,0.9027778079915014,FALSE,FALSE,FALSE,+,0.4798560431870439
IGKV6D-41,IGKJ2,IGK,IGKV6D-41_IGKJ2,0,0,NA,NA,NA,NA,NA,FALSE,NA,NA,NA,0
IGKV3D-20,IGKJ2,IGK,IGKV3D-20_IGKJ2,6,0.0599820053983804,legacy_plot_age,20,0.1457874455459384,0.5396835523082458,0.8810121463985091,FALSE,FALSE,FALSE,+,0.0599820053983804
IGKV6D-21,IGKJ2,IGK,IGKV6D-21_IGKJ2,6,0.0599820053983804,legacy_plot_age,20,0.0431207629047303,0.8567536254787658,0.9544317794365677,FALSE,FALSE,FALSE,+,0.0599820053983804
IGKV2D-28,IGKJ2,IGK,IGKV2D-28_IGKJ2,133,1.3296011196641009,legacy_plot_age,20,0.3647988223380962,0.1137755096477803,0.6501457694158879,FALSE,FALSE,FALSE,+,1.3296011196641009
IGKV2D-29,IGKJ2,IGK,IGKV2D-29_IGKJ2,141,1.4095771268619417,legacy_plot_age,20,0.0391124510548061,0.8699552039090163,0.9599505698306386,FALSE,FALSE,FALSE,+,1.4095771268619417
IGKV2D-30,IGKJ2,IGK,IGKV2D-30_IGKJ2,6,0.0599820053983804,legacy_plot_age,20,-0.3876232020253183,0.0912871355256517,0.6501457694158879,FALSE,FALSE,FALSE,-,0.0599820053983804
IGKV1D-39,IGKJ2,IGK,IGKV1D-39_IGKJ2,559,5.588323502949115,legacy_plot_age,20,0.2534787693359555,0.2808843515051914,0.7248628425940424,FALSE,FALSE,FALSE,+,5.588323502949115
IGKV2D-40,IGKJ2,IGK,IGKV2D-40_IGKJ2,21,0.2099370188943317,legacy_plot_age,20,-0.0906848633337941,0.7037772149544602,0.9027778079915014,FALSE,FALSE,FALSE,-,0.2099370188943317
IGKV1-33,IGKJ2,IGK,IGKV1-33_IGKJ2,127,1.2696191142657205,legacy_plot_age,20,-0.3437382717701236,0.1378312786381318,0.6891563931906591,FALSE,FALSE,FALSE,-,1.2696191142657205
IGKV2-30,IGKJ2,IGK,IGKV2-30_IGKJ2,165,1.6495051484554633,legacy_plot_age,20,-0.1872884675508989,0.4291291778136199,0.8313429826351996,FALSE,FALSE,FALSE,-,1.6495051484554633
IGKV2-28,IGKJ2,IGK,IGKV2-28_IGKJ2,28,0.2799160251924422,legacy_plot_age,20,0.0937589264976515,0.694192426062314,0.9027778079915014,FALSE,FALSE,FALSE,+,0.2799160251924422
IGKV1-27,IGKJ2,IGK,IGKV1-27_IGKJ2,31,0.3099070278916325,legacy_plot_age,20,0.207334478808302,0.3804260671534208,0.8017885308763736,FALSE,FALSE,FALSE,+,0.3099070278916325
IGKV2-24,IGKJ2,IGK,IGKV2-24_IGKJ2,87,0.869739078276517,legacy_plot_age,20,-0.5009402385096332,0.0244568807410988,0.4891376148219777,FALSE,FALSE,FALSE,-,0.869739078276517
IGKV6-21,IGKJ2,IGK,IGKV6-21_IGKJ2,20,0.1999400179946016,legacy_plot_age,20,0.1080352276797471,0.6502826488139635,0.9027778079915014,FALSE,FALSE,FALSE,+,0.1999400179946016
IGKV3-20,IGKJ2,IGK,IGKV3-20_IGKJ2,548,5.478356493052084,legacy_plot_age,20,-0.3760812601423672,0.1022095951076226,0.6501457694158879,FALSE,FALSE,FALSE,-,5.478356493052084
IGKV1-17,IGKJ2,IGK,IGKV1-17_IGKJ2,36,0.3598920323902829,legacy_plot_age,20,0.0476479790397901,0.8418871048407621,0.9544317794365677,FALSE,FALSE,FALSE,+,0.3598920323902829
IGKV1-16,IGKJ2,IGK,IGKV1-16_IGKJ2,36,0.3598920323902829,legacy_plot_age,20,-0.0985247210665068,0.6794213068535929,0.9027778079915014,FALSE,FALSE,FALSE,-,0.3598920323902829
IGKV3-15,IGKJ2,IGK,IGKV3-15_IGKJ2,265,2.649205238428471,legacy_plot_age,20,0.5287702517601683,0.0165275923156211,0.3871781183262748,FALSE,FALSE,FALSE,+,2.649205238428471
IGKV1-12,IGKJ2,IGK,IGKV1-12_IGKJ2,49,0.489853044086774,legacy_plot_age,20,0.0759068856843756,0.7504340528929355,0.9027778079915014,FALSE,FALSE,FALSE,+,0.489853044086774
IGKV3-11,IGKJ2,IGK,IGKV3-11_IGKJ2,123,1.2296311106668,legacy_plot_age,20,0.2203836184434272,0.3504715821118688,0.7984902353489993,FALSE,FALSE,FALSE,+,1.2296311106668
IGKV1-9,IGKJ2,IGK,IGKV1-9_IGKJ2,39,0.3898830350894731,legacy_plot_age,20,0.1379346094931095,0.5619642146765718,0.8902403400816978,FALSE,FALSE,FALSE,+,0.3898830350894731
IGKV1-8,IGKJ2,IGK,IGKV1-8_IGKJ2,86,0.8597420773767869,legacy_plot_age,20,0.1128243780427101,0.6357892207209264,0.9027778079915014,FALSE,FALSE,FALSE,+,0.8597420773767869
IGKV1-6,IGKJ2,IGK,IGKV1-6_IGKJ2,14,0.1399580125962211,legacy_plot_age,20,0.5623370830774308,0.0098552922967709,0.3153693534966703,FALSE,FALSE,FALSE,+,0.1399580125962211
IGKV1-5,IGKJ2,IGK,IGKV1-5_IGKJ2,197,1.969409177246826,legacy_plot_age,20,0.0458819137373688,0.8476806823268924,0.9544317794365677,FALSE,FALSE,FALSE,+,1.969409177246826
IGKV5-2,IGKJ2,IGK,IGKV5-2_IGKJ2,9,0.0899730080975707,legacy_plot_age,20,-0.1576457998667562,0.5068258819691169,0.8810121463985091,FALSE,FALSE,FALSE,-,0.0899730080975707
IGKV4-1,IGKJ2,IGK,IGKV4-1_IGKJ2,325,3.2490252924122758,legacy_plot_age,20,0.0774727395893276,0.7454474593240564,0.9027778079915014,FALSE,FALSE,FALSE,+,3.2490252924122758
IGKV1-NL1,IGKJ3,IGK,IGKV1-NL1_IGKJ3,3,0.0299910026991902,legacy_plot_age,20,0.0346493546556886,0.8846935618869357,0.9618936151806664,FALSE,FALSE,FALSE,+,0.0299910026991902
IGKV3D-7,IGKJ3,IGK,IGKV3D-7_IGKJ3,0,0,NA,NA,NA,NA,NA,FALSE,NA,NA,NA,0
IGKV1D-8,IGKJ3,IGK,IGKV1D-8_IGKJ3,7,0.0699790062981105,legacy_plot_age,20,-0.2955720306221071,0.2057906250298246,0.7035115711501826,FALSE,FALSE,FALSE,-,0.0699790062981105
IGKV1D-43,IGKJ3,IGK,IGKV1D-43_IGKJ3,1,0.00999700089973,legacy_plot_age,20,0.0995017487088491,0.6764067406898646,0.9027778079915014,FALSE,FALSE,FALSE,+,0.00999700089973
IGKV3D-11,IGKJ3,IGK,IGKV3D-11_IGKJ3,0,0,NA,NA,NA,NA,NA,FALSE,NA,NA,NA,0
IGKV1D-12,IGKJ3,IGK,IGKV1D-12_IGKJ3,1,0.00999700089973,legacy_plot_age,20,-0.2985052461265474,0.2011136244258678,0.7035115711501826,FALSE,FALSE,FALSE,-,0.00999700089973
IGKV1D-13,IGKJ3,IGK,IGKV1D-13_IGKJ3,5,0.0499850044986504,legacy_plot_age,20,0.0459768852956616,0.8473689339721342,0.9544317794365677,FALSE,FALSE,FALSE,+,0.0499850044986504
IGKV3D-15,IGKJ3,IGK,IGKV3D-15_IGKJ3,1,0.00999700089973,legacy_plot_age,20,0.0199003497417698,0.9336333733712294,0.9700086996064722,FALSE,FALSE,FALSE,+,0.00999700089973
IGKV1D-16,IGKJ3,IGK,IGKV1D-16_IGKJ3,4,0.0399880035989203,legacy_plot_age,20,0.2589224592966208,0.2703268949538405,0.7212820467981073,FALSE,FALSE,FALSE,+,0.0399880035989203
IGKV1D-17,IGKJ3,IGK,IGKV1D-17_IGKJ3,9,0.0899730080975707,legacy_plot_age,20,-0.1412111302030349,0.5526186027597331,0.884189764415573,FALSE,FALSE,FALSE,-,0.0899730080975707
IGKV6D-41,IGKJ3,IGK,IGKV6D-41_IGKJ3,0,0,NA,NA,NA,NA,NA,FALSE,NA,NA,NA,0
IGKV3D-20,IGKJ3,IGK,IGKV3D-20_IGKJ3,4,0.0399880035989203,legacy_plot_age,20,-0.1834447193031919,0.4388302434740926,0.8313429826351996,FALSE,FALSE,FALSE,-,0.0399880035989203
IGKV6D-21,IGKJ3,IGK,IGKV6D-21_IGKJ3,0,0,NA,NA,NA,NA,NA,FALSE,NA,NA,NA,0
IGKV2D-28,IGKJ3,IGK,IGKV2D-28_IGKJ3,50,0.499850044986504,legacy_plot_age,20,0.3035783482258898,0.1931929161508132,0.7035115711501826,FALSE,FALSE,FALSE,+,0.499850044986504
IGKV2D-29,IGKJ3,IGK,IGKV2D-29_IGKJ3,34,0.3398980305908227,legacy_plot_age,20,-0.2298211226496436,0.3296874674136453,0.7984902353489993,FALSE,FALSE,FALSE,-,0.3398980305908227
IGKV2D-30,IGKJ3,IGK,IGKV2D-30_IGKJ3,1,0.00999700089973,legacy_plot_age,20,0.3781066450936268,0.1002274023195977,0.6501457694158879,FALSE,FALSE,FALSE,+,0.00999700089973
IGKV1D-39,IGKJ3,IGK,IGKV1D-39_IGKJ3,209,2.089373188043587,legacy_plot_age,20,-0.1797668423480515,0.4482193420238478,0.8313429826351996,FALSE,FALSE,FALSE,-,2.089373188043587
IGKV2D-40,IGKJ3,IGK,IGKV2D-40_IGKJ3,2,0.0199940017994601,legacy_plot_age,20,-0.1025043408564121,0.6671721946215079,0.9027778079915014,FALSE,FALSE,FALSE,-,0.0199940017994601
IGKV1-33,IGKJ3,IGK,IGKV1-33_IGKJ3,95,0.9497150854743576,legacy_plot_age,20,-0.20383604299716299,0.3886937120989654,0.8017885308763736,FALSE,FALSE,FALSE,-,0.9497150854743576
IGKV2-30,IGKJ3,IGK,IGKV2-30_IGKJ3,32,0.3199040287913626,legacy_plot_age,20,-0.0113682370461354,0.9620605525368472,0.9863654678450176,FALSE,FALSE,FALSE,-,0.3199040287913626
IGKV2-28,IGKJ3,IGK,IGKV2-28_IGKJ3,9,0.0899730080975707,legacy_plot_age,20,0.054719312953676,0.8187706644291228,0.9544317794365677,FALSE,FALSE,FALSE,+,0.0899730080975707
IGKV1-27,IGKJ3,IGK,IGKV1-27_IGKJ3,63,0.6298110566829951,legacy_plot_age,20,-0.0760829110938334,0.7498730055076434,0.9027778079915014,FALSE,FALSE,FALSE,-,0.6298110566829951
IGKV2-24,IGKJ3,IGK,IGKV2-24_IGKJ3,12,0.1199640107967609,legacy_plot_age,20,-0.1206101061526752,0.612498859986243,0.9027778079915014,FALSE,FALSE,FALSE,-,0.1199640107967609
IGKV6-21,IGKJ3,IGK,IGKV6-21_IGKJ3,4,0.0399880035989203,legacy_plot_age,20,0.3442950743520319,0.1371526557124488,0.6891563931906591,FALSE,FALSE,FALSE,+,0.0399880035989203
IGKV3-20,IGKJ3,IGK,IGKV3-20_IGKJ3,192,1.919424172748176,legacy_plot_age,20,-0.15569764169894,0.5121570856256492,0.8810121463985091,FALSE,FALSE,FALSE,-,1.919424172748176
IGKV1-17,IGKJ3,IGK,IGKV1-17_IGKJ3,14,0.1399580125962211,legacy_plot_age,20,-0.007216160529933,0.9759124061758666,0.9863654678450176,FALSE,FALSE,FALSE,-,0.1399580125962211
IGKV1-16,IGKJ3,IGK,IGKV1-16_IGKJ3,25,0.249925022493252,legacy_plot_age,20,-0.0461109474578614,0.8469289061347096,0.9544317794365677,FALSE,FALSE,FALSE,-,0.249925022493252
IGKV3-15,IGKJ3,IGK,IGKV3-15_IGKJ3,59,0.5898230530840748,legacy_plot_age,20,0.1762712989698715,0.4572386404493598,0.8313429826351996,FALSE,FALSE,FALSE,+,0.5898230530840748
IGKV1-12,IGKJ3,IGK,IGKV1-12_IGKJ3,54,0.5398380485854244,legacy_plot_age,20,-0.420617005267118,0.0647938699067769,0.6501457694158879,FALSE,FALSE,FALSE,-,0.5398380485854244
IGKV3-11,IGKJ3,IGK,IGKV3-11_IGKJ3,84,0.8397480755773268,legacy_plot_age,20,-0.2814145974416854,0.2293757641900972,0.7035115711501826,FALSE,FALSE,FALSE,-,0.8397480755773268
IGKV1-9,IGKJ3,IGK,IGKV1-9_IGKJ3,36,0.3598920323902829,legacy_plot_age,20,0.3193975673642116,0.1698486722632527,0.7035115711501826,FALSE,FALSE,FALSE,+,0.3598920323902829
IGKV1-8,IGKJ3,IGK,IGKV1-8_IGKJ3,33,0.3299010296910926,legacy_plot_age,20,0.2261243703954652,0.3377400983129272,0.7984902353489993,FALSE,FALSE,FALSE,+,0.3299010296910926
IGKV1-6,IGKJ3,IGK,IGKV1-6_IGKJ3,1,0.00999700089973,legacy_plot_age,20,-0.1194020984506189,0.616089875618355,0.9027778079915014,FALSE,FALSE,FALSE,-,0.00999700089973
IGKV1-5,IGKJ3,IGK,IGKV1-5_IGKJ3,20,0.1999400179946016,legacy_plot_age,20,-0.0814626738422218,0.7327855698969615,0.9027778079915014,FALSE,FALSE,FALSE,-,0.1999400179946016
IGKV5-2,IGKJ3,IGK,IGKV5-2_IGKJ3,0,0,NA,NA,NA,NA,NA,FALSE,NA,NA,NA,0
IGKV4-1,IGKJ3,IGK,IGKV4-1_IGKJ3,88,0.8797360791762471,legacy_plot_age,20,0.1060549153601475,0.6563115615274486,0.9027778079915014,FALSE,FALSE,FALSE,+,0.8797360791762471
IGKV1-NL1,IGKJ4,IGK,IGKV1-NL1_IGKJ4,7,0.0699790062981105,legacy_plot_age,20,-0.4132077217392668,0.0701638880951064,0.6501457694158879,FALSE,FALSE,FALSE,-,0.0699790062981105
IGKV3D-7,IGKJ4,IGK,IGKV3D-7_IGKJ4,0,0,NA,NA,NA,NA,NA,FALSE,NA,NA,NA,0
IGKV1D-8,IGKJ4,IGK,IGKV1D-8_IGKJ4,17,0.1699490152954113,legacy_plot_age,20,0.2982058500278092,0.2015877349041651,0.7035115711501826,FALSE,FALSE,FALSE,+,0.1699490152954113
IGKV1D-43,IGKJ4,IGK,IGKV1D-43_IGKJ4,1,0.00999700089973,legacy_plot_age,20,0.2189038471594681,0.3537977887689535,0.7984902353489993,FALSE,FALSE,FALSE,+,0.00999700089973
IGKV3D-11,IGKJ4,IGK,IGKV3D-11_IGKJ4,3,0.0299910026991902,legacy_plot_age,20,0.1559220959505987,0.511541499649356,0.8810121463985091,FALSE,FALSE,FALSE,+,0.0299910026991902
IGKV1D-12,IGKJ4,IGK,IGKV1D-12_IGKJ4,0,0,NA,NA,NA,NA,NA,FALSE,NA,NA,NA,0
IGKV1D-13,IGKJ4,IGK,IGKV1D-13_IGKJ4,12,0.1199640107967609,legacy_plot_age,20,-0.2832268763962463,0.2262626911525794,0.7035115711501826,FALSE,FALSE,FALSE,-,0.1199640107967609
IGKV3D-15,IGKJ4,IGK,IGKV3D-15_IGKJ4,0,0,NA,NA,NA,NA,NA,FALSE,NA,NA,NA,0
IGKV1D-16,IGKJ4,IGK,IGKV1D-16_IGKJ4,6,0.0599820053983804,legacy_plot_age,20,0.3658309885143256,0.1126799737373852,0.6501457694158879,FALSE,FALSE,FALSE,+,0.0599820053983804
IGKV1D-17,IGKJ4,IGK,IGKV1D-17_IGKJ4,16,0.1599520143956813,legacy_plot_age,20,0.0128586249544372,0.9570907816636436,0.9863654678450176,FALSE,FALSE,FALSE,+,0.1599520143956813
IGKV6D-41,IGKJ4,IGK,IGKV6D-41_IGKJ4,1,0.00999700089973,legacy_plot_age,20,-0.1194020984506189,0.616089875618355,0.9027778079915014,FALSE,FALSE,FALSE,-,0.00999700089973
IGKV3D-20,IGKJ4,IGK,IGKV3D-20_IGKJ4,9,0.0899730080975707,legacy_plot_age,20,0.0255945173493,0.9147025194676036,0.9692212126809046,FALSE,FALSE,FALSE,+,0.0899730080975707
IGKV6D-21,IGKJ4,IGK,IGKV6D-21_IGKJ4,2,0.0199940017994601,legacy_plot_age,20,0.3262814230077343,0.1603211689553355,0.7035115711501826,FALSE,FALSE,FALSE,+,0.0199940017994601
IGKV2D-28,IGKJ4,IGK,IGKV2D-28_IGKJ4,98,0.979706088173548,legacy_plot_age,20,0.8582174356448821,1.2991925672328051e-6,2.078708107572e-4,TRUE,TRUE,TRUE,+,0.979706088173548
IGKV2D-29,IGKJ4,IGK,IGKV2D-29_IGKJ4,110,1.0996700989703088,legacy_plot_age,20,0.0914221218961625,0.7014744894278515,0.9027778079915014,FALSE,FALSE,FALSE,+,1.0996700989703088
IGKV2D-30,IGKJ4,IGK,IGKV2D-30_IGKJ4,0,0,NA,NA,NA,NA,NA,FALSE,NA,NA,NA,0
IGKV1D-39,IGKJ4,IGK,IGKV1D-39_IGKJ4,294,2.939118264520644,legacy_plot_age,20,0.0210605505679725,0.929773058763596,0.9700086996064722,FALSE,FALSE,FALSE,+,2.939118264520644
IGKV2D-40,IGKJ4,IGK,IGKV2D-40_IGKJ4,8,0.0799760071978406,legacy_plot_age,20,0.0997303607058934,0.6757020523939788,0.9027778079915014,FALSE,FALSE,FALSE,+,0.0799760071978406
IGKV1-33,IGKJ4,IGK,IGKV1-33_IGKJ4,193,1.9294211736479057,legacy_plot_age,20,-0.2767958074647823,0.2374351552631866,0.7035115711501826,FALSE,FALSE,FALSE,-,1.9294211736479057
IGKV2-30,IGKJ4,IGK,IGKV2-30_IGKJ4,75,0.7497750674797561,legacy_plot_age,20,-0.2865739202284838,0.2205859672477838,0.7035115711501826,FALSE,FALSE,FALSE,-,0.7497750674797561
IGKV2-28,IGKJ4,IGK,IGKV2-28_IGKJ4,18,0.1799460161951414,legacy_plot_age,20,0.4078595102735561,0.0742425178640253,0.6501457694158879,FALSE,FALSE,FALSE,+,0.1799460161951414
IGKV1-27,IGKJ4,IGK,IGKV1-27_IGKJ4,57,0.5698290512846147,legacy_plot_age,20,0.0836158725882723,0.72597976360661165,0.9027778079915014,FALSE,FALSE,FALSE,+,0.5698290512846147
IGKV2-24,IGKJ4,IGK,IGKV2-24_IGKJ4,16,0.1599520143956813,legacy_plot_age,20,-0.1438558666777666,0.5451262655840775,0.8810121463985091,FALSE,FALSE,FALSE,-,0.1599520143956813
IGKV6-21,IGKJ4,IGK,IGKV6-21_IGKJ4,11,0.1099670098970308,legacy_plot_age,20,0.4600976741509573,0.041226950495383,0.6443238253238263,FALSE,FALSE,FALSE,+,0.1099670098970308
IGKV3-20,IGKJ4,IGK,IGKV3-20_IGKJ4,315,3.149055283414976,legacy_plot_age,20,-0.6069951538697808,0.0045391701078677,0.2420890724196146,TRUE,FALSE,FALSE,-,3.149055283414976
IGKV1-17,IGKJ4,IGK,IGKV1-17_IGKJ4,35,0.3498950314905528,legacy_plot_age,20,0.094735308717795,0.6911573593257283,0.9027778079915014,FALSE,FALSE,FALSE,+,0.3498950314905528
IGKV1-16,IGKJ4,IGK,IGKV1-16_IGKJ4,51,0.5098470458862341,legacy_plot_age,20,-0.1653463676681365,0.4860173218986954,0.8640307944865697,FALSE,FALSE,FALSE,-,0.5098470458862341
IGKV3-15,IGKJ4,IGK,IGKV3-15_IGKJ4,177,1.7694691592522245,legacy_plot_age,20,-0.1158330281238491,0.6267484770786789,0.9027778079915014,FALSE,FALSE,FALSE,-,1.7694691592522245
IGKV1-12,IGKJ4,IGK,IGKV1-12_IGKJ4,92,0.9197240827751676,legacy_plot_age,20,-0.0030097817908201,0.989952175127536,0.989952175127536,FALSE,FALSE,FALSE,-,0.9197240827751676
IGKV3-11,IGKJ4,IGK,IGKV3-11_IGKJ4,248,2.47925622313306,legacy_plot_age,20,-0.4302369616028681,0.058290914963258,0.6501457694158879,FALSE,FALSE,FALSE,-,2.47925622313306
IGKV1-9,IGKJ4,IGK,IGKV1-9_IGKJ4,39,0.3898830350894731,legacy_plot_age,20,0.6957361072234867,6.583366175128e-4,0.0526669294010312,TRUE,TRUE,FALSE,+,0.3898830350894731
IGKV1-8,IGKJ4,IGK,IGKV1-8_IGKJ4,72,0.7197840647805659,legacy_plot_age,20,0.2136667673519755,0.3657151942762182,0.7984902353489993,FALSE,FALSE,FALSE,+,0.7197840647805659
IGKV1-6,IGKJ4,IGK,IGKV1-6_IGKJ4,2,0.0199940017994601,legacy_plot_age,20,0.1791031476759284,0.4499246852756275,0.8313429826351996,FALSE,FALSE,FALSE,+,0.0199940017994601
IGKV1-5,IGKJ4,IGK,IGKV1-5_IGKJ4,51,0.5098470458862341,legacy_plot_age,20,0.3501417010209704,0.1301685539286929,0.6891563931906591,FALSE,FALSE,FALSE,+,0.5098470458862341
IGKV5-2,IGKJ4,IGK,IGKV5-2_IGKJ4,3,0.0299910026991902,legacy_plot_age,20,-0.1222017214437322,0.6077804682554984,0.9027778079915014,FALSE,FALSE,FALSE,-,0.0299910026991902
IGKV4-1,IGKJ4,IGK,IGKV4-1_IGKJ4,192,1.919424172748176,legacy_plot_age,20,0.4257239864811596,0.0612769225241746,0.6501457694158879,FALSE,FALSE,FALSE,+,1.919424172748176
IGKV1-NL1,IGKJ5,IGK,IGKV1-NL1_IGKJ5,1,0.00999700089973,legacy_plot_age,20,-0.3781066450936268,0.1002274023195977,0.6501457694158879,FALSE,FALSE,FALSE,-,0.00999700089973
IGKV3D-7,IGKJ5,IGK,IGKV3D-7_IGKJ5,1,0.00999700089973,legacy_plot_age,20,0.2189038471594681,0.3537977887689535,0.7984902353489993,FALSE,FALSE,FALSE,+,0.00999700089973
IGKV1D-8,IGKJ5,IGK,IGKV1D-8_IGKJ5,5,0.0499850044986504,legacy_plot_age,20,0.2570191570627018,0.2739894800723529,0.7212820467981073,FALSE,FALSE,FALSE,+,0.0499850044986504
IGKV1D-43,IGKJ5,IGK,IGKV1D-43_IGKJ5,0,0,NA,NA,NA,NA,NA,FALSE,NA,NA,NA,0
IGKV3D-11,IGKJ5,IGK,IGKV3D-11_IGKJ5,1,0.00999700089973,legacy_plot_age,20,-0.2587045466430078,0.2707446686759674,0.7212820467981073,FALSE,FALSE,FALSE,-,0.00999700089973
IGKV1D-12,IGKJ5,IGK,IGKV1D-12_IGKJ5,0,0,NA,NA,NA,NA,NA,FALSE,NA,NA,NA,0
IGKV1D-13,IGKJ5,IGK,IGKV1D-13_IGKJ5,7,0.0699790062981105,legacy_plot_age,20,0.131680609300467,0.579993409275594,0.9027778079915014,FALSE,FALSE,FALSE,+,0.0699790062981105
IGKV3D-15,IGKJ5,IGK,IGKV3D-15_IGKJ5,0,0,NA,NA,NA,NA,NA,FALSE,NA,NA,NA,0
IGKV1D-16,IGKJ5,IGK,IGKV1D-16_IGKJ5,4,0.0399880035989203,legacy_plot_age,20,-0.2883471247698266,0.217616698902801,0.7035115711501826,FALSE,FALSE,FALSE,-,0.0399880035989203
IGKV1D-17,IGKJ5,IGK,IGKV1D-17_IGKJ5,3,0.0299910026991902,legacy_plot_age,20,-0.4879784114009477,0.0290526966342906,0.516492384609611,FALSE,FALSE,FALSE,-,0.0299910026991902
IGKV6D-41,IGKJ5,IGK,IGKV6D-41_IGKJ5,0,0,NA,NA,NA,NA,NA,FALSE,NA,NA,NA,0
IGKV3D-20,IGKJ5,IGK,IGKV3D-20_IGKJ5,6,0.0599820053983804,legacy_plot_age,20,0.1764512256054163,0.4567721284447109,0.8313429826351996,FALSE,FALSE,FALSE,+,0.0599820053983804
IGKV6D-21,IGKJ5,IGK,IGKV6D-21_IGKJ5,0,0,NA,NA,NA,NA,NA,FALSE,NA,NA,NA,0
IGKV2D-28,IGKJ5,IGK,IGKV2D-28_IGKJ5,32,0.3199040287913626,legacy_plot_age,20,0.3386203009094028,0.144179985188619,0.6990544736417894,FALSE,FALSE,FALSE,+,0.3199040287913626
IGKV2D-29,IGKJ5,IGK,IGKV2D-29_IGKJ5,43,0.4298710386883934,legacy_plot_age,20,0.3225323934497945,0.1654630549457147,0.7035115711501826,FALSE,FALSE,FALSE,+,0.4298710386883934
IGKV2D-30,IGKJ5,IGK,IGKV2D-30_IGKJ5,0,0,NA,NA,NA,NA,NA,FALSE,NA,NA,NA,0
IGKV1D-39,IGKJ5,IGK,IGKV1D-39_IGKJ5,99,0.989703089073278,legacy_plot_age,20,0.145974416854778,0.539158036505243,0.8810121463985091,FALSE,FALSE,FALSE,+,0.989703089073278
IGKV2D-40,IGKJ5,IGK,IGKV2D-40_IGKJ5,4,0.0399880035989203,legacy_plot_age,20,0.2894230468771767,0.2158279048044439,0.7035115711501826,FALSE,FALSE,FALSE,+,0.0399880035989203
IGKV1-33,IGKJ5,IGK,IGKV1-33_IGKJ5,50,0.499850044986504,legacy_plot_age,20,0.2018833680509639,0.3933514489456712,0.8017885308763736,FALSE,FALSE,FALSE,+,0.499850044986504
IGKV2-30,IGKJ5,IGK,IGKV2-30_IGKJ5,25,0.249925022493252,legacy_plot_age,20,-0.3069556163092171,0.1880376272725583,0.7035115711501826,FALSE,FALSE,FALSE,-,0.249925022493252
IGKV2-28,IGKJ5,IGK,IGKV2-28_IGKJ5,4,0.0399880035989203,legacy_plot_age,20,0.2135705383089947,0.3659362884375874,0.7984902353489993,FALSE,FALSE,FALSE,+,0.0399880035989203
IGKV1-27,IGKJ5,IGK,IGKV1-27_IGKJ5,10,0.0999700089973008,legacy_plot_age,20,0.3013402231425178,0.1966611014321821,0.7035115711501826,FALSE,FALSE,FALSE,+,0.0999700089973008
IGKV2-24,IGKJ5,IGK,IGKV2-24_IGKJ5,8,0.0799760071978406,legacy_plot_age,20,-0.5754071695136603,0.007941954472544,0.3153693534966703,FALSE,FALSE,FALSE,-,0.0799760071978406
IGKV6-21,IGKJ5,IGK,IGKV6-21_IGKJ5,5,0.0499850044986504,legacy_plot_age,20,0.3582820617475831,0.1208697589172833,0.6668676354057012,FALSE,FALSE,FALSE,+,0.0499850044986504
IGKV3-20,IGKJ5,IGK,IGKV3-20_IGKJ5,109,1.0896730980705789,legacy_plot_age,20,0.0270778507302504,0.90977787314296,0.9692212126809046,FALSE,FALSE,FALSE,+,1.0896730980705789
IGKV1-17,IGKJ5,IGK,IGKV1-17_IGKJ5,7,0.0699790062981105,legacy_plot_age,20,-0.0059312113168315,0.9802006836709862,0.9863654678450176,FALSE,FALSE,FALSE,-,0.0699790062981105
IGKV1-16,IGKJ5,IGK,IGKV1-16_IGKJ5,24,0.2399280215935219,legacy_plot_age,20,0.1215803285658976,0.6096208437314155,0.9027778079915014,FALSE,FALSE,FALSE,+,0.2399280215935219
IGKV3-15,IGKJ5,IGK,IGKV3-15_IGKJ5,49,0.489853044086774,legacy_plot_age,20,-0.0861874355359196,0.7178774677353923,0.9027778079915014,FALSE,FALSE,FALSE,-,0.489853044086774
IGKV1-12,IGKJ5,IGK,IGKV1-12_IGKJ5,32,0.3199040287913626,legacy_plot_age,20,0.0424414183055721,0.8589886014929109,0.9544317794365677,FALSE,FALSE,FALSE,+,0.3199040287913626
IGKV3-11,IGKJ5,IGK,IGKV3-11_IGKJ5,97,0.969709087273818,legacy_plot_age,20,0.4541008276899924,0.044297262991013,0.6443238253238263,FALSE,FALSE,FALSE,+,0.969709087273818
IGKV1-9,IGKJ5,IGK,IGKV1-9_IGKJ5,21,0.2099370188943317,legacy_plot_age,20,0.2904989689845268,0.2140488114914808,0.7035115711501826,FALSE,FALSE,FALSE,+,0.2099370188943317
IGKV1-8,IGKJ5,IGK,IGKV1-8_IGKJ5,17,0.1699490152954113,legacy_plot_age,20,0.0969951314205029,0.6841501811061184,0.9027778079915014,FALSE,FALSE,FALSE,+,0.1699490152954113
IGKV1-6,IGKJ5,IGK,IGKV1-6_IGKJ5,0,0,NA,NA,NA,NA,NA,FALSE,NA,NA,NA,0
IGKV1-5,IGKJ5,IGK,IGKV1-5_IGKJ5,6,0.0599820053983804,legacy_plot_age,20,0.0361658011459029,0.8796815112241869,0.9618936151806664,FALSE,FALSE,FALSE,+,0.0599820053983804
IGKV5-2,IGKJ5,IGK,IGKV5-2_IGKJ5,0,0,NA,NA,NA,NA,NA,FALSE,NA,NA,NA,0
IGKV4-1,IGKJ5,IGK,IGKV4-1_IGKJ5,40,0.3998800359892032,legacy_plot_age,20,-0.006779665344995,0.9773690614770818,0.9863654678450176,FALSE,FALSE,FALSE,-,0.3998800359892032
