"lengths","R_value","p_value","region"
2,0.136945071482318,0.564800320646704,"3'V-REGION"
3,0.609337505672858,0.00434477756849965,"3'V-REGION"
4,-0.00977811276370155,0.967364380751595,"3'V-REGION"
5,0.783001183616409,4.46835818672651e-05,"3'V-REGION"
6,0.723580344513915,0.000310984205978882,"3'V-REGION"
7,0.752162520284734,0.000130680094582708,"3'V-REGION"
8,0.440767236886854,0.0517534894409344,"3'V-REGION"
9,0.40992857355518,0.0726441624319929,"3'V-REGION"
10,0.233170381288268,0.322490839697145,"3'V-REGION"
11,0.151936829097516,0.522523678374666,"3'V-REGION"
12,-0.321173396161582,0.167354626636644,"3'V-REGION"
13,-0.660398692809997,0.00152855647251357,"3'V-REGION"
14,-0.673937618175122,0.00112141677225584,"3'V-REGION"
15,-0.0827378772313208,0.728752566908127,"3'V-REGION"
16,-0.503196726070487,0.0237192099070461,"3'V-REGION"
17,-0.0564121890213551,0.813257155840618,"3'V-REGION"
1,-0.94847693807905,2.01431263603114e-10,"N-REGION"
2,-0.576156490538107,0.00784220749666154,"N-REGION"
3,-0.187288467550899,0.42912917781362,"N-REGION"
4,0.391124510548062,0.088149949020247,"N-REGION"
5,0.628807866958038,0.0029796996953765,"N-REGION"
6,0.904851511902536,4.2792880754923e-08,"N-REGION"
7,0.752162520284734,0.000130680094582708,"N-REGION"
8,0.688980868580817,0.00078017616681618,"N-REGION"
9,0.637833817201455,0.0024805485507829,"N-REGION"
10,0.715306556790782,0.000392097894500177,"N-REGION"
11,0.567882702814975,0.00900226017644766,"N-REGION"
12,0.672693461453399,0.00115453612891658,"N-REGION"
13,0.558704621344388,0.0104488207450037,"N-REGION"
14,0.626768802476932,0.00310332230266017,"N-REGION"
15,0.436012212788047,0.0546322933444955,"N-REGION"
16,0.4920728618406,0.0275331931188406,"N-REGION"
17,0.0545646211584693,0.819274891030732,"N-REGION"
18,0.439604240629823,0.0524466386227651,"N-REGION"
19,0.445697629703329,0.0488923966192863,"N-REGION"
20,-0.00604959017048179,0.979805592809487,"N-REGION"
21,0.277778396671612,0.235705521179753,"N-REGION"
22,0.313368770830957,0.178505229827955,"N-REGION"
23,0.427342040753493,0.0601933335804262,"N-REGION"
24,0.298505246126547,0.201113624425868,"N-REGION"
25,0.0995017487088492,0.676406740689864,"N-REGION"
26,0.338305945610087,0.144576493321495,"N-REGION"
27,0.0346493546556886,0.884693561886936,"N-REGION"
28,0.298505246126547,0.201113624425868,"N-REGION"
31,-0.258704546643008,0.270744668675968,"N-REGION"
32,0.378106645093627,0.100227402319598,"N-REGION"
41,0.0995017487088492,0.676406740689864,"N-REGION"
1,0.338305945610087,0.144576493321495,"5'J-REGION"
2,0.409253580861379,0.0731627419177755,"5'J-REGION"
3,0.487978411400948,0.0290526966342906,"5'J-REGION"
4,0.298505246126547,0.201113624425868,"5'J-REGION"
5,0.186240281274326,0.431763282402057,"5'J-REGION"
6,0.0909452401914176,0.702963678954847,"5'J-REGION"
7,0.25316060802132,0.281509189464195,"5'J-REGION"
8,0.162129016568912,0.494659537376055,"5'J-REGION"
9,0.424716331405731,0.0619591482007117,"5'J-REGION"
10,0.247930362402743,0.291904256105615,"5'J-REGION"
11,0.249537690522048,0.288684956924436,"5'J-REGION"
12,0.485559055150325,0.029981036497439,"5'J-REGION"
13,0.54477050413845,0.0130006175494735,"5'J-REGION"
14,0.610800052253527,0.00422692909762898,"5'J-REGION"
15,0.711111565075037,0.000439677941641063,"5'J-REGION"
16,0.694998168743095,0.000670807451074869,"5'J-REGION"
17,0.218127130882573,0.355550947825186,"5'J-REGION"
18,0.82136147215093,9.01827692605861e-06,"5'J-REGION"
19,0.205340368037733,0.385126458202624,"5'J-REGION"
20,-0.506957538671911,0.0225290088991976,"5'J-REGION"
21,0.798720842738901,2.41613547313503e-05,"5'J-REGION"
22,0.56562621525412,0.00934178616735578,"5'J-REGION"
23,-0.433245611684007,0.0563624509092963,"5'J-REGION"
24,0.599473528666933,0.00521259370497223,"5'J-REGION"
25,-0.070703276906765,0.767072953452485,"5'J-REGION"
26,-0.846182835320326,2.582660207672e-06,"5'J-REGION"
27,0.684467893459108,0.000871778068560939,"5'J-REGION"
28,-0.206092530558017,0.38334971281174,"5'J-REGION"
29,-0.133884928610683,0.573610521159299,"5'J-REGION"
30,-0.00752162520284734,0.974893064367519,"5'J-REGION"
31,-0.371568285020659,0.106728539683036,"5'J-REGION"
32,-0.601730016227788,0.00500245221562053,"5'J-REGION"
33,-0.25423093185624,0.279410601241574,"5'J-REGION"
34,-0.109815727961571,0.644879836069254,"5'J-REGION"
35,-0.103798427799293,0.663206268423669,"5'J-REGION"
36,0.390207405411938,0.0889638905809724,"5'J-REGION"
37,0.14689274914156,0.53658030919653,"5'J-REGION"
38,-0.0545728303611718,0.819248130955241,"5'J-REGION"
