group,names,scores,logfoldchanges,pvals,pvals_adj
CXCR5+ Naïve B,SELL,61.14746,3.424527,0.0,0.0
CXCR5+ Naïve B,CD44,46.852104,3.0297399,0.0,0.0
CXCR5+ Naïve B,CR2,39.30217,3.8472767,0.0,0.0
CXCR5+ Naïve B,CXCR5,37.569027,3.131494,6.891470152944286e-309,1.3971455360394918e-306
CXCR5+ Naïve B,BCL2,37.410114,3.351916,2.6759148777468088e-306,5.3220220960959314e-304
CXCR5+ Naïve B,MYO1E,32.76747,3.7453272,1.7121134602764172e-235,2.8021590299857363e-233
CXCR5+ Naïve B,CCR7,30.984253,3.0627685,8.785930101258063e-211,1.284135197683411e-208
CXCR5+ Naïve B,PARVB,29.003626,3.3948872,5.92222389192136e-185,7.919147386371778e-183
CXCR5+ Naïve B,CTSH,27.772177,4.6924505,9.4071818258705e-170,1.1777341900245201e-167
CXCR5+ Naïve B,ADAM28,24.097496,4.6787596,2.655523148004989e-128,2.7181485147527286e-126
CXCR5+ Naïve B,TNFRSF13B,23.433472,3.4038374,1.9487938929572987e-121,1.8842738243781589e-119
CXCR5+ Naïve B,NCR3,23.342289,3.2494845,1.6505697018763195e-120,1.571742494295802e-118
CXCR5+ Naïve B,ENTPD1,22.885109,3.1961083,6.537620436755676e-116,6.0601234396640226e-114
CXCR5+ Naïve B,CCND2,20.779625,3.5499632,6.617428037241446e-96,5.224775342770734e-94
CXCR5+ Naïve B,AC120193.1,19.10031,5.1499877,2.509938108549325e-81,1.707192535131039e-79
CXCR5+ Naïve B,FCRL3,15.438622,4.955419,9.000143782054395e-54,4.546953668927288e-52
CXCR5+ Naïve B,LINC01857,15.354043,5.4924936,3.3278520741439105e-53,1.6651978276735387e-51
CXCR5+ Naïve B,BCL2A1,11.402363,3.1848361,4.0692094553780644e-30,1.2774309483096934e-28
CXCR5+ Naïve B,TNFSF12,11.256738,3.4550896,2.1455515151670786e-29,6.609981452216693e-28
CXCR5+ Naïve B,RAB31,9.5251875,3.1947646,1.6474444240875033e-21,4.0162368954635927e-20
CXCR5+ Naïve B,PKHD1L1,9.522576,4.7530274,1.6893802703913457e-21,4.115277954788965e-20
CXCR5+ Naïve B,DOK2,7.6733747,3.3379774,1.6752896717915902e-14,3.046545292035818e-13
CXCR5+ Naïve B,CD27,7.657799,3.6779702,1.891472216037063e-14,3.4218550901985413e-13
CXCR5+ Naïve B,AL592429.2,7.630218,3.3482816,2.3435704899229358e-14,4.220307110334575e-13
CXCR5+ Naïve B,IL13RA1,7.2146006,3.3945873,5.409243622310121e-13,9.036686421449933e-12
CXCR5+ Naïve B,SAMSN1,6.6551585,3.026933,2.8299468229115444e-11,4.2795114996714326e-10
CXCR5+ Naïve B,ODF3B,5.91857,3.0419273,3.2475301431815323e-09,4.128251910167333e-08
CXCR5+ Naïve B,MATK,5.5288773,3.211001,3.222870372759691e-08,3.713805595658252e-07
CXCR5+ Naïve B,GNG8,5.265347,3.8948624,1.3992469253288693e-07,1.525674371323192e-06
CXCR5+ Naïve B,KCNN4,4.736234,4.5781174,2.1772612421056433e-06,2.094222750900757e-05
CXCR5+ Naïve B,FXYD1,4.593708,3.618788,4.354388460821105e-06,4.017389988045872e-05
CXCR5+ Naïve B,BACE2,4.558634,4.9253078,5.1487474224812035e-06,4.6992227419125564e-05
CXCR5+ Naïve B,SLC26A3,4.4878206,3.086172,7.195541264625383e-06,6.462208879668134e-05
CXCR5+ Naïve B,AGMAT,4.455507,3.6096652,8.369521498914065e-06,7.456871096735912e-05
CXCR5+ Naïve B,GCNT2,4.3527484,3.5127225,1.3444136641099387e-05,0.00011704468144412856
CXCR5+ Naïve B,EBI3,4.2953405,3.4086845,1.7442520370748106e-05,0.0001496352061508022
CXCR5+ Naïve B,ALPL,3.9341347,3.398405,8.349694512624375e-05,0.0006544794222117944
CXCR5+ Naïve B,CD6,3.7316775,3.3626056,0.00019020885773532426,0.0014181846847136578
CXCR5+ Naïve B,CCDC144NL-AS1,3.4169388,3.6543128,0.0006332954395132765,0.004368014901506848
CXCR5+ Naïve B,COPDA1,3.3378673,6.7124896,0.0008442407083947762,0.005710163586008922
CXCR5+ Naïve B,BATF,3.3311107,3.4617016,0.000865002227084938,0.005840530722801266
CXCR5+ Naïve B,COL9A2,3.2566462,3.4847136,0.0011273682901315914,0.007499242410900747
CXCR5+ Naïve B,SLC45A3,3.0899918,4.962611,0.0020016207374708877,0.012735154900644903
CXCR5+ Naïve B,AC092757.2,2.7435462,3.020244,0.006077948271226046,0.03524514605554664
CXCR5+ Naïve B,IRAK2,2.6520436,3.0263317,0.008000623068777768,0.0453893445230678
CXCR5- Naïve B,MME,43.041473,3.7660878,0.0,0.0
CXCR5- Naïve B,ADAM23,38.63586,3.2596903,0.0,0.0
CXCR5- Naïve B,VPREB1,37.274014,4.5968366,4.327860374640397e-304,8.447123255447196e-302
CXCR5- Naïve B,BMP3,29.711088,4.493217,5.521559257628015e-194,7.643589344127873e-192
CXCR5- Naïve B,SMAD1,22.381565,5.607005,5.9519755277607634e-111,5.298438498140347e-109
CXCR5- Naïve B,ARPP21,20.20485,4.3127613,8.873987522740426e-91,6.703273651793152e-89
CXCR5- Naïve B,MYB,19.197638,4.279221,3.873117931938952e-82,2.663213520640036e-80
CXCR5- Naïve B,AC016168.2,18.490799,3.4562862,2.4489517174745732e-76,1.5673290991837268e-74
CXCR5- Naïve B,BEST3,17.237755,6.5769563,1.3830386134687544e-66,8.2311752631898e-65
CXCR5- Naïve B,AL132996.1,16.245674,3.6118326,2.396912691520071e-59,1.3008736514391487e-57
CXCR5- Naïve B,IGLL1,14.56705,7.3200703,4.551216609546373e-48,2.0970297762226573e-46
CXCR5- Naïve B,AC025437.4,13.441547,4.982803,3.451428828230494e-41,1.4177477058603274e-39
CXCR5- Naïve B,RAG1,13.251542,6.29356,4.420278574175585e-40,1.7627874879712012e-38
CXCR5- Naïve B,DLG2,12.606732,3.613042,1.9386521822254793e-36,7.150258940640078e-35
CXCR5- Naïve B,CEBPD,12.566221,3.6208024,3.2383557586523877e-36,1.1901998989461126e-34
CXCR5- Naïve B,AKAP12,12.416588,3.777763,2.124308007360344e-35,7.637786593053942e-34
CXCR5- Naïve B,RAG2,12.286729,8.637431,1.0673824338901318e-34,3.77718756785625e-33
CXCR5- Naïve B,CDHR3,12.078795,3.7798767,1.3670833715460629e-33,4.69499758114355e-32
CXCR5- Naïve B,AC119673.2,11.891679,5.314594,1.3075205460450163e-32,4.403807678340685e-31
CXCR5- Naïve B,RASAL1,11.268749,3.5603406,1.8721068913381056e-29,5.778888698763128e-28
CXCR5- Naïve B,CFAP73,10.904097,5.5503235,1.1018215600262294e-27,3.2268071483936844e-26
CXCR5- Naïve B,CASC15,10.831418,4.5326667,2.44341786932336e-27,7.076678629089149e-26
CXCR5- Naïve B,P4HA2,10.462279,6.230839,1.2872086853649285e-25,3.5669528861470466e-24
CXCR5- Naïve B,LINC00472,9.632767,5.3939037,5.8142330454683e-22,1.4420399307087284e-20
CXCR5- Naïve B,RASD1,8.262586,5.671604,1.4255047953241116e-16,2.8279711293096515e-15
CXCR5- Naïve B,LINC01792,7.948151,5.934183,1.893153070973368e-15,3.594588646662665e-14
CXCR5- Naïve B,KANK2,7.7418222,4.7047057,9.800206035679304e-15,1.8062268297078384e-13
CXCR5- Naïve B,IGF2,7.44293,7.114145,9.847606567210675e-14,1.7182187049862756e-12
CXCR5- Naïve B,AC008696.2,7.3791447,7.8788,1.5930948988217062e-13,2.7445950713033604e-12
CXCR5- Naïve B,STK32B,7.295083,4.971404,2.9847526862065887e-13,5.067145781272601e-12
CXCR5- Naïve B,SPTA1,7.1188555,3.1664438,1.0882692289569466e-12,1.782991253949066e-11
CXCR5- Naïve B,MYL4,6.970544,3.6744537,3.1571785653693293e-12,5.054059054414967e-11
CXCR5- Naïve B,CEMIP,6.3007736,3.5561066,2.961635961890643e-10,4.099843544777602e-09
CXCR5- Naïve B,DAPK1,6.2819533,3.0207396,3.3434487222120063e-10,4.610115517630105e-09
CXCR5- Naïve B,SLC8A1-AS1,6.21043,5.506652,5.283969957528052e-10,7.188029088543787e-09
CXCR5- Naïve B,C3orf52,5.9354963,3.5576015,2.9295789431201277e-09,3.743761232558231e-08
CXCR5- Naïve B,AL157402.1,5.9220834,3.6293674,3.1788854696171865e-09,4.0491810700142064e-08
CXCR5- Naïve B,DEPP1,5.2874355,7.2051682,1.2404320915440872e-07,1.3591122051841491e-06
CXCR5- Naïve B,RIMS3,5.2603345,4.77957,1.4379356218136119e-07,1.5656856888382169e-06
CXCR5- Naïve B,CPNE2,5.1290145,3.0705214,2.9126290489327674e-07,3.083775445878143e-06
CXCR5- Naïve B,DLL3,5.1064157,3.1846898,3.283265041162518e-07,3.459869907897081e-06
CXCR5- Naïve B,LNX1,4.866383,3.0504766,1.1365919394683382e-06,1.1338496859000971e-05
CXCR5- Naïve B,SMIM24,4.8069553,4.79863,1.5324631455293433e-06,1.504878808909815e-05
CXCR5- Naïve B,MEGF11,4.598152,4.2449627,4.262545844343735e-06,3.9361222630813265e-05
CXCR5- Naïve B,MME-AS1,4.5348372,3.71431,5.764788446292439e-06,5.232602892440601e-05
CXCR5- Naïve B,E2F2,4.4704933,3.2172186,7.80393693930868e-06,6.976697421929899e-05
CXCR5- Naïve B,AC016866.1,4.088785,3.3607595,4.3363858574959905e-05,0.00035366361065651184
CXCR5- Naïve B,NPPC,3.957237,5.103808,7.582165913579596e-05,0.0005987986470679195
CXCR5- Naïve B,FNDC5,3.6675732,3.0374985,0.000244863547242953,0.0018011685647384259
CXCR5- Naïve B,CSRP2,3.650754,3.2137012,0.00026147149611000685,0.0019116985327503153
CXCR5- Naïve B,SAG,3.599954,3.5120258,0.0003182735475385364,0.0023044764879840943
CXCR5- Naïve B,ADGRL2,3.5611665,5.2078066,0.0003692107798333723,0.0026392355653966997
CXCR5- Naïve B,UCHL1,3.560987,3.5890248,0.0003694635480315636,0.0026404417860686497
CXCR5- Naïve B,AC002460.2,3.40295,3.2500925,0.0006666243927682922,0.0045868195573354085
CXCR5- Naïve B,DNMT3B,3.1347468,5.8396215,0.001720025271053325,0.0110849208608654
