,Module
SLC26A3,12
CD8B,4
IL7R,4
LINC02446,4
IFITM1,4
TCF7,4
LTB,4
IL32,4
CAMK4,4
NKG7,2
CD8A,4
ALAS2,1
MAL,4
SNCA,1
GNLY,2
CISH,4
CST7,2
SLC25A37,1
BCL11B,4
UBB,1
SLC25A39,1
KLRB1,2
PRF1,2
BPGM,1
NELL2,4
CD79A,3
CTSW,2
BNIP3L,1
GZMB,2
SELENBP1,1
SPON2,2
GZMA,2
FGFBP2,2
DCAF12,1
TRIM58,1
PASK,4
FAM210B,1
NCOA4,1
TNFAIP3,4
BCL2,4
GZMK,2
THEMIS,4
TRDV1,2
CD247,2
CLIC3,2
RGS10,4
TCL1A,3
GZMM,2
RGS1,4
MS4A1,3
KLRD1,2
CCL5,2
PDE3B,4
TMCC2,1
TENT5C,1
BCL2L1,1
CD79B,3
FOXP3,14
IGLC3,3
BSG,1
AHSP,1
IGHM,3
STRADB,1
PHOSPHO1,1
BANK1,3
HOPX,2
ARL4A,1
BLVRB,1
MAML2,4
HSPB1,4
FCRL1,3
CTLA4,14
KLRF1,2
HBQ1,1
GYPA,1
SLC4A1,1
GZMH,2
PRKCH,4
RTKN2,2
GYPB,1
ZNF683,2
IFIT1B,1
ANK3,4
IL2RA,14
KLRK1,2
EPB42,1
FECH,1
ADIPOR1,1
RASA3,4
CXCR4,4
S1PR5,2
TRDC,2
DUSP2,2
FAM13A,4
LAIR2,2
HLA-DRA,3
HEMGN,1
TXK,4
BACH2,4
CD69,4
PLCL1,4
S100B,4
INPP4B,4
LINC00926,3
KLRC1,2
CDC14A,4
XPO7,5
VPREB3,3
IL2RB,2
SOX6,5
TRBC1,2
AFF3,3
TRBV20-1,4
FCRLA,3
MLLT3,4
CMC1,2
MPP1,1
RALGPS2,3
MYOM2,2
MKRN1,1
HLA-G,12
PIM1,4
TYROBP,6
HMBS,1
CD160,2
IGLC1,3
ARHGAP15,4
SH2D1B,2
IGLC2,3
IFITM2,2
ARMC9,12
COL19A1,3
GMPR,1
S100A4,6
JCHAIN,13
XCL1,2
IGHD,3
KLRC2,2
JUN,4
CSGALNACT1,4
PCDH9,3
FCER2,3
SLC2A1,5
CD83,3
HLA-DPB1,3
APBA2,4
NIBAN3,3
IGKC,3
NRGN,7
ID3,4
S100A6,6
SPIB,3
ZFP36,2
SPTA1,5
MARCH3,5
TRGV2,2
ANKRD55,4
RBMS3,14
TBX21,2
ZEB1,4
MYL4,1
FAAH2,4
CEMIP2,2
XCL2,2
PYHIN1,2
CNOT6L,4
STAT4,2
HLA-DQA1,3
SAMD3,2
SMOX,1
ANKRD9,1
GYPE,5
MATK,2
LINGO2,2
AL136454.1,12
RUNX3,2
IFNG-AS1,2
SYTL3,2
RUBCNL,3
HLA-DRB1,3
HLA-DQB1,3
GNG8,4
CCL3,2
LYZ,6
NFIX,1
LILRA4,13
SH2D2A,2
FCRL6,2
PLEKHG1,3
TSPAN5,5
UBE2H,5
MCTP2,2
GNG7,3
CD19,3
DDIT4,2
PTGDR,2
H3F3B,4
HECTD4,5
FCGR3A,2
SNX9,3
LINC01781,3
APMAP,2
PLD4,13
KLRC4,2
RHAG,5
STEAP1B,12
IGLV2-14,3
TTC38,2
ADGRG1,2
CPEB4,5
RGS6,5
AC079804.3,5
SPARC,7
ANXA1,12
FHDC1,5
PPBP,7
AIF1,6
TRAK2,5
HLA-DPA1,3
TRGC2,2
SMC4,4
LST1,6
EIF1AY,1
SPINK2,10
SP140,3
ANK1,5
S100A11,6
CXCR3,2
AC089983.1,14
SMIM14,3
TSPO2,5
IFI30,6
ITM2C,13
S100A10,6
FCER1G,2
TNFRSF13C,3
RAPGEF2,5
AOAH,2
CRIP2,12
MYL9,7
CTSS,6
BLK,3
OSBPL10,3
CTSL,4
TSPO,6
KIF2A,4
ARHGEF12,5
TGFBR3,2
HERC1,5
TOX2,2
TRBV5-1,4
MAP3K8,2
PRKCA,4
MZB1,13
AL163932.1,4
TPD52,3
IL18RAP,2
FCN1,6
CCL4,2
PAX5,3
NCR3,2
DNAJB1,4
MACO1,5
PNP,1
CX3CR1,2
C1orf21,2
TIGIT,2
PTGDS,2
SRGN,2
CD72,3
P2RX5,3
CLEC4C,13
CCDC191,3
TRBV7-2,4
RORA,4
LINC01934,4
MNDA,6
PRSS23,2
OSBP2,1
TCF4,13
PPME1,5
KLF12,4
GRAP2,4
NCAM1,2
KIR2DL1,2
MYBL1,2
CD22,3
VCAN,8
KRT1,1
FHIT,4
EFHD2,2
LYN,3
LINC01857,3
OAZ1,1
DUSP1,3
LINC00299,2
FP671120.4,4
KIR2DL3,2
UGCG,13
NEAT1,8
IRF7,13
GNG11,7
TOX,2
TSPAN13,13
LGALS2,6
SPI1,6
ZNF331,4
MAN1A1,5
CALM3,4
CLU,7
TRBV28,4
CSF3R,8
BLNK,3
SOCS2,4
NAMPT,8
RHD,5
PTGER2,12
TRDV2,2
CR1L,5
MARCH8,5
TNIK,4
PPP1R14A,3
SH3BGRL3,6
GRIP1,4
NCR1,2
ALOX5AP,2
CCR4,12
COBLL1,13
IKZF2,2
CSTA,6
ZBTB20,4
PRDM1,2
IL12RB2,2
PITHD1,1
SYNE2,2
HRK,3
MEF2C,3
MAP2K3,1
ACTN1,4
IGKV3-20,3
SERPINA1,6
FAM153CP,12
DYSF,9
CCDC50,13
KHDRBS2,3
MGAT5,4
RNF19A,5
PLPP5,3
EOMES,2
WDFY3,9
PZP,12
RIOK3,1
LINC00996,13
TUBB1,7
FOS,6
NCF1,3
IRF8,13
METRNL,2
DTHD1,2
HPGD,4
ABCA13,9
ARHGAP26,8
PAG1,4
NCALD,2
MGAM,9
IGLJ3,3
TAFA1,4
ZNF462,12
ACSL6,5
SPECC1,5
GCLC,5
LGALS1,6
EBF1,3
MS4A6A,6
TLE1,3
SLC22A23,5
PCNX2,12
TENM1,4
A2M,12
FKBP5,4
C12orf75,2
IGLJ1,3
SYNE1,2
NUDT4,1
DENND4A,5
PDE4B,4
PTPRS,13
DMTN,1
SAT1,6
SYTL2,2
LINC01478,13
AL139020.1,3
TMPRSS9,1
RGS18,7
IFI44L,14
CDKN1C,8
CRHBP,10
ACSL1,9
RHOC,2
GP1BB,7
BEX3,4
PRDX2,1
TOP1,5
TCL1B,3
ANK2,14
KIR3DL1,2
YES1,2
ADAM23,12
KLRC3,2
AC107223.1,5
HERPUD1,3
TRDV3,2
TUBA4A,4
YPEL4,5
EPHB1,13
STAT1,14
CD24,3
KIR2DL4,2
ACRBP,7
DPYD,9
PLXDC2,8
AC069410.1,5
ATP10A,4
FCRL3,2
MOB1B,5
AC004448.2,12
TRAV8-2,4
CFD,6
TTN,4
IFITM3,6
TYMP,6
CEBPD,6
STXBP5L,3
LIX1-AS1,3
SORL1,9
ABCC4,5
CD68,6
TMOD1,1
RUNDC3A,1
FXYD2,2
BTBD11,4
PERP,14
AL589693.1,12
ALOX5,3
CXCR6,2
MARCH1,3
EIF2AK1,1
LDLRAD4,4
PDGFD,2
RBM47,8
SLC11A1,8
LGALS3,6
ANGPTL1,3
NKAIN2,10
FCHSD2,13
TRAV8-3,4
PDE4D,12
TFRC,5
TRGV9,2
NFKBIA,3
NCF2,6
CST3,6
PTCRA,7
SCT,13
CDK6,4
STOM,5
CDK14,3
ISG15,14
ALPL,9
SLC6A8,1
LAPTM4B,10
TSC22D1,7
GPRIN3,2
STMN1,11
ESPN,1
KLF1,5
CHST12,2
LINC01374,13
IGKV1-39,3
PDLIM1,3
CAVIN2,7
ATG14,5
ARHGAP24,3
ARG1,5
NFE2,1
WNK1,5
ZEB2,6
DNAJC6,5
ANXA2,6
TRPM6,9
PF4V1,7
RASD1,13
UBR2,5
C17orf99,5
CEP78,2
ADAM28,3
TGFB1,2
SGMS1,5
IL1R2,9
SLC8A1,8
FASLG,2
TREML1,7
RHCE,5
HCK,6
TRBV19,4
RIPOR3,5
CASC15,12
TLCD4,5
TNS1,1
CD34,10
AP001189.1,7
HIST1H2AC,7
UBE2O,1
IRAK3,8
AUTS2,12
CREM,2
NRIP1,10
TBCEL,5
CA8,5
LCN8,3
IL3RA,13
MYO1F,6
PTPRK,3
ERMAP,5
ART4,5
STXBP2,6
TNFRSF18,14
MDK,10
TRAV4,4
PTGIR,4
BMP3,3
TNFRSF4,14
LINC01871,2
SCN3A,3
SMIM5,7
SIPA1L1,8
DTX1,3
GADD45A,4
AHNAK,6
FAM30A,10
GP9,7
GLUL,1
RBP7,6
CD14,6
FPR1,6
CTSA,7
MPIG6B,7
NAIP,8
EPHA4,12
CYBB,6
FGL2,6
SLFN12L,2
TPST2,2
TRAV29DV5,4
AKAP12,3
ALDOA,6
TRIM10,5
MS4A7,8
AC023590.1,13
TRGV4,2
PIGK,14
SPTB,5
CNST,14
NCEH1,5
RGS2,8
SMIM25,6
FAXDC2,5
TRBV6-5,4
HBD,5
PRKCE,3
IFI6,14
AC007384.1,3
TMEM40,7
HIST1H4H,14
TCL6,3
AC093865.1,2
MAP3K7CL,7
SEL1L3,13
TRAV13-1,4
DMXL2,8
ADGRG3,9
C1QTNF4,10
DUSP5,3
RAP1GAP,5
RNF130,6
CLEC12A,6
TRBV7-9,4
LRRK2,8
KLHL14,3
RFESD,5
MX1,14
MACROD2,3
TMEM131L,5
XIST,12
ZBTB16,2
CDC27,5
PROK2,9
IGF1R,9
TNFRSF1B,6
TRGV10,2
TRBV3-1,4
IGKV1D-39,3
EGFL7,10
NIBAN1,9
ADAM19,3
LILRA5,6
GAB2,8
LDB2,2
CD1C,3
TRBV9,4
ALDH2,6
APP,13
BMP2K,5
NARF,5
FOXO3,5
MMP9,9
TRAV9-2,4
GBP5,2
MAX,4
XK,1
WDFY4,3
PADI4,6
DUSP6,6
CPPED1,6
TRBV6-1,4
FNDC3B,8
TRBV4-1,4
CDA,6
PRDM16,2
EPHB6,4
PLBD1,6
IGF2,5
CD177,9
TIMP1,8
CPVL,6
MGST3,11
CLEC7A,6
DACH1,9
KCNJ15,9
TRGV8,2
MEGF9,8
TRAV12-2,4
NRXN3,5
PILRA,6
TRBV4-2,4
SIPA1L3,3
LRP1,6
AC016074.2,14
TNFAIP2,6
ARPP21,3
MIR924HG,12
PTPRE,8
AQP9,8
PRSS57,10
CEBPB,8
DNASE1L3,13
TBXAS1,8
C5AR1,8
MICAL3,5
AC114752.2,7
TRBV2,4
ST6GALNAC3,9
MPEG1,6
FCRL5,3
TRBV30,4
CR1,9
IGFBP4,3
ZFAT,13
TMEM158,1
LRMDA,10
TRBV10-3,4
LILRB2,6
SLC40A1,5
RAB31,6
TAL1,5
MME,3
PRKAR2B,7
MAST4,12
STAM,5
HIST1H1E,11
TRBV27,4
CHST2,2
JAML,6
SLC7A7,6
TMEM176B,6
PIP5K1B,3
CLIC2,5
PF4,7
ERG,10
MSI2,12
IRF4,13
AREG,2
SLAMF7,2
VMP1,8
ERN1,12
TRGV5,2
CA1,5
FCAR,9
TUBB3,3
WDR26,5
KYNU,8
SLA2,2
PID1,8
BNC2,2
GCA,8
AMN,3
RETN,8
IGKV3-15,3
DOCK5,8
HIST1H3H,7
ZYX,6
ACSM3,3
SMYD3,12
G0S2,8
IL18R1,2
MYO1C,3
RSAD2,5
PLCB1,10
VPS13B,5
TFPI,10
FCGR3B,9
HAVCR2,2
IGKV4-1,3
MMD,7
AF165147.1,2
RUNX1,12
DIPK1B,10
SERPINB1,10
ZNF451,5
ANKH,14
PPP2R2B,2
TRAV26-1,4
GLT1D1,8
C19orf33,7
CLCN3,5
TRAV12-1,4
S100A12,8
RAB32,6
DYRK3,5
CEACAM1,9
PAM,2
CDKN2D,1
CPOX,5
RNF149,8
LIMK2,9
IL1RAP,9
HLA-DRB5,3
CD63,2
TRBV5-4,4
CAMK1D,3
BCL2A1,8
F13A1,7
SAMSN1,8
NFKBIZ,12
SIPA1L2,9
PTTG1,11
VPREB1,3
SETBP1,3
CD300A,2
CD36,11
MSRB1,6
AL159156.1,5
RUNX2,13
TRBV6-2,4
TGFBI,6
HDAC9,3
IGLV1-51,3
ABCB6,5
PEG10,3
FCGR2A,6
LILRB3,6
TCF7L2,8
TRBV11-2,4
PCSK5,12
SLCO3A1,8
MINPP1,11
HECW2-AS1,4
KLK1,3
CSF1R,8
PGRMC1,7
TFR2,11
GADD45B,3
MAFB,8
PARVB,7
FAM49A,8
XPO6,9
RHEX,13
TSPYL2,2
ETV6,10
SH3BGRL2,7
AP001636.3,3
PRDM5,9
ANXA3,9
AC020656.1,6
RAMP1,2
BASP1,9
IMMP2L,12
ASGR1,6
PTGS1,7
TRBV12-3,4
SPINT2,10
LINC02506,5
CD82,10
ST8SIA6,10
LYST,9
CCR9,2
PLAUR,8
CD9,7
SULF2,8
RHOB,8
CD226,14
LINC01505,3
MAPK14,9
ITGB1,14
TREM1,8
FGD4,8
GPCPD1,5
RTN1,8
GAB1,3
PFKFB3,9
IGF2BP2,10
H1F0,11
ADARB2,3
MAP4K5,5
ITGA2B,7
SLC7A5,1
TRBV7-3,4
APOBEC3A,8
C2orf88,7
TLR2,8
AC244502.1,2
MARCKS,3
COL6A2,2
STX11,6
AC002454.1,10
PICALM,8
ZSWIM6,8
CCDC200,8
TUBB2A,1
KEL,11
HK3,6
AC243829.4,2
PYGL,6
FAM157C,8
FLNA,7
SLC2A3,12
GNAQ,9
ANGPT1,10
TRBV18,4
TMEM176A,6
NET1,4
MLC1,2
CMTM5,7
LINC01013,3
LPCAT1,2
HIST1H4C,11
SBF2,8
AC108879.1,3
OSBPL5,2
HBEGF,8
SERPINB6,10
NR4A1,8
ABCB10,11
NT5C3A,14
TUBA1B,11
YWHAH,7
TRPS1,8
TRAV21,4
PELI1,8
IL1B,8
IFIT1,14
TRAV8-4,4
ADAMTS17,2
AP003068.2,7
PPP1R16B,12
MCEMP1,8
AC139720.1,4
CYP27A1,8
ASAP1,9
SULT1A1,6
CPNE5,3
EGR1,8
SOCS3,12
CITED2,4
AL034397.3,6
CYSTM1,9
KCNH8,3
AC024267.1,5
NRP2,12
PMAIP1,3
IGLC6,3
E2F2,1
JARID2,8
ODC1,10
LINC02772,5
LINC01089,12
PLXNA4,12
CCNJL,2
VCL,7
ITGAM,2
PTPRJ,9
ANKRD28,10
VCAN-AS1,8
AL136018.1,2
LINC01876,12
TRAV19,4
HHEX,3
GPM6A,3
BBC3,4
IGLV1-44,3
AC147651.1,7
IGLV1-47,3
PTPRD,2
TLN1,7
CD300E,8
AL050309.1,3
PCNX1,9
PTEN,9
NCAM2,3
EDIL3,5
FAM49B,2
CSF2RA,8
ATXN1,9
MARK3,5
CLEC4E,8
MYB,10
AL138963.4,14
AGTPBP1,9
MICAL2,5
KCNQ5,3
SAV1,3
S100P,8
CREB5,8
CPB1,5
LINC00278,9
BTK,3
FOSL2,2
FAM160A1,13
PECAM1,8
SLC18A2,16
GAS7,8
LARGE1,3
ANPEP,8
MXD1,8
ITGAX,8
DOCK4,8
ATP8B4,10
LTF,9
NLRP3,8
IGKV1-5,3
P2RY12,7
PTPN12,2
SORBS1,5
ESAM,7
SLC4A4,2
HMGB2,11
LINC00937,8
THBS1,8
KIF13A,8
CDKN1A,8
KIF1B,9
AL163541.1,8
SCART1,14
ZDHHC17,5
EMCN,10
FTX,12
FRMD4B,7
LINC02432,8
PLVAP,1
TIMP2,6
MAP1A,13
MAML3,9
TNFRSF11A,2
HIST1H1C,11
HIVEP1,12
ENHO,9
PFKFB2,13
LCN2,9
CHST11,9
GK5,2
IGHV4-34,3
RNF24,9
TRAV3,4
ODF3B,6
VNN2,8
SOD2,8
TBL1X,12
PLEK,2
TRAV38-2DV8,4
ITGA9,10
KLHL2,9
MCTP1,8
RRM2,11
GATA1,11
ZHX2,12
DAPK1,10
LIMS1,7
IL4R,14
AL031599.1,5
LGR6,2
HP,8
FBXO30,5
RABGEF1,8
ADGRE2,8
AC103876.1,11
HBZ,1
PREX1,2
CD86,8
TMEM170B,8
TRAV8-6,4
UBE2S,11
IGF2R,2
FCGR2B,3
CNRIP1,16
CLEC10A,9
EMILIN2,8
SLC6A9,5
SVIP,4
RALGAPA2,9
BHLHE40,2
AC100835.2,5
TRAV14DV4,4
ETS2,8
MARCH2,7
TRBV6-6,4
TYMS,11
TNFSF4,7
DAB2,7
PLEKHF2,14
FBXL5,9
NUMB,8
ADAMTSL4-AS1,8
SVIL,9
LINC00989,7
IGLV1-40,3
TBC1D9,3
FCHO2,5
CD93,8
ITLN1,1
KLF4,8
MED13L,9
TEX14,2
ATP2B1,8
FOSB,8
HPGDS,16
IGKV3-11,3
BST1,6
ATG7,8
USP32,9
ITGB3,7
IFIT3,14
RNF144B,8
HIST1H2AJ,11
ATG2B,5
KDM6A,12
PHF21A,8
JDP2,8
ENTPD1,8
SLC39A3,10
ROR1,3
CFLAR,2
AC124947.1,5
IGHV3-30,3
DBN1,2
CAMKMT,12
ELL2,9
FLCN,5
AC243829.1,2
PRR5L,2
RAB11FIP1,9
CLDN5,7
QSOX2,3
ZNF521,10
AC020916.1,8
CHST15,8
TRAV23DV6,4
TRAV13-2,4
ALDH1A1,16
AMMECR1,14
NUSAP1,11
TRBV21-1,4
FRMD4A,5
RAB37,2
FRMD3,7
LNCAROD,10
SLC24A4,8
PDGFA,7
AP000547.3,7
ALPK1,9
SASH1,8
GSAP,3
TMPRSS15,3
PGLYRP1,9
CXCL16,8
CYB5R3,7
FLACC1,5
TPM1,7
NFAM1,8
GRK5,12
PPP1R9A,2
CASP3,14
TTN-AS1,12
DIAPH2,8
CPQ,8
HRH2,6
AC246787.2,10
IGLV3-19,3
TSPAN18,14
ZMAT4,2
ZFAND3,9
TRBV12-4,4
KCNE3,6
MEIS1,10
HIST1H2AM,11
LINC00892,14
PRC1,11
FOLR3,8
NFIL3,8
TLN2,5
TBC1D8,9
TSPOAP1-AS1,14
CD163,8
IER3,8
TRIO,3
IGHV3-23,3
RAB27A,9
EPB41L3,8
IGLV3-21,3
DENND1A,8
TRAV2,4
RSU1,7
AC005580.1,12
DGKD,3
BEST1,8
CLDN15,10
BACH1,3
TNFRSF10C,9
JAZF1,3
AC092490.1,1
CHSY3,2
GALNT5,5
TRAV10,4
RAP1GAP2,9
CCSER1,3
CA2,7
RAB20,8
HDAC4,9
TSPAN33,7
CKB,8
HIVEP3,12
HIST1H2BJ,7
GFOD1,2
CTTN,7
SLC25A21,11
CENPF,11
BACE2,16
FAM110A,7
TPM4,7
FHL1,7
MIR181A1HG,12
MMP25,9
AC068587.4,12
KIFAP3,14
SLC12A6,9
ATXN7,12
SMIM3,7
MFSD2B,11
DLGAP5,11
CLEC1B,7
ABCC3,7
CYP1B1,8
TRAV1-2,4
PCLAF,11
TET2,8
WRN,14
IGHV4-39,3
IGLL1,11
TRAV17,4
TSPAN2,10
NORAD,14
CLIC4,3
MYCN,10
HJURP,11
PTAFR,6
PTMS,10
RANBP10,5
SERPINI1,5
FMN1,9
B3GNT2,14
TRAV12-3,4
AFF2,16
TMEM140,7
IRS2,8
IVNS1ABP,2
HIST1H2AI,11
CXCL5,7
FERMT3,7
SIRPA,6
XACT,16
UST,12
TLR4,6
KLF10,8
SIRPB1,6
ARRB1,8
ATP11A,9
TRGV7,2
PADI2,9
EP300,5
HDC,16
DENND3,9
DGKH,14
AC015849.1,2
GSTO1,7
BCL6,9
AGTR1,5
CMIP,9
SGK1,12
IQSEC1,9
KIR3DL2,2
PCAT1,12
MAP2K6,12
PLXNC1,9
IL23R,2
SEPTIN5,7
C12orf76,14
SLC43A2,8
ATP1B1,14
NRG1,8
NLRP12,8
ASPM,11
CKS2,11
AHR,9
TRBV24-1,4
ATP13A3,8
IL1R1,9
ALOX12,7
S100Z,8
RIMBP2,3
IGHV4-59,3
E2F1,11
FPR2,8
KIT,16
SLA,2
SLCO4C1,2
GCLM,11
DPF3,5
KNL1,11
NRP1,13
ATP9A,9
CCNB1,11
ELOVL6,5
LMO4,16
TMCC3,8
RASSF6,12
IGKV2-30,3
EVA1B,10
IGHV3-15,3
STEAP4,9
TRAV41,4
EVI5,8
F2R,7
TRAV20,4
TRIB1,9
UHRF1,11
SLC24A3,16
H1FX-AS1,14
IGLV2-11,3
TRAV1-1,4
ZNF516,9
TRAV8-1,4
TRAV5,4
TUBB4B,11
CPD,8
ZNF185,7
SKAP2,3
DSC2,8
IFNGR1,2
PTGS2,8
EPOR,11
ATG10,12
SLC22A4,1
PDGFC,10
TRBV29-1,4
PSTPIP2,9
TPX2,11
SGIP1,5
FRY,9
GSN,7
PSD3,3
RELN,5
WWOX,12
BGLT3,5
MBOAT2,11
MAPKAPK2,13
LY6G6F,7
DNAJB6,14
PRKCD,6
TMTC2,8
TBXA2R,14
IFIT2,14
ABCA1,3
THEM5,1
AGBL5,14
AGFG1,8
MPL,7
RUFY1,7
HMOX1,8
DAPP1,3
LINC00910,2
ACY3,10
BX284613.2,13
CYTOR,16
GALNT2,14
AC010615.2,5
CDKN3,11
FSTL4,14
NAALADL2,12
HMMR,11
SLC16A1,5
TRBV5-5,4
NLGN1,10
GALNT14,9
COL24A1,10
EXT1,9
BIRC5,11
PDZD8,16
GYG1,8
NACC2,8
AL627171.2,14
PELI2,9
ANXA4,3
SH3BP5,3
ABHD5,8
RAB13,10
ANKRD33B,3
UBAP1,5
GFI1B,7
NT5M,7
PTPN18,7
CCNB2,11
IGLV3-1,3
MECOM,10
MSRA,14
ID1,9
NEDD9,8
MARC1,8
IFNG,2
P2RX1,16
PBX1,5
GTDC1,9
MIR497HG,14
SLC22A15,8
CDK1,11
ARHGAP42,5
RNF165,2
UBASH3B,12
ALDH1A2,9
MYO18B,5
ZNF407,12
PHLPP2,5
F5,8
RGS16,11
IGHV3-43,3
IFRD1,14
LIN7A,9
NXF3,7
ZNF385B,5
DOK3,8
LRP12,7
SAMD14,7
AL118516.1,12
IGHV1-69D,3
ARRDC3,12
DISC1,9
ACSL4,16
CTBP2,9
C22orf34,12
ANTXR2,9
GRIK4,2
PVALB,7
BCAS3,12
VWA5A,16
MFAP3L,7
IGLV2-8,3
AL512353.1,11
THSD7A,10
PTPRF,5
AC253572.2,2
PLA2G12A,14
IGLVI-70,3
TMEM163,10
TRAV27,4
TRAV22,4
CXCL8,8
EIF4E3,14
TRBV5-6,4
MKI67,11
AL136456.1,14
SRGAP2B,8
TRAV30,4
FCER1A,9
SLC2A1-AS1,5
INKA1,10
MAP3K5,9
SH3RF3,12
APOC1,16
ZDHHC19,9
FHL2,10
AGPAT4,5
BEND2,7
BAZ2B,9
ARL15,9
DIAPH3,11
PTK2,14
SRGAP2,8
CDC42BPA,11
ATP2C1,10
ATP1B3,9
DEPDC1,11
CTNNAL1,11
STXBP5,16
RAD51B,12
CENPE,11
CYP4F3,9
LPCAT2,9
CCNA2,11
NCOA1,2
SERPINE2,14
SLC45A4,9
CSF2RB,16
PLOD2,7
ZNF778,14
TRAV35,4
LINC00877,8
SLC4A10,2
FBXW7,9
LINC02384,2
GUCY1B1,7
SPC25,11
TRAV36DV7,4
DDI2,5
AC009093.2,8
ITPRIP,2
SLC49A4,8
AC105402.3,12
AK1,11
PLCB4,10
BEST3,3
TNNC2,7
GATA2,16
SDC2,8
ASPH,9
AL627309.5,9
INPP5A,14
PIGQ,11
NABP1,9
SPOCD1,7
CRISPLD2,8
B4GALT5,9
SMAD3,3
RIN2,8
SLC45A3,16
PLD1,16
BET1,14
NR4A3,9
CPA3,16
HIST1H2AH,11
ORM1,8
STK3,9
CLEC4D,8
LGMN,13
IGLC7,3
NBEAL2,8
AURKA,11
DHRS9,16
IGHV1-2,3
WDR49,10
XYLT1,9
LMNA,7
ILK,7
KREMEN1,11
IGHV5-51,3
NATD1,5
JAK2,9
HIST1H4F,11
MFSD1,7
UBL4A,14
HIST1H2AL,11
TRAV6,4
AL731557.1,7
HIST1H2BK,14
ENKUR,7
P2RY1,7
SLC8A1-AS1,3
CORO1C,9
LINC02613,14
TTTY14,14
IGKV1-33,3
ATG16L1,12
MGAT4B,7
C5orf30,7
CDCA2,11
TUBA1C,10
GK,8
ITGB5,7
KCNE1,8
AL450352.1,2
KRT72,2
ZNF438,9
TBC1D22B,5
CHSY1,8
MPO,16
LNX2,5
SGMS2,8
CXCR2,2
STON2,7
CCDC92,14
AC090409.1,7
NHSL2,8
MLH3,14
LEPROT,10
DPYD-AS1,8
TANC2,12
SPX,7
GRB10,16
GPAT3,9
LINC01001,9
VIPR2,2
ADGRB3,9
AC006296.3,5
OSM,8
GAS2L1,7
RCL1,14
MAGI2-AS3,10
LUCAT1,9
LPAR1,8
KIAA0513,8
SEC14L1,9
PRSS2,10
TST,16
ITSN1,5
MIR646HG,9
BMP6,7
IGHV3-7,3
SORT1,9
HIST1H2AG,11
PDE5A,7
AKAP5,2
MEG3,10
SELP,7
FAR2,9
TTTY10,5
TRBV7-6,4
SUSD6,9
TRAV38-1,4
NFIA,11
EXOC6B,14
TRAV25,4
CARD19,7
EEPD1,14
ZNF710,8
PARD3,14
SLC16A3,8
PRKN,14
TAB3,5
CENPA,11
MGLL,7
CENPP,11
AL139294.1,11
CD58,9
CMTM2,8
BTRC,14
CPB2-AS1,14
IGHV1-3,3
AC011472.2,8
AL137789.1,3
AL157895.1,16
AP003086.1,8
HSBP1L1,12
SPRED1,8
PPARG,8
CCL4L2,2
FN3K,16
GTPBP1,9
APOBR,8
ACER3,9
C9orf153,5
DGAT2,9
COLGALT2,2
CDC20,11
TCEAL9,10
PEAK1,14
ZNF804A,16
MYLK,7
DAAM1,14
ALCAM,9
CD151,7
HIST1H3C,11
HIST1H2AB,11
KSR1,8
IL1RL1,16
RFX2,8
MYO10,9
VNN3,8
TOP2A,11
IGHV3-48,3
ABCB5,5
STRN3,14
TRAV16,4
ABHD2,9
TRBV14,4
PFKFB4,8
BPI,8
DEPP1,3
AC127526.2,11
IL1RN,8
GP1BA,7
DGKG,8
SYCP2L,13
HYI,14
RGPD2,14
WLS,8
DLK1,10
AC005050.3,9
RHBDD1,14
EFHC2,14
FAH,10
TPSAB1,16
TLE3,9
LANCL3,7
CALD1,7
TRAV26-2,4
NEGR1,10
HIST1H2AK,11
ENDOD1,7
TLR8,8
NEDD4L,5
PGS1,9
AC005392.2,8
RDH11,14
TAFA2,16
AC011246.1,2
TSHZ3,9
ABO,16
MITF,16
KIFC3,7
TUBA8,7
FSIP1,8
SV2C,14
MYCT1,10
AC112253.1,5
DMD,3
FADS2,10
AGO4,8
ACSL3,9
PNMA1,14
NUP153,14
ECE1,9
TRAV39,4
IGKV1-17,3
FAM178B,16
EGLN3,7
SLC2A4,5
TBPL1,14
IL5RA,16
HIST1H1B,11
MMRN1,7
FBN2,8
ABLIM3,7
HSPA1A,9
SLCO5A1,14
TPK1,14
LMTK2,14
KLF7,14
RAB6B,11
HIP1,9
ST7,11
SSX2IP,14
B3GNT5,9
CLNK,10
SEMA7A,13
CRPPA,16
PHLPP1,9
FNBP1L,10
SKI,14
HIST1H2BN,11
TRAPPC3L,7
IGLV3-10,3
PDZD2,10
MIR4422HG,2
SLC35D2,15
CIT,11
DLG5,2
MS4A4E,9
TRBV25-1,4
HIST1H2BC,11
TG,2
XPNPEP1,14
ICAM1,8
ST3GAL4,9
RAB3IP,14
AC008763.1,7
QSOX1,9
PLK1,11
GCH1,14
ZFPM1,2
TMEM91,7
PPM1L,9
AC083837.1,3
NR6A1,9
ERVMER61-1,14
LRRC2,5
CDH1,11
LGALS12,7
AC008875.3,14
GP6,7
HGD,7
FLVCR2,8
ANKS1A,9
AL133415.1,8
VNN1,8
SYTL4,7
LINC01163,14
IL15,8
CTDSPL,7
IGHV1-18,3
SLC6A6,9
ADGRE3,8
ARHGAP18,15
ABR,8
LY86-AS1,3
TRIM13,14
AP001189.3,7
IGLV8-61,3
CROCC,2
PDZK1IP1,7
MFSD14B,9
DDTL,12
SPDYC,7
IGKV1-8,3
NLK,15
IGHV6-1,3
TKTL1,2
CDKL1,5
EHD3,7
IGHV7-81,3
TSPOAP1,2
ARG2,7
CRYM,7
LHFPL2,13
PRUNE1,14
HIST1H3G,11
DAPK2,9
MEIS2,16
GPC5,14
MAGI2,10
RAB27B,15
DEC1,14
EDA,12
LGALSL,15
SNN,15
ENO2,14
NFKBID,3
MXD3,9
IGHV4-31,3
IGLV2-23,3
CTNNA3,10
SLC1A3,9
SLC8A3,10
AC099489.1,9
ARNTL,2
IGHV2-5,3
GADD45G,11
NSUN7,3
HIST1H2AE,11
DAB1,14
ANO6,15
LIPN,8
IGHV3-21,3
HNRNPLL,14
ZNF682,12
NLRC4,8
BEX1,10
TRBV11-3,4
HIST2H2BF,11
BAMBI,7
REPS2,9
CXCR1,2
THRB,10
MYO1D,11
RRP12,8
DDX60L,14
KIAA0232,5
ATP6V0A1,5
TAX1BP3,7
SUGCT,3
ATP10D,3
CDK5RAP2,14
FFAR2,8
IGKV1-27,3
TRBV10-2,12
IGKV2-28,3
LINC02757,7
AC127502.2,7
IGKV1D-16,3
HIST1H2BF,11
SOX5,3
RYR3,16
PHTF1,9
SPINK4,16
SLC46A2,8
LINC01002,9
CNTNAP2,10
COL6A3,14
SLC39A11,9
TNFSF11,2
TRIM25,9
NRIR,5
FP671120.6,14
PROS1,15
ELOVL7,15
LRRC8B,15
GULP1,5
SLC36A1,5
AC123912.4,7
CCDC26,9
IGLV10-54,3
SPOPL,3
RYBP,9
SLC37A3,14
ARHGAP6,15
TWSG1,10
IGHV4-61,3
CEACAM3,8
MRVI1-AS1,3
AL109809.5,9
E2F3,9
NECAB3,14
HIST1H2BH,11
PDE3A,15
AZU1,16
FAM53B,9
IGKV2D-29,3
TSPAN9,15
CAPN3,9
SERPINE1,15
SUSD1,9
TMCC1,14
RHOBTB1,10
HAL,8
NEXN,15
CDC14B,7
PHLDA1,2
AC133919.2,9
INSIG1,14
RMRP,14
ENTPD1-AS1,14
HIST1H4D,11
KCTD10,2
PPIF,15
TRBV7-5,12
CYP1B1-AS1,8
IGHV7-4-1,3
DLG2,10
AC015871.1,8
FANK1,5
KLHL35,7
HPSE,15
LGR4,5
SEMA3C,9
BX293535.1,14
MIR222HG,9
RBPMS2,15
FMNL2,9
IGLV4-69,3
LINC01814,2
SMARCA5-AS1,14
VIM-AS1,8
AIG1,14
IGLV2-5,3
ADAM9,9
ADM,8
IGKV1-16,3
CPED1,9
CD84,15
HSPA6,8
PDLIM5,9
GDF15,5
PIK3CB,9
TRBV15,4
LINC02814,5
HIST1H2BO,14
MS4A3,16
ANO10,9
IPMK,9
LINC01004,14
AC215522.2,9
NF1,14
AGPAT1,14
TPM2,13
C2CD3,14
PDLIM7,15
DSE,14
GPLD1,5
SLC10A3,14
FAM83D,11
TNFSF9,2
LTBP1,15
TRBV13,12
CCL3L1,2
ANKRD22,8
PAPSS2,9
IGLV3-25,3
MISP3,7
PRG2,16
VDR,8
TECPR2,9
MINDY4,7
SGO1-AS1,14
TNFRSF10D,9
CCPG1,9
EREG,16
AC112721.2,14
DNAJC5,9
TRPM2,9
FBXL13,14
HFM1,14
TTC7B,15
LEFTY1,7
ASAP2,15
CASS4,15
DNM3,15
TET3,9
PARD3B,10
LINC02284,15
PKHD1L1,15
FP671120.7,14
GCSAML,16
LINC01811,3
HIST1H2BB,11
THBD,8
ARRDC3-AS1,12
CLTCL1,9
C1orf198,7
AC011446.2,9
SRC,15
SAMD4A,9
AL450992.3,9
AC021660.4,5
AL138720.1,9
OXTR,7
PKP4,11
NCKAP1,15
IGLV6-57,3
AFAP1L2,10
HIST1H3B,11
NPIPB4,14
EPN2,5
ITGA9-AS1,10
IGHV1-46,3
EPDR1,9
SERPINB2,8
PEAR1,15
RGS9,2
CAV2,7
LEPR,16
PIEZO2,16
GET1,14
P4HA2,3
C1QA,9
WNT11,15
EPX,16
COL1A2,14
AC012447.1,2
MED12L,16
AFAP1,15
IGHV3-33,3
TRAV24,12
LINC02649,9
EFNA5,2
PCSK6,15
FREM1,16
FGF13,9
HIST2H2AB,11
IGKV1-9,3
IGKV1-12,3
RTN2,7
SWI5,14
INAFM2,7
RNF19B,8
SHOC1,9
JAM3,10
AP002478.1,7
WFDC1,15
PBX3,14
FP236383.5,14
SPHK1,7
BBS12,7
GNAZ,7
PTCH2,2
TGFB1I1,15
GBE1,14
CABLES1,10
CLCN7,14
CLEC2L,7
AC092650.1,9
AC092746.1,9
ST8SIA4,14
ARHGAP8,5
EGF,15
MS4A14,8
CDK19,14
IGHV3-20,3
HSD11B1-AS1,8
GABRE,15
UBA7,15
MINK1,9
ZGLP1,7
AATK,9
WDR11-AS1,7
MINDY1,15
GALNT10,14
LIPH,15
TLR5,8
SIAE,14
AC139769.2,14
DENND2C,7
SNX13,14
F11R,7
STX3,9
OTUD7B,5
TRBV12-5,12
MSANTD3,14
LOXHD1,8
RNF217,10
AL109955.1,2
RILPL1,9
INHBA-AS1,15
CCDC170,8
IGLV7-46,3
ACTR3B,14
AL627309.1,9
ARHGAP21,15
AC011287.1,5
HES1,3
AC099329.1,5
MKNK1,9
ABHD4,16
TMPO-AS1,14
FAM126B,14
ZNF267,14
HIST1H2BD,14
TP63,14
IGHV3-74,3
NEK6,9
ENPP3,16
AC098617.1,15
TMEM164,9
DLC1,16
TDRD9,9
AL645568.1,14
IGHV3-11,3
TDRP,7
AL136962.1,14
UBE2C,11
HIST4H4,14
HSPA2,16
IGKV1D-8,3
INKA2,9
GPD2,9
EGR3,9
FP236383.4,14
AC084871.1,8
FAM222B,14
ADORA2B,16
AL035701.1,2
C3orf52,14
DCLRE1A,15
ADAM12,2
AC016831.7,14
IGHV4-4,3
NDST1,8
PPP1R12B,14
CRADD,14
AP000487.1,15
SFXN5,9
ROCK2,15
XIRP2,10
ELL,9
ULK1,9
HIST1H3F,11
MIR3945HG,8
HIST1H4E,11
AP001033.1,7
DHRSX,14
NDRG1,9
AZIN1-AS1,10
IKBKG,15
TNFAIP6,8
DIRC3,14
PRTN3,16
HIST1H2BG,14
HCAR3,9
HIST2H2AA3,14
AQP10,7
LINC00853,7
C1QC,9
PLCXD1,14
IGHV2-26,3
CECR2,3
HIST1H4B,14
CACNB4,9
LINC01088,10
MIGA2,11
VIL1,7
KALRN,15
PROSER2,15
EPAS1,2
ZFAND2A,2
SYNM,15
STRN4,7
MEG8,15
AC002066.1,14
TGFA,9
KLHDC8B,11
CPEB2,9
IGHV3-66,3
TRBV6-4,12
PIP4P2,15
TMEM185A,14
IGHV3-73,3
PTGES3L,15
CDH12,16
AL390957.1,9
IGHV1-24,3
MAP1LC3A,2
TMEM45A,10
AC013652.1,9
PTGER3,15
AP001631.2,13
AC100778.3,14
SPOCK1,9
ROPN1L,9
OPHN1,15
IRAK2,15
AC066613.2,8
RGS17,16
PTPRN,15
LINC00211,7
HIST1H2AD,14
PDGFB,15
IGKV2-24,3
ARMH4,14
TJP2,9
PTH2R,16
SMTN,15
IGHV3-49,3
CLC,16
INSYN2B,14
SLC66A2,14
AP002762.2,15
CD27-AS1,15
AP000282.1,8
SEC14L5,7
WIPI1,9
AC069277.1,14
XRCC4,9
COL23A1,16
SDK1,9
HIST2H2BE,14
KIAA0825,14
DAP,15
AP001977.1,9
SPIRE1,10
AFDN,3
AC092919.1,7
LRRN2,5
AC024909.1,9
TTLL7,7
MCU,9
VWF,15
AC005632.3,9
DGKI,14
KAZN,16
C1QB,9
SH3TC2,7
EYS,14
AC113414.1,14
C16orf95,11
SNHG22,2
LRRN1,14
LINC02694,15
MCF2L2,10
SLC5A4-AS1,5
KCNG2,13
SENCR,7
LINC00504,2
DOK6,15
TEX41,3
IGLV9-49,3
GRTP1,16
PGA3,8
KLF5,14
GPC3,14
TRBV23-1,4
STX1A,15
RUFY4,7
AC011476.3,9
MEPCE,7
TRBV7-4,14
TECTA,5
C5orf17,14
AP001831.1,10
UBTD1,9
GCNA,14
IGLV5-45,3
AC068234.2,15
IGHV3-13,3
AC008040.1,5
IGLV3-27,3
RAB3C,15
FKBP1B,15
AC004053.1,15
AL512603.2,9
AL133351.1,7
AGAP1,14
MCF2L,14
AC078778.1,5
AL078604.4,9
SLC9A1,9
TRPC6,15
CAMP,9
TNF,14
NTNG2,9
SDC4,15
ZEB2-AS1,9
F2RL3,15
ARRDC4,3
LINC02211,14
FAM110B,9
LSS,14
ENTPD7,9
AC104041.1,14
ZNF441,14
PRTFDC1,7
CDKL5,9
AC069287.3,9
CXCL3,16
TRBV10-1,12
AL162493.1,10
SESN2,9
GP5,15
AC138035.1,9
MIAT,5
ACSBG1,15
AL356356.1,9
IGKV6-21,3
ABTB2,9
AC007608.3,15
KRT23,9
AC007448.4,2
IGLV7-43,3
PLCH1,15
NHS,8
AC098829.1,3
DPY19L1,16
AL603840.1,15
LONRF3,9
TMSB4Y,15
IGLV4-60,3
MYOM1,16
IGHV2-70,3
GJA4,16
CXCL10,9
LRRC32,15
TRBV7-7,14
HOMER2,16
CCR3,9
NPIPB3,14
EPB41L4A,5
AC009432.2,2
KCNT2,15
CXCL1,9
IGHV3-64D,3
LINC02055,14
HSPA1B,11
HEXIM2,15
REEP1,7
TBC1D30,9
CFAP161,15
AC239868.1,14
RIT1,15
LINC01011,14
TCTE3,14
PTX3,9
AC233755.1,3
JSRP1,15
AL022345.4,14
SLC51A,9
IGLV3-9,3
AC004917.1,16
EFNB1,16
AL359644.1,15
HIST1H4I,14
IGKV1-6,3
HIST1H4J,14
OSBPL6,5
MAPK10,3
TIMP3,16
AC073529.1,11
CYP4A22-AS1,5
MRVI1,16
ZNF471,14
AP000943.2,9
AL160272.1,9
IGLV5-37,3
CPEB3,9
PPP1R3B,9
AC144652.1,15
GRHL1,5
STS,3
LINC00598,14
PDE2A,15
RUNX1T1,5
SOX2-OT,14
EHHADH,10
THSD4,14
IGHV5-10-1,3
AC010168.1,9
IGKV5-2,3
CXCL2,16
AC018450.1,14
CA13,14
AL021707.1,9
VEPH1,15
AKAP6,14
AC007262.2,14
PRKG1,16
NECTIN1,9
GPR135,15
KIF3C,15
GCOM1,15
LRRC6,9
LINC02458,9
MEIOC,14
AL589935.1,9
BTBD19,9
AL049828.1,14
IGLV4-3,3
Z83843.1,14
ZNF442,14
SLX4,15
ZFPM2,16
GLT8D2,9
BX255925.3,15
AL139011.1,14
AC055854.1,9
PKN2-AS1,16
CMTM1,9
IGLV3-16,3
AC116366.1,2
ACER2,15
TNNI3,15
IGKV2-29,3
AC015971.1,14
PLXNA2,9
AC125611.3,16
STXBP5-AS1,14
AL450992.1,9
AC116366.2,2
HBE1,11
AC015871.4,9
OVCH1-AS1,14
AC116903.2,15
MUSTN1,15
PLAAT2,2
IGLV2-18,3
IGLV1-36,3
TRBV11-1,14
LINC00862,9
MEIKIN,11
MYRFL,16
AC072022.2,9
MCF2,2
C3orf20,9
C3orf62,9
C8orf37-AS1,3
C5orf66,16
CCDC153,9
IGKV2D-40,3
FAM229A,14
AL162497.1,15
IGHV3-53,3
IGKV1D-13,3
LINC00534,15
PXDNL,14
AC109927.1,9
LINC01191,9
IGHV3-64,3
AL356804.1,11
AC008467.1,14
TNXB,15
DEFA3,9
IGKV1D-43,3
