"receptor","FLRT1","EDA","MPIG6B","ESM1","CIB1","FGG","HLA-E","ULBP3","TIMP3","SLITRK3","SELPLG","RSPO2","PTH","PTDSS1","NUCB2","NTN3","LRRC4C","LGI3","IL17F","IGFL3","IFNW1","GRN","CXCL17","CRISP3","CDHR2","CD70","CD22","BACE1","ADIPOQ","APOD"
"KLRD1",0,0,0,0,0,0,0.896074325295466,0,0,0,0,0,0,0,0,0,0,0,0,0,0,0,0,0,0,0,0,0,0,0
"KLRC3",0,0,0,0,0,0,0.489553515643864,0,0,0,0,0,0,0,0,0,0,0,0,0,0,0,0,0,0,0,0,0,0,0
"KLRC2",0,0,0,0,0,0,1.23717966030929,0,0,0,0,0,0,0,0,0,0,0,0,0,0,0,0,0,0,0,0,0,0,0
"CD8A",0,0,0,0,0,0,1.16579761380041,0,0,0,0,0,0,0,0,0,0,0,0,0,0,0,0,0,0,0,0,0,0,0
"KLRC1",0,0,0,0,0,0,1.29083584290525,0,0,0,0,0,0,0,0,0,0,0,0,0,0,0,0,0,0,0,0,0,0,0
"TMEM53",0,0,0,0,0,0,0,0,0,0,0,0,0,0,0,0,0.543729119993005,0,0,0,0,0,0,0,0,0,0,0,0,0
"SIGLEC7",0,0,0,0,0,0,0,0,0,0,0,0,0,0,0,0,0.167812912242696,0,0,0,0,0,0,0,0,0,0,0,0,0
"BTN3A1",0,0,0,0,0,0,0,0,0,0,0,0,0,0,0,0,0.214155456982915,0,0,0,0,0,0,0,0,0,0,0,0,0
"LDLR",0,0,0,0,0,0,0,0,0,0,0,0,0,0,0,0,0.146552056957847,0,0,0,0,0,0,0,0,0,0,0,0,0
"ITGAL",0,0,0,0.435802894280407,0,0,0,0,0,0,0,0,0,0,0,0,0,0,0,0,0,0,0,0,0,0,0,0,0,0
"ITGB2",0,0,0,0.346207557265077,0,0.872665569787679,0,0,0,0,0,0,0,0,0,0,0,0,0,0,0,0,0,0,0,0,0,0,0,0
"ITGA2B",0,0,0,0,0.108138272526491,0.953444446324861,0,0,0,0,0,0,0,0,0,0,0,0,0,0,0,0,0,0,0,0,0,0,0,0
"ITGB1",0,0,0,0,0,0.483927733552964,0,0,0,0,0,0,0,0,0,0,0,0,0,0,0,0,0,0,0,0,0,0,0,0
"ITGA5",0,0,0,0,0,0.582083784967474,0,0,0,0,0,0,0,0,0,0,0,0,0,0,0,0,0,0,0,0,0,0,0,0
"ITGAV",0,0,0,0,0,0.590614055281131,0,0,0,0,0,0,0,0,0,0,0,0,0,0,0,0,0,0,0,0,0,0,0,0
"TNFRSF1B",0,0,0,0,0,0,0,0,0,0,0,0,0,0,0,0,0,0,0,0,0,0.570846700208225,0,0,0,0,0,0,0,0
"SORT1",0,0,0,0,0,0,0,0,0,0,0,0,0,0,0,0,0,0,0,0,0,0.511019587451418,0,0,0,0,0,0,0,0
"TNFRSF1A",0,0,0,0,0,0,0,0,0,0,0,0,0,0,0,0,0,0,0,0,0,0.54970904411333,0,0,0,0,0,0,0,0
"SDC4",0,0,0,0,0,0,0,0,0,0,0,0.30908330079078,0,0,0,0,0,0,0,0,0,0,0,0,0,0,0,0,0,0
"LGR6",0,0,0,0,0,0,0,0,0,0,0,0.950627202727023,0,0,0,0,0,0,0,0,0,0,0,0,0,0,0,0,0,0
"RNF43",0,0,0,0,0,0,0,0,0,0,0,1.21204747667641,0,0,0,0,0,0,0,0,0,0,0,0,0,0,0,0,0,0
"CNR2",0,0,0,0,0,0,0,0,0,0,0,0,0,0,0,0,0,0,0,0,0,0,0,0,0,0,0,0,0.573354390866901,0
"ADIPOR1",0,0,0,0,0,0,0,0,0,0,0,0,0,0,0,0,0,0,0,0,0,0,0,0,0,0,0,0,1.13485519974521,0
"ADIPOR2",0,0,0,0,0,0,0,0,0,0,0,0,0,0,0,0,0,0,0,0,0,0,0,0,0,0,0,0,0.975424543301067,0
"KLRK1",0,0,0,0,0,0,0.833588361017336,1.01292198881341,0,0,0,0,0,0,0,0,0,0,0,0,0,0,0,0,0,0,0,0,0,0
"F11R",0,0,0,0,0,0,0,0.146861635513726,0,0,0,0,0,0,0,0,0,0,0,0,0,0,0,0,0,0,0,0,0,0
"HCST",0,0,0,0,0,0,0,0.794080013722635,0,0,0,0,0,0,0,0,0,0,0,0,0,0,0,0,0,0,0,0,0,0
"UNC5D",0.45216268879638,0,0.45216268879638,0,0,0,0,0,0,0,0,0,0,0,0,0,0,0,0,0,0,0,0,0,0,0,0,0,0,0
"AGER",0,0,0.394810482981869,0,0,0,0,0,0,0,0,0,0,0,0,0,0,0,0,0,0,0,0,0,0,0,0,0,0,0
"IL1RL1",0,0.354316152777101,0.354316152777101,0,0,0,0,0,0,0,0,0,0,0,0,0,0,0,0,0,0,0,0,0,0,0,0,0,0,0
"IFNAR1",0,0,0,0,0,0,0,0,0,0,0,0,0,0,0,0,0,0,0,0,0.689032247881596,0,0,0,0,0,0,0,0,0
"IFNAR2",0,0,0,0,0,0,0,0,0,0,0,0,0,0,0,0,0,0,0,0,0.723978454689007,0,0,0,0,0,0,0,0,0
"APP",0,0,0,0,0,0,0,0,0,0,0,0,0,0,0,0,0,0,0,0,0,0,0,0,0,0,0,0.845263140892364,0,0
"SELPLG",0,0,0,0,0,0,0,0,0,0,0,0,0,0,0,0,0,0,0,0,0,0,0,0,0,0,0,0.47972927039705,0,0
"ADAM17",0,0,0,0,0,0,0,0,0.664866538352336,0,0,0,0,0,0,0,0,0,0,0,0,0,0,0,0,0,0,0,0,0
"CD44",0,0,0,0,0,0,0,0,0.314109648526938,0,0,0,0,0,0,0,0,0,0,0,0,0,0,0,0,0,0,0,0,0
"STX1A",0,0,0,0,0,0,0,0,0,0,0,0,0,0,0,0,0,0.665203717119365,0,0,0,0,0,0,0,0,0,0,0,0
"SELL",0,0,0,0,0,0,0,0,0,0,0.841813364572366,0,0,0,0,0,0,0,0,0,0,0,0,0,0,0,0,0,0,0
"PTPRD",0,0,0,0,0,0,0,0,0,0.523732584662811,0,0,0,0,0,0,0,0,0,0,0,0,0,0,0,0,0,0,0,0
"PTPRC",0,0,0,0,0,0,0,0,0,0,0,0,0,0,0,0,0,0,0,0,0,0,0,0,0,0,0.721173701123548,0,0,0
"NEO1",0,0,0,0,0,0,0,0,0,0,0,0,0,0,0,1.02025017637895,0,0,0,0,0,0,0,0,0,0,0,0,0,0
"LEPR",0,0,0,0,0,0,0,0,0,0,0,0,0,0,0,0,0,0,0,0,0,0,0,0,0,0,0,0,0,0.584450022176433
"JMJD6",0,0,0,0,0,0,0,0,0,0,0,0,0,0.400841882268914,0,0,0,0,0,0,0,0,0,0,0,0,0,0,0,0
"IL17RA",0,0,0,0,0,0,0,0,0,0,0,0,0,0,0,0,0,0,0.840519436129965,0,0,0,0,0,0,0,0,0,0,0
"IGFLR1",0,0,0,0,0,0,0,0,0,0,0,0,0,0,0,0,0,0,0,0.78505640928945,0,0,0,0,0,0,0,0,0,0
"GPR35",0,0,0,0,0,0,0,0,0,0,0,0,0,0,0,0,0,0,0,0,0,0,0.398681649601089,0,0,0,0,0,0,0
"ERAP1",0,0,0,0,0,0,0,0,0,0,0,0,0,0,0.648297540244593,0,0,0,0,0,0,0,0,0,0,0,0,0,0,0
"CD3D",0,0,0,0,0,0,0,0,0,0,0,0,0,0,0,0,0,0,0,0,0,0,0,0,0.14803171027296,0,0,0,0,0
"CD27",0,0,0,0,0,0,0,0,0,0,0,0,0,0,0,0,0,0,0,0,0,0,0,0,0,1.13245885828919,0,0,0,0
"A1BG",0,0,0,0,0,0,0,0,0,0,0,0,0,0,0,0,0,0,0,0,0,0,0,0.718614404030938,0,0,0,0,0,0
"ADRB2",0,0,0,0,0,0,0,0,0,0,0,0,0.492294728456011,0,0,0,0,0,0,0,0,0,0,0,0,0,0,0,0,0
