Name,MainID,Gestational_Age_Weeks,Post_Conception_Age_Weeks
Z3,B23.P7,23 ,23
Z7,B29.P12,29 ,29
Z33,B36.P18,36 ,36
Z38,B33.P15,33 ,33
Z43,B24.P9,24 ,24
Z47,B27.P11,27 ,27
Z48,B19.P3,19 ,19
Z50,B40.P21,40 ,40
Z52,B40.P20,40 ,40
Z53,B25.P10,25 ,25
Z67,B20.P4,20 ,20
Z70,B38.P19,38 ,38
Z79,B24.P8,24 ,24
Z96,B41.P22,41 ,41
Z98,B35.P17,35 ,35
Z99,B21.P5,21 ,21
Z100,B21.P6,21 ,21
B25,S21.P5,21 ,21
B26,S21.P6,21 ,21
B9,S27.P11,27 ,27
C25,L21.P5,21 ,21
C27,L12.P1,12 ,12
C10,L27.P11,27 ,27
D25,T21.P5,21 ,21
D26,T21.P6,21 ,21
D9,T27.P11,27 ,27
