"","cell_type","r","p","q"
"1","B cell",0.40223796045869,0.122459543459838,0.368850412267215
"2","B cell memory",0.301932281773778,0.255730839753676,0.53488767057673
"3","B cell naive",0.362216193858826,0.167988777633285,0.436770821846541
"4","B cell plasma",0.23271669862995,0.385747136715327,0.559517286040078
"5","Cancer associated fibroblast",0.0574756475651379,0.832554047152632,0.901933551082018
"6","Class-switched memory B cell",-0.22925948220645,0.393043429420949,0.559517286040078
"7","Common lymphoid progenitor",-0.225199994481703,0.40170471818262,0.559517286040078
"8","Common myeloid progenitor",-0.404522482681018,0.120151255280816,0.368850412267215
"9","Endothelial cell",-0.16994571983895,0.529189120519585,0.68295558122245
"10","Eosinophil",-0.329757032467898,0.21229353401035,0.513236238842898
"11","Granulocyte-monocyte progenitor",-0.249176522335179,0.352033227056624,0.553865350693698
"12","Hematopoietic stem cell",-0.247673001227921,0.355041891470319,0.553865350693698
"13","Macrophage",0.19085749399246,0.47891245513233,0.644054681040031
"14","Macrophage M1",0.277251323363073,0.298523229174971,0.53488767057673
"15","Macrophage M2",0.363751871091736,0.166059467052246,0.436770821846541
"16","Mast cell",-0.458961027590852,0.0737379470223461,0.368850412267215
"17","Monocyte",0.401756274065109,0.122950137422405,0.368850412267215
"18","Myeloid dendritic cell",-0.322114298304836,0.223718360521263,0.513236238842898
"19","Myeloid dendritic cell activated",0.0391263026286053,0.885608037929248,0.93347874268218
"20","NK cell",0.106844747529859,0.693698011778926,0.830778407060947
"21","Neutrophil",-0.420084025208403,0.105228057983522,0.368850412267215
"22","Plasmacytoid dendritic cell",0.254215287865087,0.342055322630649,0.553865350693698
"23","T cell CD4+ (non-regulatory)",0.275489111659825,0.301731506479181,0.53488767057673
"24","T cell CD4+ Th1",0.409007895337487,0.115707477160087,0.368850412267215
"25","T cell CD4+ Th2",-0.572266536852328,0.020531454717767,0.223509835425417
"26","T cell CD4+ central memory",0.290415318822848,0.275200758469258,0.53488767057673
"27","T cell CD4+ effector memory",-0.103466257125284,0.702966344436186,0.830778407060947
"28","T cell CD4+ memory",-0.290185129457512,0.275598804479121,0.53488767057673
"29","T cell CD4+ naive",0.7801619528509,0.000363705846610927,0.0141845280178261
"30","T cell CD8+",0.657224231879119,0.00566727366559274,0.110511836479058
"31","T cell CD8+ central memory",0.563818771863876,0.0229240856846581,0.223509835425417
"32","T cell CD8+ effector memory",-0.0159951027560809,0.953116479479942,0.978198492097835
"33","T cell CD8+ naive",-0.164418818743459,0.542862128663999,0.68295558122245
"34","T cell NK",0.0684249683808107,0.801201634546156,0.892767535637145
"35","T cell gamma delta",0.00623993477615215,0.98170208497832,0.98170208497832
"36","T cell regulatory (Tregs)",0.446499600054336,0.0829680902844542,0.368850412267215
"37","immune score",0.502770805036309,0.0471500464427667,0.306475301877983
"38","microenvironment score",0.505426879904459,0.045808735011868,0.306475301877983
"39","stroma score",-0.0879292728316974,0.746078562770289,0.855795998471802
