component,MainID,length,frequency,sample_total,percentage,canonical_week,legacy_plot_age,rho,p_value,p_adjusted_bh,legacy_display,standardized_fdr10,standardized_fdr05,direction
TRA,B11.6_P24,0,0,791,0.0,13.57,11.0,,,,False,False,False,-
TRA,B11.6_P24,1,0,791,0.0,13.57,11.0,,,,False,False,False,-
TRA,B11.6_P24,2,0,791,0.0,13.57,11.0,,,,False,False,False,-
TRA,B11.6_P24,3,0,791,0.0,13.57,11.0,,,,False,False,False,-
TRA,B11.6_P24,4,0,791,0.0,13.57,11.0,,,,False,False,False,-
TRA,B11.6_P24,5,0,791,0.0,13.57,11.0,0.4116159749613388,0.0713597973460323,0.0988058732483524,True,True,False,+
TRA,B11.6_P24,6,0,791,0.0,13.57,11.0,0.5253020945732373,0.0173847988259036,0.028447852624206,True,True,True,+
TRA,B11.6_P24,7,0,791,0.0,13.57,11.0,0.2311403937829572,0.3268414603877212,0.3922097524652654,False,False,False,+
TRA,B11.6_P24,8,1,791,0.1264222503160556,13.57,11.0,-0.1910884853593952,0.4196516313273833,0.4721080852433063,False,False,False,-
TRA,B11.6_P24,9,4,791,0.5056890012642226,13.57,11.0,0.1264108709997358,0.5953744393515399,0.6303964651957481,False,False,False,+
TRA,B11.6_P24,10,32,791,4.0455120101137805,13.57,11.0,-0.6493606051950715,0.001946314156191,0.0043792068514299,True,True,True,-
TRA,B11.6_P24,11,82,791,10.366624525916562,13.57,11.0,-0.7486834324091498,0.0001460946326929,0.0004382838980789,True,True,True,-
TRA,B11.6_P24,12,177,791,22.37673830594185,13.57,11.0,-0.7742665848733821,6.156948425778106e-05,0.000221650143328,True,True,True,-
TRA,B11.6_P24,13,226,791,28.57142857142857,13.57,11.0,-0.7968399546947635,2.6077620946868788e-05,0.0001209611277769,True,True,True,-
TRA,B11.6_P24,14,155,791,19.59544879898862,13.57,11.0,0.585402724034491,0.0066933902584961,0.0120481024652931,True,True,True,+
TRA,B11.6_P24,15,69,791,8.72313527180784,13.57,11.0,0.8013546286590396,2.1683370310294116e-05,0.0001209611277769,True,True,True,+
TRA,B11.6_P24,16,31,791,3.919089759797725,13.57,11.0,0.7960875090340508,2.6880250617091302e-05,0.0001209611277769,True,True,True,+
TRA,B11.6_P24,17,9,791,1.1378002528445006,13.57,11.0,0.8389769116946755,3.792844461466404e-06,6.827120030639526e-05,True,True,True,+
TRA,B11.6_P24,18,4,791,0.5056890012642226,13.57,11.0,0.7005269101235362,0.0005820535326666,0.001496709084,True,True,True,+
TRA,B11.6_P24,19,1,791,0.1264222503160556,13.57,11.0,0.6352677011020295,0.0026147747122077,0.0052295494244154,True,True,True,+
TRA,B11.6_P24,20,0,791,0.0,13.57,11.0,0.5076685315470332,0.0223094203130551,0.0334641304695827,True,True,True,+
TRA,B11.6_P24,21,0,791,0.0,13.57,11.0,,,,False,False,False,-
TRA,B11.6_P24,22,0,791,0.0,13.57,11.0,,,,False,False,False,-
TRA,B11.6_P24,23,0,791,0.0,13.57,11.0,-0.2787097730669733,0.2340735745177121,0.3009517386656299,False,False,False,-
TRA,B11.6_P24,24,0,791,0.0,13.57,11.0,,,,False,False,False,-
TRA,B11.6_P24,25,0,791,0.0,13.57,11.0,0.1040921201228074,0.6623073987129967,0.6623073987129967,False,False,False,+
TRA,B17.4_P3,0,0,158,0.0,19.43,17.0,,,,False,False,False,-
TRA,B17.4_P3,1,0,158,0.0,19.43,17.0,,,,False,False,False,-
TRA,B17.4_P3,2,0,158,0.0,19.43,17.0,,,,False,False,False,-
TRA,B17.4_P3,3,0,158,0.0,19.43,17.0,,,,False,False,False,-
TRA,B17.4_P3,4,0,158,0.0,19.43,17.0,,,,False,False,False,-
TRA,B17.4_P3,5,0,158,0.0,19.43,17.0,0.4116159749613388,0.0713597973460323,0.0988058732483524,True,True,False,+
TRA,B17.4_P3,6,0,158,0.0,19.43,17.0,0.5253020945732373,0.0173847988259036,0.028447852624206,True,True,True,+
TRA,B17.4_P3,7,0,158,0.0,19.43,17.0,0.2311403937829572,0.3268414603877212,0.3922097524652654,False,False,False,+
TRA,B17.4_P3,8,0,158,0.0,19.43,17.0,-0.1910884853593952,0.4196516313273833,0.4721080852433063,False,False,False,-
TRA,B17.4_P3,9,0,158,0.0,19.43,17.0,0.1264108709997358,0.5953744393515399,0.6303964651957481,False,False,False,+
TRA,B17.4_P3,10,5,158,3.1645569620253164,19.43,17.0,-0.6493606051950715,0.001946314156191,0.0043792068514299,True,True,True,-
TRA,B17.4_P3,11,14,158,8.860759493670885,19.43,17.0,-0.7486834324091498,0.0001460946326929,0.0004382838980789,True,True,True,-
TRA,B17.4_P3,12,33,158,20.88607594936709,19.43,17.0,-0.7742665848733821,6.156948425778106e-05,0.000221650143328,True,True,True,-
TRA,B17.4_P3,13,44,158,27.848101265822784,19.43,17.0,-0.7968399546947635,2.6077620946868788e-05,0.0001209611277769,True,True,True,-
TRA,B17.4_P3,14,38,158,24.050632911392405,19.43,17.0,0.585402724034491,0.0066933902584961,0.0120481024652931,True,True,True,+
TRA,B17.4_P3,15,14,158,8.860759493670885,19.43,17.0,0.8013546286590396,2.1683370310294116e-05,0.0001209611277769,True,True,True,+
TRA,B17.4_P3,16,7,158,4.430379746835443,19.43,17.0,0.7960875090340508,2.6880250617091302e-05,0.0001209611277769,True,True,True,+
TRA,B17.4_P3,17,3,158,1.89873417721519,19.43,17.0,0.8389769116946755,3.792844461466404e-06,6.827120030639526e-05,True,True,True,+
TRA,B17.4_P3,18,0,158,0.0,19.43,17.0,0.7005269101235362,0.0005820535326666,0.001496709084,True,True,True,+
TRA,B17.4_P3,19,0,158,0.0,19.43,17.0,0.6352677011020295,0.0026147747122077,0.0052295494244154,True,True,True,+
TRA,B17.4_P3,20,0,158,0.0,19.43,17.0,0.5076685315470332,0.0223094203130551,0.0334641304695827,True,True,True,+
TRA,B17.4_P3,21,0,158,0.0,19.43,17.0,,,,False,False,False,-
TRA,B17.4_P3,22,0,158,0.0,19.43,17.0,,,,False,False,False,-
TRA,B17.4_P3,23,0,158,0.0,19.43,17.0,-0.2787097730669733,0.2340735745177121,0.3009517386656299,False,False,False,-
TRA,B17.4_P3,24,0,158,0.0,19.43,17.0,,,,False,False,False,-
TRA,B17.4_P3,25,0,158,0.0,19.43,17.0,0.1040921201228074,0.6623073987129967,0.6623073987129967,False,False,False,+
TRA,B18.0_P4,0,0,4417,0.0,20.0,18.0,,,,False,False,False,-
TRA,B18.0_P4,1,0,4417,0.0,20.0,18.0,,,,False,False,False,-
TRA,B18.0_P4,2,0,4417,0.0,20.0,18.0,,,,False,False,False,-
TRA,B18.0_P4,3,0,4417,0.0,20.0,18.0,,,,False,False,False,-
TRA,B18.0_P4,4,0,4417,0.0,20.0,18.0,,,,False,False,False,-
TRA,B18.0_P4,5,0,4417,0.0,20.0,18.0,0.4116159749613388,0.0713597973460323,0.0988058732483524,True,True,False,+
TRA,B18.0_P4,6,0,4417,0.0,20.0,18.0,0.5253020945732373,0.0173847988259036,0.028447852624206,True,True,True,+
TRA,B18.0_P4,7,0,4417,0.0,20.0,18.0,0.2311403937829572,0.3268414603877212,0.3922097524652654,False,False,False,+
TRA,B18.0_P4,8,6,4417,0.1358388046185193,20.0,18.0,-0.1910884853593952,0.4196516313273833,0.4721080852433063,False,False,False,-
TRA,B18.0_P4,9,11,4417,0.2490378084672855,20.0,18.0,0.1264108709997358,0.5953744393515399,0.6303964651957481,False,False,False,+
TRA,B18.0_P4,10,118,4417,2.6714964908308807,20.0,18.0,-0.6493606051950715,0.001946314156191,0.0043792068514299,True,True,True,-
TRA,B18.0_P4,11,381,4417,8.62576409327598,20.0,18.0,-0.7486834324091498,0.0001460946326929,0.0004382838980789,True,True,True,-
TRA,B18.0_P4,12,959,4417,21.71156893819334,20.0,18.0,-0.7742665848733821,6.156948425778106e-05,0.000221650143328,True,True,True,-
TRA,B18.0_P4,13,1233,4417,27.914874349105727,20.0,18.0,-0.7968399546947635,2.6077620946868788e-05,0.0001209611277769,True,True,True,-
TRA,B18.0_P4,14,900,4417,20.375820692777904,20.0,18.0,0.585402724034491,0.0066933902584961,0.0120481024652931,True,True,True,+
TRA,B18.0_P4,15,523,4417,11.840615802580936,20.0,18.0,0.8013546286590396,2.1683370310294116e-05,0.0001209611277769,True,True,True,+
TRA,B18.0_P4,16,202,4417,4.573239755490151,20.0,18.0,0.7960875090340508,2.6880250617091302e-05,0.0001209611277769,True,True,True,+
TRA,B18.0_P4,17,70,4417,1.584786053882726,20.0,18.0,0.8389769116946755,3.792844461466404e-06,6.827120030639526e-05,True,True,True,+
TRA,B18.0_P4,18,12,4417,0.2716776092370387,20.0,18.0,0.7005269101235362,0.0005820535326666,0.001496709084,True,True,True,+
TRA,B18.0_P4,19,2,4417,0.0452796015395064,20.0,18.0,0.6352677011020295,0.0026147747122077,0.0052295494244154,True,True,True,+
TRA,B18.0_P4,20,0,4417,0.0,20.0,18.0,0.5076685315470332,0.0223094203130551,0.0334641304695827,True,True,True,+
TRA,B18.0_P4,21,0,4417,0.0,20.0,18.0,,,,False,False,False,-
TRA,B18.0_P4,22,0,4417,0.0,20.0,18.0,,,,False,False,False,-
TRA,B18.0_P4,23,0,4417,0.0,20.0,18.0,-0.2787097730669733,0.2340735745177121,0.3009517386656299,False,False,False,-
TRA,B18.0_P4,24,0,4417,0.0,20.0,18.0,,,,False,False,False,-
TRA,B18.0_P4,25,0,4417,0.0,20.0,18.0,0.1040921201228074,0.6623073987129967,0.6623073987129967,False,False,False,+
TRA,B18.6_P5,0,0,2211,0.0,20.57,18.0,,,,False,False,False,-
TRA,B18.6_P5,1,0,2211,0.0,20.57,18.0,,,,False,False,False,-
TRA,B18.6_P5,2,0,2211,0.0,20.57,18.0,,,,False,False,False,-
TRA,B18.6_P5,3,0,2211,0.0,20.57,18.0,,,,False,False,False,-
TRA,B18.6_P5,4,0,2211,0.0,20.57,18.0,,,,False,False,False,-
TRA,B18.6_P5,5,0,2211,0.0,20.57,18.0,0.4116159749613388,0.0713597973460323,0.0988058732483524,True,True,False,+
TRA,B18.6_P5,6,0,2211,0.0,20.57,18.0,0.5253020945732373,0.0173847988259036,0.028447852624206,True,True,True,+
TRA,B18.6_P5,7,1,2211,0.0452284034373586,20.57,18.0,0.2311403937829572,0.3268414603877212,0.3922097524652654,False,False,False,+
TRA,B18.6_P5,8,6,2211,0.2713704206241519,20.57,18.0,-0.1910884853593952,0.4196516313273833,0.4721080852433063,False,False,False,-
TRA,B18.6_P5,9,9,2211,0.4070556309362279,20.57,18.0,0.1264108709997358,0.5953744393515399,0.6303964651957481,False,False,False,+
TRA,B18.6_P5,10,84,2211,3.799185888738128,20.57,18.0,-0.6493606051950715,0.001946314156191,0.0043792068514299,True,True,True,-
TRA,B18.6_P5,11,192,2211,8.683853459972863,20.57,18.0,-0.7486834324091498,0.0001460946326929,0.0004382838980789,True,True,True,-
TRA,B18.6_P5,12,478,2211,21.61917684305744,20.57,18.0,-0.7742665848733821,6.156948425778106e-05,0.000221650143328,True,True,True,-
TRA,B18.6_P5,13,586,2211,26.50384441429218,20.57,18.0,-0.7968399546947635,2.6077620946868788e-05,0.0001209611277769,True,True,True,-
TRA,B18.6_P5,14,453,2211,20.48846675712348,20.57,18.0,0.585402724034491,0.0066933902584961,0.0120481024652931,True,True,True,+
TRA,B18.6_P5,15,245,2211,11.08095884215287,20.57,18.0,0.8013546286590396,2.1683370310294116e-05,0.0001209611277769,True,True,True,+
TRA,B18.6_P5,16,115,2211,5.201266395296246,20.57,18.0,0.7960875090340508,2.6880250617091302e-05,0.0001209611277769,True,True,True,+
TRA,B18.6_P5,17,27,2211,1.2211668928086838,20.57,18.0,0.8389769116946755,3.792844461466404e-06,6.827120030639526e-05,True,True,True,+
TRA,B18.6_P5,18,13,2211,0.5879692446856626,20.57,18.0,0.7005269101235362,0.0005820535326666,0.001496709084,True,True,True,+
TRA,B18.6_P5,19,0,2211,0.0,20.57,18.0,0.6352677011020295,0.0026147747122077,0.0052295494244154,True,True,True,+
TRA,B18.6_P5,20,0,2211,0.0,20.57,18.0,0.5076685315470332,0.0223094203130551,0.0334641304695827,True,True,True,+
TRA,B18.6_P5,21,0,2211,0.0,20.57,18.0,,,,False,False,False,-
TRA,B18.6_P5,22,0,2211,0.0,20.57,18.0,,,,False,False,False,-
TRA,B18.6_P5,23,1,2211,0.0452284034373586,20.57,18.0,-0.2787097730669733,0.2340735745177121,0.3009517386656299,False,False,False,-
TRA,B18.6_P5,24,0,2211,0.0,20.57,18.0,,,,False,False,False,-
TRA,B18.6_P5,25,1,2211,0.0452284034373586,20.57,18.0,0.1040921201228074,0.6623073987129967,0.6623073987129967,False,False,False,+
TRA,B20.9_P7,0,0,1911,0.0,22.86,20.0,,,,False,False,False,-
TRA,B20.9_P7,1,0,1911,0.0,22.86,20.0,,,,False,False,False,-
TRA,B20.9_P7,2,0,1911,0.0,22.86,20.0,,,,False,False,False,-
TRA,B20.9_P7,3,0,1911,0.0,22.86,20.0,,,,False,False,False,-
TRA,B20.9_P7,4,0,1911,0.0,22.86,20.0,,,,False,False,False,-
TRA,B20.9_P7,5,0,1911,0.0,22.86,20.0,0.4116159749613388,0.0713597973460323,0.0988058732483524,True,True,False,+
TRA,B20.9_P7,6,0,1911,0.0,22.86,20.0,0.5253020945732373,0.0173847988259036,0.028447852624206,True,True,True,+
TRA,B20.9_P7,7,0,1911,0.0,22.86,20.0,0.2311403937829572,0.3268414603877212,0.3922097524652654,False,False,False,+
TRA,B20.9_P7,8,3,1911,0.1569858712715855,22.86,20.0,-0.1910884853593952,0.4196516313273833,0.4721080852433063,False,False,False,-
TRA,B20.9_P7,9,5,1911,0.2616431187859759,22.86,20.0,0.1264108709997358,0.5953744393515399,0.6303964651957481,False,False,False,+
TRA,B20.9_P7,10,49,1911,2.564102564102564,22.86,20.0,-0.6493606051950715,0.001946314156191,0.0043792068514299,True,True,True,-
TRA,B20.9_P7,11,183,1911,9.57613814756672,22.86,20.0,-0.7486834324091498,0.0001460946326929,0.0004382838980789,True,True,True,-
TRA,B20.9_P7,12,343,1911,17.94871794871795,22.86,20.0,-0.7742665848733821,6.156948425778106e-05,0.000221650143328,True,True,True,-
TRA,B20.9_P7,13,514,1911,26.896912611198324,22.86,20.0,-0.7968399546947635,2.6077620946868788e-05,0.0001209611277769,True,True,True,-
TRA,B20.9_P7,14,408,1911,21.35007849293564,22.86,20.0,0.585402724034491,0.0066933902584961,0.0120481024652931,True,True,True,+
TRA,B20.9_P7,15,235,1911,12.29722658294087,22.86,20.0,0.8013546286590396,2.1683370310294116e-05,0.0001209611277769,True,True,True,+
TRA,B20.9_P7,16,111,1911,5.808477237048666,22.86,20.0,0.7960875090340508,2.6880250617091302e-05,0.0001209611277769,True,True,True,+
TRA,B20.9_P7,17,43,1911,2.250130821559393,22.86,20.0,0.8389769116946755,3.792844461466404e-06,6.827120030639526e-05,True,True,True,+
TRA,B20.9_P7,18,12,1911,0.6279434850863422,22.86,20.0,0.7005269101235362,0.0005820535326666,0.001496709084,True,True,True,+
TRA,B20.9_P7,19,3,1911,0.1569858712715855,22.86,20.0,0.6352677011020295,0.0026147747122077,0.0052295494244154,True,True,True,+
TRA,B20.9_P7,20,2,1911,0.1046572475143903,22.86,20.0,0.5076685315470332,0.0223094203130551,0.0334641304695827,True,True,True,+
TRA,B20.9_P7,21,0,1911,0.0,22.86,20.0,,,,False,False,False,-
TRA,B20.9_P7,22,0,1911,0.0,22.86,20.0,,,,False,False,False,-
TRA,B20.9_P7,23,0,1911,0.0,22.86,20.0,-0.2787097730669733,0.2340735745177121,0.3009517386656299,False,False,False,-
TRA,B20.9_P7,24,0,1911,0.0,22.86,20.0,,,,False,False,False,-
TRA,B20.9_P7,25,0,1911,0.0,22.86,20.0,0.1040921201228074,0.6623073987129967,0.6623073987129967,False,False,False,+
TRA,B21.7_P8,0,0,313,0.0,23.71,21.0,,,,False,False,False,-
TRA,B21.7_P8,1,0,313,0.0,23.71,21.0,,,,False,False,False,-
TRA,B21.7_P8,2,0,313,0.0,23.71,21.0,,,,False,False,False,-
TRA,B21.7_P8,3,0,313,0.0,23.71,21.0,,,,False,False,False,-
TRA,B21.7_P8,4,0,313,0.0,23.71,21.0,,,,False,False,False,-
TRA,B21.7_P8,5,0,313,0.0,23.71,21.0,0.4116159749613388,0.0713597973460323,0.0988058732483524,True,True,False,+
TRA,B21.7_P8,6,0,313,0.0,23.71,21.0,0.5253020945732373,0.0173847988259036,0.028447852624206,True,True,True,+
TRA,B21.7_P8,7,0,313,0.0,23.71,21.0,0.2311403937829572,0.3268414603877212,0.3922097524652654,False,False,False,+
TRA,B21.7_P8,8,0,313,0.0,23.71,21.0,-0.1910884853593952,0.4196516313273833,0.4721080852433063,False,False,False,-
TRA,B21.7_P8,9,3,313,0.9584664536741214,23.71,21.0,0.1264108709997358,0.5953744393515399,0.6303964651957481,False,False,False,+
TRA,B21.7_P8,10,8,313,2.5559105431309903,23.71,21.0,-0.6493606051950715,0.001946314156191,0.0043792068514299,True,True,True,-
TRA,B21.7_P8,11,24,313,7.667731629392971,23.71,21.0,-0.7486834324091498,0.0001460946326929,0.0004382838980789,True,True,True,-
TRA,B21.7_P8,12,55,313,17.57188498402556,23.71,21.0,-0.7742665848733821,6.156948425778106e-05,0.000221650143328,True,True,True,-
TRA,B21.7_P8,13,78,313,24.920127795527154,23.71,21.0,-0.7968399546947635,2.6077620946868788e-05,0.0001209611277769,True,True,True,-
TRA,B21.7_P8,14,71,313,22.683706070287545,23.71,21.0,0.585402724034491,0.0066933902584961,0.0120481024652931,True,True,True,+
TRA,B21.7_P8,15,44,313,14.057507987220449,23.71,21.0,0.8013546286590396,2.1683370310294116e-05,0.0001209611277769,True,True,True,+
TRA,B21.7_P8,16,21,313,6.7092651757188495,23.71,21.0,0.7960875090340508,2.6880250617091302e-05,0.0001209611277769,True,True,True,+
TRA,B21.7_P8,17,7,313,2.2364217252396164,23.71,21.0,0.8389769116946755,3.792844461466404e-06,6.827120030639526e-05,True,True,True,+
TRA,B21.7_P8,18,2,313,0.6389776357827476,23.71,21.0,0.7005269101235362,0.0005820535326666,0.001496709084,True,True,True,+
TRA,B21.7_P8,19,0,313,0.0,23.71,21.0,0.6352677011020295,0.0026147747122077,0.0052295494244154,True,True,True,+
TRA,B21.7_P8,20,0,313,0.0,23.71,21.0,0.5076685315470332,0.0223094203130551,0.0334641304695827,True,True,True,+
TRA,B21.7_P8,21,0,313,0.0,23.71,21.0,,,,False,False,False,-
TRA,B21.7_P8,22,0,313,0.0,23.71,21.0,,,,False,False,False,-
TRA,B21.7_P8,23,0,313,0.0,23.71,21.0,-0.2787097730669733,0.2340735745177121,0.3009517386656299,False,False,False,-
TRA,B21.7_P8,24,0,313,0.0,23.71,21.0,,,,False,False,False,-
TRA,B21.7_P8,25,0,313,0.0,23.71,21.0,0.1040921201228074,0.6623073987129967,0.6623073987129967,False,False,False,+
TRA,B22.4_P23,0,0,4212,0.0,24.43,22.0,,,,False,False,False,-
TRA,B22.4_P23,1,0,4212,0.0,24.43,22.0,,,,False,False,False,-
TRA,B22.4_P23,2,0,4212,0.0,24.43,22.0,,,,False,False,False,-
TRA,B22.4_P23,3,0,4212,0.0,24.43,22.0,,,,False,False,False,-
TRA,B22.4_P23,4,0,4212,0.0,24.43,22.0,,,,False,False,False,-
TRA,B22.4_P23,5,0,4212,0.0,24.43,22.0,0.4116159749613388,0.0713597973460323,0.0988058732483524,True,True,False,+
TRA,B22.4_P23,6,0,4212,0.0,24.43,22.0,0.5253020945732373,0.0173847988259036,0.028447852624206,True,True,True,+
TRA,B22.4_P23,7,3,4212,0.0712250712250712,24.43,22.0,0.2311403937829572,0.3268414603877212,0.3922097524652654,False,False,False,+
TRA,B22.4_P23,8,7,4212,0.1661918328584995,24.43,22.0,-0.1910884853593952,0.4196516313273833,0.4721080852433063,False,False,False,-
TRA,B22.4_P23,9,17,4212,0.4036087369420703,24.43,22.0,0.1264108709997358,0.5953744393515399,0.6303964651957481,False,False,False,+
TRA,B22.4_P23,10,118,4212,2.801519468186135,24.43,22.0,-0.6493606051950715,0.001946314156191,0.0043792068514299,True,True,True,-
TRA,B22.4_P23,11,335,4212,7.953466286799619,24.43,22.0,-0.7486834324091498,0.0001460946326929,0.0004382838980789,True,True,True,-
TRA,B22.4_P23,12,805,4212,19.112060778727447,24.43,22.0,-0.7742665848733821,6.156948425778106e-05,0.000221650143328,True,True,True,-
TRA,B22.4_P23,13,1090,4212,25.87844254510921,24.43,22.0,-0.7968399546947635,2.6077620946868788e-05,0.0001209611277769,True,True,True,-
TRA,B22.4_P23,14,961,4212,22.81576448243115,24.43,22.0,0.585402724034491,0.0066933902584961,0.0120481024652931,True,True,True,+
TRA,B22.4_P23,15,539,4212,12.796771130104464,24.43,22.0,0.8013546286590396,2.1683370310294116e-05,0.0001209611277769,True,True,True,+
TRA,B22.4_P23,16,232,4212,5.5080721747388415,24.43,22.0,0.7960875090340508,2.6880250617091302e-05,0.0001209611277769,True,True,True,+
TRA,B22.4_P23,17,80,4212,1.899335232668566,24.43,22.0,0.8389769116946755,3.792844461466404e-06,6.827120030639526e-05,True,True,True,+
TRA,B22.4_P23,18,18,4212,0.4273504273504274,24.43,22.0,0.7005269101235362,0.0005820535326666,0.001496709084,True,True,True,+
TRA,B22.4_P23,19,6,4212,0.1424501424501424,24.43,22.0,0.6352677011020295,0.0026147747122077,0.0052295494244154,True,True,True,+
TRA,B22.4_P23,20,1,4212,0.023741690408357,24.43,22.0,0.5076685315470332,0.0223094203130551,0.0334641304695827,True,True,True,+
TRA,B22.4_P23,21,0,4212,0.0,24.43,22.0,,,,False,False,False,-
TRA,B22.4_P23,22,0,4212,0.0,24.43,22.0,,,,False,False,False,-
TRA,B22.4_P23,23,0,4212,0.0,24.43,22.0,-0.2787097730669733,0.2340735745177121,0.3009517386656299,False,False,False,-
TRA,B22.4_P23,24,0,4212,0.0,24.43,22.0,,,,False,False,False,-
TRA,B22.4_P23,25,0,4212,0.0,24.43,22.0,0.1040921201228074,0.6623073987129967,0.6623073987129967,False,False,False,+
TRA,B22.4_P9,0,0,3248,0.0,24.43,22.0,,,,False,False,False,-
TRA,B22.4_P9,1,0,3248,0.0,24.43,22.0,,,,False,False,False,-
TRA,B22.4_P9,2,0,3248,0.0,24.43,22.0,,,,False,False,False,-
TRA,B22.4_P9,3,0,3248,0.0,24.43,22.0,,,,False,False,False,-
TRA,B22.4_P9,4,0,3248,0.0,24.43,22.0,,,,False,False,False,-
TRA,B22.4_P9,5,0,3248,0.0,24.43,22.0,0.4116159749613388,0.0713597973460323,0.0988058732483524,True,True,False,+
TRA,B22.4_P9,6,0,3248,0.0,24.43,22.0,0.5253020945732373,0.0173847988259036,0.028447852624206,True,True,True,+
TRA,B22.4_P9,7,2,3248,0.0615763546798029,24.43,22.0,0.2311403937829572,0.3268414603877212,0.3922097524652654,False,False,False,+
TRA,B22.4_P9,8,4,3248,0.1231527093596059,24.43,22.0,-0.1910884853593952,0.4196516313273833,0.4721080852433063,False,False,False,-
TRA,B22.4_P9,9,11,3248,0.3386699507389162,24.43,22.0,0.1264108709997358,0.5953744393515399,0.6303964651957481,False,False,False,+
TRA,B22.4_P9,10,82,3248,2.5246305418719213,24.43,22.0,-0.6493606051950715,0.001946314156191,0.0043792068514299,True,True,True,-
TRA,B22.4_P9,11,274,3248,8.435960591133004,24.43,22.0,-0.7486834324091498,0.0001460946326929,0.0004382838980789,True,True,True,-
TRA,B22.4_P9,12,605,3248,18.626847290640395,24.43,22.0,-0.7742665848733821,6.156948425778106e-05,0.000221650143328,True,True,True,-
TRA,B22.4_P9,13,821,3248,25.277093596059117,24.43,22.0,-0.7968399546947635,2.6077620946868788e-05,0.0001209611277769,True,True,True,-
TRA,B22.4_P9,14,780,3248,24.014778325123157,24.43,22.0,0.585402724034491,0.0066933902584961,0.0120481024652931,True,True,True,+
TRA,B22.4_P9,15,421,3248,12.96182266009852,24.43,22.0,0.8013546286590396,2.1683370310294116e-05,0.0001209611277769,True,True,True,+
TRA,B22.4_P9,16,167,3248,5.141625615763547,24.43,22.0,0.7960875090340508,2.6880250617091302e-05,0.0001209611277769,True,True,True,+
TRA,B22.4_P9,17,65,3248,2.001231527093596,24.43,22.0,0.8389769116946755,3.792844461466404e-06,6.827120030639526e-05,True,True,True,+
TRA,B22.4_P9,18,13,3248,0.4002463054187192,24.43,22.0,0.7005269101235362,0.0005820535326666,0.001496709084,True,True,True,+
TRA,B22.4_P9,19,3,3248,0.0923645320197044,24.43,22.0,0.6352677011020295,0.0026147747122077,0.0052295494244154,True,True,True,+
TRA,B22.4_P9,20,0,3248,0.0,24.43,22.0,0.5076685315470332,0.0223094203130551,0.0334641304695827,True,True,True,+
TRA,B22.4_P9,21,0,3248,0.0,24.43,22.0,,,,False,False,False,-
TRA,B22.4_P9,22,0,3248,0.0,24.43,22.0,,,,False,False,False,-
TRA,B22.4_P9,23,0,3248,0.0,24.43,22.0,-0.2787097730669733,0.2340735745177121,0.3009517386656299,False,False,False,-
TRA,B22.4_P9,24,0,3248,0.0,24.43,22.0,,,,False,False,False,-
TRA,B22.4_P9,25,0,3248,0.0,24.43,22.0,0.1040921201228074,0.6623073987129967,0.6623073987129967,False,False,False,+
TRA,B23.4_P10,0,0,5029,0.0,25.43,23.0,,,,False,False,False,-
TRA,B23.4_P10,1,0,5029,0.0,25.43,23.0,,,,False,False,False,-
TRA,B23.4_P10,2,0,5029,0.0,25.43,23.0,,,,False,False,False,-
TRA,B23.4_P10,3,0,5029,0.0,25.43,23.0,,,,False,False,False,-
TRA,B23.4_P10,4,0,5029,0.0,25.43,23.0,,,,False,False,False,-
TRA,B23.4_P10,5,0,5029,0.0,25.43,23.0,0.4116159749613388,0.0713597973460323,0.0988058732483524,True,True,False,+
TRA,B23.4_P10,6,0,5029,0.0,25.43,23.0,0.5253020945732373,0.0173847988259036,0.028447852624206,True,True,True,+
TRA,B23.4_P10,7,4,5029,0.0795386756810499,25.43,23.0,0.2311403937829572,0.3268414603877212,0.3922097524652654,False,False,False,+
TRA,B23.4_P10,8,4,5029,0.0795386756810499,25.43,23.0,-0.1910884853593952,0.4196516313273833,0.4721080852433063,False,False,False,-
TRA,B23.4_P10,9,18,5029,0.3579240405647246,25.43,23.0,0.1264108709997358,0.5953744393515399,0.6303964651957481,False,False,False,+
TRA,B23.4_P10,10,146,5029,2.9031616623583214,25.43,23.0,-0.6493606051950715,0.001946314156191,0.0043792068514299,True,True,True,-
TRA,B23.4_P10,11,442,5029,8.789023662756016,25.43,23.0,-0.7486834324091498,0.0001460946326929,0.0004382838980789,True,True,True,-
TRA,B23.4_P10,12,970,5029,19.288128852654605,25.43,23.0,-0.7742665848733821,6.156948425778106e-05,0.000221650143328,True,True,True,-
TRA,B23.4_P10,13,1309,5029,26.029031616623584,25.43,23.0,-0.7968399546947635,2.6077620946868788e-05,0.0001209611277769,True,True,True,-
TRA,B23.4_P10,14,1112,5029,22.11175183933188,25.43,23.0,0.585402724034491,0.0066933902584961,0.0120481024652931,True,True,True,+
TRA,B23.4_P10,15,617,5029,12.268840723801947,25.43,23.0,0.8013546286590396,2.1683370310294116e-05,0.0001209611277769,True,True,True,+
TRA,B23.4_P10,16,275,5029,5.468283953072181,25.43,23.0,0.7960875090340508,2.6880250617091302e-05,0.0001209611277769,True,True,True,+
TRA,B23.4_P10,17,98,5029,1.948697554185723,25.43,23.0,0.8389769116946755,3.792844461466404e-06,6.827120030639526e-05,True,True,True,+
TRA,B23.4_P10,18,24,5029,0.4772320540862995,25.43,23.0,0.7005269101235362,0.0005820535326666,0.001496709084,True,True,True,+
TRA,B23.4_P10,19,10,5029,0.1988466892026248,25.43,23.0,0.6352677011020295,0.0026147747122077,0.0052295494244154,True,True,True,+
TRA,B23.4_P10,20,0,5029,0.0,25.43,23.0,0.5076685315470332,0.0223094203130551,0.0334641304695827,True,True,True,+
TRA,B23.4_P10,21,0,5029,0.0,25.43,23.0,,,,False,False,False,-
TRA,B23.4_P10,22,0,5029,0.0,25.43,23.0,,,,False,False,False,-
TRA,B23.4_P10,23,0,5029,0.0,25.43,23.0,-0.2787097730669733,0.2340735745177121,0.3009517386656299,False,False,False,-
TRA,B23.4_P10,24,0,5029,0.0,25.43,23.0,,,,False,False,False,-
TRA,B23.4_P10,25,0,5029,0.0,25.43,23.0,0.1040921201228074,0.6623073987129967,0.6623073987129967,False,False,False,+
TRA,B24.6_P11,0,0,324,0.0,26.57,24.0,,,,False,False,False,-
TRA,B24.6_P11,1,0,324,0.0,26.57,24.0,,,,False,False,False,-
TRA,B24.6_P11,2,0,324,0.0,26.57,24.0,,,,False,False,False,-
TRA,B24.6_P11,3,0,324,0.0,26.57,24.0,,,,False,False,False,-
TRA,B24.6_P11,4,0,324,0.0,26.57,24.0,,,,False,False,False,-
TRA,B24.6_P11,5,0,324,0.0,26.57,24.0,0.4116159749613388,0.0713597973460323,0.0988058732483524,True,True,False,+
TRA,B24.6_P11,6,0,324,0.0,26.57,24.0,0.5253020945732373,0.0173847988259036,0.028447852624206,True,True,True,+
TRA,B24.6_P11,7,0,324,0.0,26.57,24.0,0.2311403937829572,0.3268414603877212,0.3922097524652654,False,False,False,+
TRA,B24.6_P11,8,0,324,0.0,26.57,24.0,-0.1910884853593952,0.4196516313273833,0.4721080852433063,False,False,False,-
TRA,B24.6_P11,9,2,324,0.6172839506172839,26.57,24.0,0.1264108709997358,0.5953744393515399,0.6303964651957481,False,False,False,+
TRA,B24.6_P11,10,9,324,2.7777777777777777,26.57,24.0,-0.6493606051950715,0.001946314156191,0.0043792068514299,True,True,True,-
TRA,B24.6_P11,11,29,324,8.950617283950617,26.57,24.0,-0.7486834324091498,0.0001460946326929,0.0004382838980789,True,True,True,-
TRA,B24.6_P11,12,79,324,24.382716049382715,26.57,24.0,-0.7742665848733821,6.156948425778106e-05,0.000221650143328,True,True,True,-
TRA,B24.6_P11,13,91,324,28.08641975308642,26.57,24.0,-0.7968399546947635,2.6077620946868788e-05,0.0001209611277769,True,True,True,-
TRA,B24.6_P11,14,62,324,19.1358024691358,26.57,24.0,0.585402724034491,0.0066933902584961,0.0120481024652931,True,True,True,+
TRA,B24.6_P11,15,37,324,11.419753086419751,26.57,24.0,0.8013546286590396,2.1683370310294116e-05,0.0001209611277769,True,True,True,+
TRA,B24.6_P11,16,10,324,3.08641975308642,26.57,24.0,0.7960875090340508,2.6880250617091302e-05,0.0001209611277769,True,True,True,+
TRA,B24.6_P11,17,3,324,0.9259259259259258,26.57,24.0,0.8389769116946755,3.792844461466404e-06,6.827120030639526e-05,True,True,True,+
TRA,B24.6_P11,18,1,324,0.3086419753086419,26.57,24.0,0.7005269101235362,0.0005820535326666,0.001496709084,True,True,True,+
TRA,B24.6_P11,19,1,324,0.3086419753086419,26.57,24.0,0.6352677011020295,0.0026147747122077,0.0052295494244154,True,True,True,+
TRA,B24.6_P11,20,0,324,0.0,26.57,24.0,0.5076685315470332,0.0223094203130551,0.0334641304695827,True,True,True,+
TRA,B24.6_P11,21,0,324,0.0,26.57,24.0,,,,False,False,False,-
TRA,B24.6_P11,22,0,324,0.0,26.57,24.0,,,,False,False,False,-
TRA,B24.6_P11,23,0,324,0.0,26.57,24.0,-0.2787097730669733,0.2340735745177121,0.3009517386656299,False,False,False,-
TRA,B24.6_P11,24,0,324,0.0,26.57,24.0,,,,False,False,False,-
TRA,B24.6_P11,25,0,324,0.0,26.57,24.0,0.1040921201228074,0.6623073987129967,0.6623073987129967,False,False,False,+
TRA,B26.9_P12,0,0,1446,0.0,28.86,26.0,,,,False,False,False,-
TRA,B26.9_P12,1,0,1446,0.0,28.86,26.0,,,,False,False,False,-
TRA,B26.9_P12,2,0,1446,0.0,28.86,26.0,,,,False,False,False,-
TRA,B26.9_P12,3,0,1446,0.0,28.86,26.0,,,,False,False,False,-
TRA,B26.9_P12,4,0,1446,0.0,28.86,26.0,,,,False,False,False,-
TRA,B26.9_P12,5,0,1446,0.0,28.86,26.0,0.4116159749613388,0.0713597973460323,0.0988058732483524,True,True,False,+
TRA,B26.9_P12,6,0,1446,0.0,28.86,26.0,0.5253020945732373,0.0173847988259036,0.028447852624206,True,True,True,+
TRA,B26.9_P12,7,1,1446,0.0691562932226832,28.86,26.0,0.2311403937829572,0.3268414603877212,0.3922097524652654,False,False,False,+
TRA,B26.9_P12,8,1,1446,0.0691562932226832,28.86,26.0,-0.1910884853593952,0.4196516313273833,0.4721080852433063,False,False,False,-
TRA,B26.9_P12,9,11,1446,0.7607192254495159,28.86,26.0,0.1264108709997358,0.5953744393515399,0.6303964651957481,False,False,False,+
TRA,B26.9_P12,10,32,1446,2.2130013831258646,28.86,26.0,-0.6493606051950715,0.001946314156191,0.0043792068514299,True,True,True,-
TRA,B26.9_P12,11,117,1446,8.091286307053942,28.86,26.0,-0.7486834324091498,0.0001460946326929,0.0004382838980789,True,True,True,-
TRA,B26.9_P12,12,270,1446,18.67219917012448,28.86,26.0,-0.7742665848733821,6.156948425778106e-05,0.000221650143328,True,True,True,-
TRA,B26.9_P12,13,396,1446,27.38589211618257,28.86,26.0,-0.7968399546947635,2.6077620946868788e-05,0.0001209611277769,True,True,True,-
TRA,B26.9_P12,14,294,1446,20.33195020746888,28.86,26.0,0.585402724034491,0.0066933902584961,0.0120481024652931,True,True,True,+
TRA,B26.9_P12,15,195,1446,13.485477178423237,28.86,26.0,0.8013546286590396,2.1683370310294116e-05,0.0001209611277769,True,True,True,+
TRA,B26.9_P12,16,79,1446,5.463347164591978,28.86,26.0,0.7960875090340508,2.6880250617091302e-05,0.0001209611277769,True,True,True,+
TRA,B26.9_P12,17,34,1446,2.351313969571231,28.86,26.0,0.8389769116946755,3.792844461466404e-06,6.827120030639526e-05,True,True,True,+
TRA,B26.9_P12,18,15,1446,1.0373443983402488,28.86,26.0,0.7005269101235362,0.0005820535326666,0.001496709084,True,True,True,+
TRA,B26.9_P12,19,1,1446,0.0691562932226832,28.86,26.0,0.6352677011020295,0.0026147747122077,0.0052295494244154,True,True,True,+
TRA,B26.9_P12,20,0,1446,0.0,28.86,26.0,0.5076685315470332,0.0223094203130551,0.0334641304695827,True,True,True,+
TRA,B26.9_P12,21,0,1446,0.0,28.86,26.0,,,,False,False,False,-
TRA,B26.9_P12,22,0,1446,0.0,28.86,26.0,,,,False,False,False,-
TRA,B26.9_P12,23,0,1446,0.0,28.86,26.0,-0.2787097730669733,0.2340735745177121,0.3009517386656299,False,False,False,-
TRA,B26.9_P12,24,0,1446,0.0,28.86,26.0,,,,False,False,False,-
TRA,B26.9_P12,25,0,1446,0.0,28.86,26.0,0.1040921201228074,0.6623073987129967,0.6623073987129967,False,False,False,+
TRA,B29.1_P13,0,0,708,0.0,31.14,29.0,,,,False,False,False,-
TRA,B29.1_P13,1,0,708,0.0,31.14,29.0,,,,False,False,False,-
TRA,B29.1_P13,2,0,708,0.0,31.14,29.0,,,,False,False,False,-
TRA,B29.1_P13,3,0,708,0.0,31.14,29.0,,,,False,False,False,-
TRA,B29.1_P13,4,0,708,0.0,31.14,29.0,,,,False,False,False,-
TRA,B29.1_P13,5,0,708,0.0,31.14,29.0,0.4116159749613388,0.0713597973460323,0.0988058732483524,True,True,False,+
TRA,B29.1_P13,6,0,708,0.0,31.14,29.0,0.5253020945732373,0.0173847988259036,0.028447852624206,True,True,True,+
TRA,B29.1_P13,7,0,708,0.0,31.14,29.0,0.2311403937829572,0.3268414603877212,0.3922097524652654,False,False,False,+
TRA,B29.1_P13,8,0,708,0.0,31.14,29.0,-0.1910884853593952,0.4196516313273833,0.4721080852433063,False,False,False,-
TRA,B29.1_P13,9,6,708,0.847457627118644,31.14,29.0,0.1264108709997358,0.5953744393515399,0.6303964651957481,False,False,False,+
TRA,B29.1_P13,10,15,708,2.11864406779661,31.14,29.0,-0.6493606051950715,0.001946314156191,0.0043792068514299,True,True,True,-
TRA,B29.1_P13,11,47,708,6.638418079096045,31.14,29.0,-0.7486834324091498,0.0001460946326929,0.0004382838980789,True,True,True,-
TRA,B29.1_P13,12,89,708,12.570621468926554,31.14,29.0,-0.7742665848733821,6.156948425778106e-05,0.000221650143328,True,True,True,-
TRA,B29.1_P13,13,174,708,24.57627118644068,31.14,29.0,-0.7968399546947635,2.6077620946868788e-05,0.0001209611277769,True,True,True,-
TRA,B29.1_P13,14,182,708,25.70621468926554,31.14,29.0,0.585402724034491,0.0066933902584961,0.0120481024652931,True,True,True,+
TRA,B29.1_P13,15,113,708,15.96045197740113,31.14,29.0,0.8013546286590396,2.1683370310294116e-05,0.0001209611277769,True,True,True,+
TRA,B29.1_P13,16,55,708,7.768361581920905,31.14,29.0,0.7960875090340508,2.6880250617091302e-05,0.0001209611277769,True,True,True,+
TRA,B29.1_P13,17,20,708,2.824858757062147,31.14,29.0,0.8389769116946755,3.792844461466404e-06,6.827120030639526e-05,True,True,True,+
TRA,B29.1_P13,18,5,708,0.7062146892655368,31.14,29.0,0.7005269101235362,0.0005820535326666,0.001496709084,True,True,True,+
TRA,B29.1_P13,19,2,708,0.2824858757062147,31.14,29.0,0.6352677011020295,0.0026147747122077,0.0052295494244154,True,True,True,+
TRA,B29.1_P13,20,0,708,0.0,31.14,29.0,0.5076685315470332,0.0223094203130551,0.0334641304695827,True,True,True,+
TRA,B29.1_P13,21,0,708,0.0,31.14,29.0,,,,False,False,False,-
TRA,B29.1_P13,22,0,708,0.0,31.14,29.0,,,,False,False,False,-
TRA,B29.1_P13,23,0,708,0.0,31.14,29.0,-0.2787097730669733,0.2340735745177121,0.3009517386656299,False,False,False,-
TRA,B29.1_P13,24,0,708,0.0,31.14,29.0,,,,False,False,False,-
TRA,B29.1_P13,25,0,708,0.0,31.14,29.0,0.1040921201228074,0.6623073987129967,0.6623073987129967,False,False,False,+
TRA,B31.3_P15,0,0,1513,0.0,33.29,31.0,,,,False,False,False,-
TRA,B31.3_P15,1,0,1513,0.0,33.29,31.0,,,,False,False,False,-
TRA,B31.3_P15,2,0,1513,0.0,33.29,31.0,,,,False,False,False,-
TRA,B31.3_P15,3,0,1513,0.0,33.29,31.0,,,,False,False,False,-
TRA,B31.3_P15,4,0,1513,0.0,33.29,31.0,,,,False,False,False,-
TRA,B31.3_P15,5,0,1513,0.0,33.29,31.0,0.4116159749613388,0.0713597973460323,0.0988058732483524,True,True,False,+
TRA,B31.3_P15,6,0,1513,0.0,33.29,31.0,0.5253020945732373,0.0173847988259036,0.028447852624206,True,True,True,+
TRA,B31.3_P15,7,1,1513,0.0660938532716457,33.29,31.0,0.2311403937829572,0.3268414603877212,0.3922097524652654,False,False,False,+
TRA,B31.3_P15,8,2,1513,0.1321877065432914,33.29,31.0,-0.1910884853593952,0.4196516313273833,0.4721080852433063,False,False,False,-
TRA,B31.3_P15,9,5,1513,0.3304692663582287,33.29,31.0,0.1264108709997358,0.5953744393515399,0.6303964651957481,False,False,False,+
TRA,B31.3_P15,10,46,1513,3.040317250495704,33.29,31.0,-0.6493606051950715,0.001946314156191,0.0043792068514299,True,True,True,-
TRA,B31.3_P15,11,119,1513,7.865168539325842,33.29,31.0,-0.7486834324091498,0.0001460946326929,0.0004382838980789,True,True,True,-
TRA,B31.3_P15,12,232,1513,15.33377395902181,33.29,31.0,-0.7742665848733821,6.156948425778106e-05,0.000221650143328,True,True,True,-
TRA,B31.3_P15,13,366,1513,24.190350297422334,33.29,31.0,-0.7968399546947635,2.6077620946868788e-05,0.0001209611277769,True,True,True,-
TRA,B31.3_P15,14,378,1513,24.98347653668209,33.29,31.0,0.585402724034491,0.0066933902584961,0.0120481024652931,True,True,True,+
TRA,B31.3_P15,15,200,1513,13.218770654329148,33.29,31.0,0.8013546286590396,2.1683370310294116e-05,0.0001209611277769,True,True,True,+
TRA,B31.3_P15,16,106,1513,7.005948446794448,33.29,31.0,0.7960875090340508,2.6880250617091302e-05,0.0001209611277769,True,True,True,+
TRA,B31.3_P15,17,40,1513,2.6437541308658297,33.29,31.0,0.8389769116946755,3.792844461466404e-06,6.827120030639526e-05,True,True,True,+
TRA,B31.3_P15,18,13,1513,0.8592200925313946,33.29,31.0,0.7005269101235362,0.0005820535326666,0.001496709084,True,True,True,+
TRA,B31.3_P15,19,4,1513,0.2643754130865829,33.29,31.0,0.6352677011020295,0.0026147747122077,0.0052295494244154,True,True,True,+
TRA,B31.3_P15,20,0,1513,0.0,33.29,31.0,0.5076685315470332,0.0223094203130551,0.0334641304695827,True,True,True,+
TRA,B31.3_P15,21,0,1513,0.0,33.29,31.0,,,,False,False,False,-
TRA,B31.3_P15,22,0,1513,0.0,33.29,31.0,,,,False,False,False,-
TRA,B31.3_P15,23,0,1513,0.0,33.29,31.0,-0.2787097730669733,0.2340735745177121,0.3009517386656299,False,False,False,-
TRA,B31.3_P15,24,0,1513,0.0,33.29,31.0,,,,False,False,False,-
TRA,B31.3_P15,25,1,1513,0.0660938532716457,33.29,31.0,0.1040921201228074,0.6623073987129967,0.6623073987129967,False,False,False,+
TRA,B32.4_P16,0,0,1224,0.0,34.43,32.0,,,,False,False,False,-
TRA,B32.4_P16,1,0,1224,0.0,34.43,32.0,,,,False,False,False,-
TRA,B32.4_P16,2,0,1224,0.0,34.43,32.0,,,,False,False,False,-
TRA,B32.4_P16,3,0,1224,0.0,34.43,32.0,,,,False,False,False,-
TRA,B32.4_P16,4,0,1224,0.0,34.43,32.0,,,,False,False,False,-
TRA,B32.4_P16,5,0,1224,0.0,34.43,32.0,0.4116159749613388,0.0713597973460323,0.0988058732483524,True,True,False,+
TRA,B32.4_P16,6,0,1224,0.0,34.43,32.0,0.5253020945732373,0.0173847988259036,0.028447852624206,True,True,True,+
TRA,B32.4_P16,7,2,1224,0.1633986928104575,34.43,32.0,0.2311403937829572,0.3268414603877212,0.3922097524652654,False,False,False,+
TRA,B32.4_P16,8,2,1224,0.1633986928104575,34.43,32.0,-0.1910884853593952,0.4196516313273833,0.4721080852433063,False,False,False,-
TRA,B32.4_P16,9,7,1224,0.5718954248366013,34.43,32.0,0.1264108709997358,0.5953744393515399,0.6303964651957481,False,False,False,+
TRA,B32.4_P16,10,29,1224,2.369281045751634,34.43,32.0,-0.6493606051950715,0.001946314156191,0.0043792068514299,True,True,True,-
TRA,B32.4_P16,11,119,1224,9.722222222222223,34.43,32.0,-0.7486834324091498,0.0001460946326929,0.0004382838980789,True,True,True,-
TRA,B32.4_P16,12,207,1224,16.911764705882355,34.43,32.0,-0.7742665848733821,6.156948425778106e-05,0.000221650143328,True,True,True,-
TRA,B32.4_P16,13,297,1224,24.264705882352946,34.43,32.0,-0.7968399546947635,2.6077620946868788e-05,0.0001209611277769,True,True,True,-
TRA,B32.4_P16,14,299,1224,24.4281045751634,34.43,32.0,0.585402724034491,0.0066933902584961,0.0120481024652931,True,True,True,+
TRA,B32.4_P16,15,155,1224,12.663398692810455,34.43,32.0,0.8013546286590396,2.1683370310294116e-05,0.0001209611277769,True,True,True,+
TRA,B32.4_P16,16,69,1224,5.637254901960785,34.43,32.0,0.7960875090340508,2.6880250617091302e-05,0.0001209611277769,True,True,True,+
TRA,B32.4_P16,17,32,1224,2.6143790849673203,34.43,32.0,0.8389769116946755,3.792844461466404e-06,6.827120030639526e-05,True,True,True,+
TRA,B32.4_P16,18,3,1224,0.2450980392156862,34.43,32.0,0.7005269101235362,0.0005820535326666,0.001496709084,True,True,True,+
TRA,B32.4_P16,19,3,1224,0.2450980392156862,34.43,32.0,0.6352677011020295,0.0026147747122077,0.0052295494244154,True,True,True,+
TRA,B32.4_P16,20,0,1224,0.0,34.43,32.0,0.5076685315470332,0.0223094203130551,0.0334641304695827,True,True,True,+
TRA,B32.4_P16,21,0,1224,0.0,34.43,32.0,,,,False,False,False,-
TRA,B32.4_P16,22,0,1224,0.0,34.43,32.0,,,,False,False,False,-
TRA,B32.4_P16,23,0,1224,0.0,34.43,32.0,-0.2787097730669733,0.2340735745177121,0.3009517386656299,False,False,False,-
TRA,B32.4_P16,24,0,1224,0.0,34.43,32.0,,,,False,False,False,-
TRA,B32.4_P16,25,0,1224,0.0,34.43,32.0,0.1040921201228074,0.6623073987129967,0.6623073987129967,False,False,False,+
TRA,B33.3_P17,0,0,3472,0.0,35.29,33.0,,,,False,False,False,-
TRA,B33.3_P17,1,0,3472,0.0,35.29,33.0,,,,False,False,False,-
TRA,B33.3_P17,2,0,3472,0.0,35.29,33.0,,,,False,False,False,-
TRA,B33.3_P17,3,0,3472,0.0,35.29,33.0,,,,False,False,False,-
TRA,B33.3_P17,4,0,3472,0.0,35.29,33.0,,,,False,False,False,-
TRA,B33.3_P17,5,1,3472,0.0288018433179723,35.29,33.0,0.4116159749613388,0.0713597973460323,0.0988058732483524,True,True,False,+
TRA,B33.3_P17,6,1,3472,0.0288018433179723,35.29,33.0,0.5253020945732373,0.0173847988259036,0.028447852624206,True,True,True,+
TRA,B33.3_P17,7,2,3472,0.0576036866359447,35.29,33.0,0.2311403937829572,0.3268414603877212,0.3922097524652654,False,False,False,+
TRA,B33.3_P17,8,3,3472,0.086405529953917,35.29,33.0,-0.1910884853593952,0.4196516313273833,0.4721080852433063,False,False,False,-
TRA,B33.3_P17,9,15,3472,0.4320276497695853,35.29,33.0,0.1264108709997358,0.5953744393515399,0.6303964651957481,False,False,False,+
TRA,B33.3_P17,10,78,3472,2.2465437788018434,35.29,33.0,-0.6493606051950715,0.001946314156191,0.0043792068514299,True,True,True,-
TRA,B33.3_P17,11,227,3472,6.538018433179723,35.29,33.0,-0.7486834324091498,0.0001460946326929,0.0004382838980789,True,True,True,-
TRA,B33.3_P17,12,534,3472,15.380184331797231,35.29,33.0,-0.7742665848733821,6.156948425778106e-05,0.000221650143328,True,True,True,-
TRA,B33.3_P17,13,866,3472,24.942396313364053,35.29,33.0,-0.7968399546947635,2.6077620946868788e-05,0.0001209611277769,True,True,True,-
TRA,B33.3_P17,14,861,3472,24.798387096774192,35.29,33.0,0.585402724034491,0.0066933902584961,0.0120481024652931,True,True,True,+
TRA,B33.3_P17,15,488,3472,14.055299539170507,35.29,33.0,0.8013546286590396,2.1683370310294116e-05,0.0001209611277769,True,True,True,+
TRA,B33.3_P17,16,266,3472,7.661290322580645,35.29,33.0,0.7960875090340508,2.6880250617091302e-05,0.0001209611277769,True,True,True,+
TRA,B33.3_P17,17,97,3472,2.793778801843318,35.29,33.0,0.8389769116946755,3.792844461466404e-06,6.827120030639526e-05,True,True,True,+
TRA,B33.3_P17,18,28,3472,0.8064516129032258,35.29,33.0,0.7005269101235362,0.0005820535326666,0.001496709084,True,True,True,+
TRA,B33.3_P17,19,4,3472,0.1152073732718894,35.29,33.0,0.6352677011020295,0.0026147747122077,0.0052295494244154,True,True,True,+
TRA,B33.3_P17,20,1,3472,0.0288018433179723,35.29,33.0,0.5076685315470332,0.0223094203130551,0.0334641304695827,True,True,True,+
TRA,B33.3_P17,21,0,3472,0.0,35.29,33.0,,,,False,False,False,-
TRA,B33.3_P17,22,0,3472,0.0,35.29,33.0,,,,False,False,False,-
TRA,B33.3_P17,23,0,3472,0.0,35.29,33.0,-0.2787097730669733,0.2340735745177121,0.3009517386656299,False,False,False,-
TRA,B33.3_P17,24,0,3472,0.0,35.29,33.0,,,,False,False,False,-
TRA,B33.3_P17,25,0,3472,0.0,35.29,33.0,0.1040921201228074,0.6623073987129967,0.6623073987129967,False,False,False,+
TRA,B34.1_P18,0,0,844,0.0,36.14,34.0,,,,False,False,False,-
TRA,B34.1_P18,1,0,844,0.0,36.14,34.0,,,,False,False,False,-
TRA,B34.1_P18,2,0,844,0.0,36.14,34.0,,,,False,False,False,-
TRA,B34.1_P18,3,0,844,0.0,36.14,34.0,,,,False,False,False,-
TRA,B34.1_P18,4,0,844,0.0,36.14,34.0,,,,False,False,False,-
TRA,B34.1_P18,5,0,844,0.0,36.14,34.0,0.4116159749613388,0.0713597973460323,0.0988058732483524,True,True,False,+
TRA,B34.1_P18,6,0,844,0.0,36.14,34.0,0.5253020945732373,0.0173847988259036,0.028447852624206,True,True,True,+
TRA,B34.1_P18,7,0,844,0.0,36.14,34.0,0.2311403937829572,0.3268414603877212,0.3922097524652654,False,False,False,+
TRA,B34.1_P18,8,1,844,0.1184834123222748,36.14,34.0,-0.1910884853593952,0.4196516313273833,0.4721080852433063,False,False,False,-
TRA,B34.1_P18,9,4,844,0.4739336492890995,36.14,34.0,0.1264108709997358,0.5953744393515399,0.6303964651957481,False,False,False,+
TRA,B34.1_P18,10,20,844,2.3696682464454977,36.14,34.0,-0.6493606051950715,0.001946314156191,0.0043792068514299,True,True,True,-
TRA,B34.1_P18,11,61,844,7.227488151658767,36.14,34.0,-0.7486834324091498,0.0001460946326929,0.0004382838980789,True,True,True,-
TRA,B34.1_P18,12,134,844,15.876777251184834,36.14,34.0,-0.7742665848733821,6.156948425778106e-05,0.000221650143328,True,True,True,-
TRA,B34.1_P18,13,184,844,21.80094786729858,36.14,34.0,-0.7968399546947635,2.6077620946868788e-05,0.0001209611277769,True,True,True,-
TRA,B34.1_P18,14,210,844,24.881516587677723,36.14,34.0,0.585402724034491,0.0066933902584961,0.0120481024652931,True,True,True,+
TRA,B34.1_P18,15,139,844,16.46919431279621,36.14,34.0,0.8013546286590396,2.1683370310294116e-05,0.0001209611277769,True,True,True,+
TRA,B34.1_P18,16,58,844,6.872037914691943,36.14,34.0,0.7960875090340508,2.6880250617091302e-05,0.0001209611277769,True,True,True,+
TRA,B34.1_P18,17,19,844,2.251184834123223,36.14,34.0,0.8389769116946755,3.792844461466404e-06,6.827120030639526e-05,True,True,True,+
TRA,B34.1_P18,18,9,844,1.066350710900474,36.14,34.0,0.7005269101235362,0.0005820535326666,0.001496709084,True,True,True,+
TRA,B34.1_P18,19,3,844,0.3554502369668246,36.14,34.0,0.6352677011020295,0.0026147747122077,0.0052295494244154,True,True,True,+
TRA,B34.1_P18,20,2,844,0.2369668246445497,36.14,34.0,0.5076685315470332,0.0223094203130551,0.0334641304695827,True,True,True,+
TRA,B34.1_P18,21,0,844,0.0,36.14,34.0,,,,False,False,False,-
TRA,B34.1_P18,22,0,844,0.0,36.14,34.0,,,,False,False,False,-
TRA,B34.1_P18,23,0,844,0.0,36.14,34.0,-0.2787097730669733,0.2340735745177121,0.3009517386656299,False,False,False,-
TRA,B34.1_P18,24,0,844,0.0,36.14,34.0,,,,False,False,False,-
TRA,B34.1_P18,25,0,844,0.0,36.14,34.0,0.1040921201228074,0.6623073987129967,0.6623073987129967,False,False,False,+
TRA,B36.1_P19,0,0,1545,0.0,38.14,36.0,,,,False,False,False,-
TRA,B36.1_P19,1,0,1545,0.0,38.14,36.0,,,,False,False,False,-
TRA,B36.1_P19,2,0,1545,0.0,38.14,36.0,,,,False,False,False,-
TRA,B36.1_P19,3,0,1545,0.0,38.14,36.0,,,,False,False,False,-
TRA,B36.1_P19,4,0,1545,0.0,38.14,36.0,,,,False,False,False,-
TRA,B36.1_P19,5,0,1545,0.0,38.14,36.0,0.4116159749613388,0.0713597973460323,0.0988058732483524,True,True,False,+
TRA,B36.1_P19,6,0,1545,0.0,38.14,36.0,0.5253020945732373,0.0173847988259036,0.028447852624206,True,True,True,+
TRA,B36.1_P19,7,0,1545,0.0,38.14,36.0,0.2311403937829572,0.3268414603877212,0.3922097524652654,False,False,False,+
TRA,B36.1_P19,8,1,1545,0.0647249190938511,38.14,36.0,-0.1910884853593952,0.4196516313273833,0.4721080852433063,False,False,False,-
TRA,B36.1_P19,9,7,1545,0.4530744336569579,38.14,36.0,0.1264108709997358,0.5953744393515399,0.6303964651957481,False,False,False,+
TRA,B36.1_P19,10,37,1545,2.394822006472492,38.14,36.0,-0.6493606051950715,0.001946314156191,0.0043792068514299,True,True,True,-
TRA,B36.1_P19,11,100,1545,6.472491909385113,38.14,36.0,-0.7486834324091498,0.0001460946326929,0.0004382838980789,True,True,True,-
TRA,B36.1_P19,12,230,1545,14.886731391585762,38.14,36.0,-0.7742665848733821,6.156948425778106e-05,0.000221650143328,True,True,True,-
TRA,B36.1_P19,13,364,1545,23.55987055016181,38.14,36.0,-0.7968399546947635,2.6077620946868788e-05,0.0001209611277769,True,True,True,-
TRA,B36.1_P19,14,365,1545,23.624595469255663,38.14,36.0,0.585402724034491,0.0066933902584961,0.0120481024652931,True,True,True,+
TRA,B36.1_P19,15,239,1545,15.46925566343042,38.14,36.0,0.8013546286590396,2.1683370310294116e-05,0.0001209611277769,True,True,True,+
TRA,B36.1_P19,16,131,1545,8.4789644012945,38.14,36.0,0.7960875090340508,2.6880250617091302e-05,0.0001209611277769,True,True,True,+
TRA,B36.1_P19,17,50,1545,3.2362459546925564,38.14,36.0,0.8389769116946755,3.792844461466404e-06,6.827120030639526e-05,True,True,True,+
TRA,B36.1_P19,18,17,1545,1.1003236245954693,38.14,36.0,0.7005269101235362,0.0005820535326666,0.001496709084,True,True,True,+
TRA,B36.1_P19,19,4,1545,0.2588996763754045,38.14,36.0,0.6352677011020295,0.0026147747122077,0.0052295494244154,True,True,True,+
TRA,B36.1_P19,20,0,1545,0.0,38.14,36.0,0.5076685315470332,0.0223094203130551,0.0334641304695827,True,True,True,+
TRA,B36.1_P19,21,0,1545,0.0,38.14,36.0,,,,False,False,False,-
TRA,B36.1_P19,22,0,1545,0.0,38.14,36.0,,,,False,False,False,-
TRA,B36.1_P19,23,0,1545,0.0,38.14,36.0,-0.2787097730669733,0.2340735745177121,0.3009517386656299,False,False,False,-
TRA,B36.1_P19,24,0,1545,0.0,38.14,36.0,,,,False,False,False,-
TRA,B36.1_P19,25,0,1545,0.0,38.14,36.0,0.1040921201228074,0.6623073987129967,0.6623073987129967,False,False,False,+
TRA,B37.9_P20,0,0,4073,0.0,39.86,37.0,,,,False,False,False,-
TRA,B37.9_P20,1,0,4073,0.0,39.86,37.0,,,,False,False,False,-
TRA,B37.9_P20,2,0,4073,0.0,39.86,37.0,,,,False,False,False,-
TRA,B37.9_P20,3,0,4073,0.0,39.86,37.0,,,,False,False,False,-
TRA,B37.9_P20,4,0,4073,0.0,39.86,37.0,,,,False,False,False,-
TRA,B37.9_P20,5,0,4073,0.0,39.86,37.0,0.4116159749613388,0.0713597973460323,0.0988058732483524,True,True,False,+
TRA,B37.9_P20,6,1,4073,0.0245519273262951,39.86,37.0,0.5253020945732373,0.0173847988259036,0.028447852624206,True,True,True,+
TRA,B37.9_P20,7,3,4073,0.0736557819788853,39.86,37.0,0.2311403937829572,0.3268414603877212,0.3922097524652654,False,False,False,+
TRA,B37.9_P20,8,5,4073,0.1227596366314755,39.86,37.0,-0.1910884853593952,0.4196516313273833,0.4721080852433063,False,False,False,-
TRA,B37.9_P20,9,14,4073,0.3437269825681316,39.86,37.0,0.1264108709997358,0.5953744393515399,0.6303964651957481,False,False,False,+
TRA,B37.9_P20,10,111,4073,2.725263933218758,39.86,37.0,-0.6493606051950715,0.001946314156191,0.0043792068514299,True,True,True,-
TRA,B37.9_P20,11,271,4073,6.653572305425976,39.86,37.0,-0.7486834324091498,0.0001460946326929,0.0004382838980789,True,True,True,-
TRA,B37.9_P20,12,668,4073,16.400687453965137,39.86,37.0,-0.7742665848733821,6.156948425778106e-05,0.000221650143328,True,True,True,-
TRA,B37.9_P20,13,988,4073,24.25730419837957,39.86,37.0,-0.7968399546947635,2.6077620946868788e-05,0.0001209611277769,True,True,True,-
TRA,B37.9_P20,14,936,4073,22.980603977412223,39.86,37.0,0.585402724034491,0.0066933902584961,0.0120481024652931,True,True,True,+
TRA,B37.9_P20,15,615,4073,15.099435305671497,39.86,37.0,0.8013546286590396,2.1683370310294116e-05,0.0001209611277769,True,True,True,+
TRA,B37.9_P20,16,280,4073,6.874539651362632,39.86,37.0,0.7960875090340508,2.6880250617091302e-05,0.0001209611277769,True,True,True,+
TRA,B37.9_P20,17,137,4073,3.3636140437024307,39.86,37.0,0.8389769116946755,3.792844461466404e-06,6.827120030639526e-05,True,True,True,+
TRA,B37.9_P20,18,37,4073,0.9084213110729192,39.86,37.0,0.7005269101235362,0.0005820535326666,0.001496709084,True,True,True,+
TRA,B37.9_P20,19,6,4073,0.1473115639577706,39.86,37.0,0.6352677011020295,0.0026147747122077,0.0052295494244154,True,True,True,+
TRA,B37.9_P20,20,1,4073,0.0245519273262951,39.86,37.0,0.5076685315470332,0.0223094203130551,0.0334641304695827,True,True,True,+
TRA,B37.9_P20,21,0,4073,0.0,39.86,37.0,,,,False,False,False,-
TRA,B37.9_P20,22,0,4073,0.0,39.86,37.0,,,,False,False,False,-
TRA,B37.9_P20,23,0,4073,0.0,39.86,37.0,-0.2787097730669733,0.2340735745177121,0.3009517386656299,False,False,False,-
TRA,B37.9_P20,24,0,4073,0.0,39.86,37.0,,,,False,False,False,-
TRA,B37.9_P20,25,0,4073,0.0,39.86,37.0,0.1040921201228074,0.6623073987129967,0.6623073987129967,False,False,False,+
TRA,B38.1_P21,0,0,1925,0.0,40.14,38.0,,,,False,False,False,-
TRA,B38.1_P21,1,0,1925,0.0,40.14,38.0,,,,False,False,False,-
TRA,B38.1_P21,2,0,1925,0.0,40.14,38.0,,,,False,False,False,-
TRA,B38.1_P21,3,0,1925,0.0,40.14,38.0,,,,False,False,False,-
TRA,B38.1_P21,4,0,1925,0.0,40.14,38.0,,,,False,False,False,-
TRA,B38.1_P21,5,0,1925,0.0,40.14,38.0,0.4116159749613388,0.0713597973460323,0.0988058732483524,True,True,False,+
TRA,B38.1_P21,6,0,1925,0.0,40.14,38.0,0.5253020945732373,0.0173847988259036,0.028447852624206,True,True,True,+
TRA,B38.1_P21,7,1,1925,0.0519480519480519,40.14,38.0,0.2311403937829572,0.3268414603877212,0.3922097524652654,False,False,False,+
TRA,B38.1_P21,8,1,1925,0.0519480519480519,40.14,38.0,-0.1910884853593952,0.4196516313273833,0.4721080852433063,False,False,False,-
TRA,B38.1_P21,9,4,1925,0.2077922077922078,40.14,38.0,0.1264108709997358,0.5953744393515399,0.6303964651957481,False,False,False,+
TRA,B38.1_P21,10,41,1925,2.12987012987013,40.14,38.0,-0.6493606051950715,0.001946314156191,0.0043792068514299,True,True,True,-
TRA,B38.1_P21,11,120,1925,6.233766233766234,40.14,38.0,-0.7486834324091498,0.0001460946326929,0.0004382838980789,True,True,True,-
TRA,B38.1_P21,12,305,1925,15.844155844155845,40.14,38.0,-0.7742665848733821,6.156948425778106e-05,0.000221650143328,True,True,True,-
TRA,B38.1_P21,13,450,1925,23.37662337662337,40.14,38.0,-0.7968399546947635,2.6077620946868788e-05,0.0001209611277769,True,True,True,-
TRA,B38.1_P21,14,464,1925,24.103896103896105,40.14,38.0,0.585402724034491,0.0066933902584961,0.0120481024652931,True,True,True,+
TRA,B38.1_P21,15,302,1925,15.688311688311687,40.14,38.0,0.8013546286590396,2.1683370310294116e-05,0.0001209611277769,True,True,True,+
TRA,B38.1_P21,16,157,1925,8.155844155844155,40.14,38.0,0.7960875090340508,2.6880250617091302e-05,0.0001209611277769,True,True,True,+
TRA,B38.1_P21,17,51,1925,2.6493506493506493,40.14,38.0,0.8389769116946755,3.792844461466404e-06,6.827120030639526e-05,True,True,True,+
TRA,B38.1_P21,18,23,1925,1.194805194805195,40.14,38.0,0.7005269101235362,0.0005820535326666,0.001496709084,True,True,True,+
TRA,B38.1_P21,19,3,1925,0.1558441558441558,40.14,38.0,0.6352677011020295,0.0026147747122077,0.0052295494244154,True,True,True,+
TRA,B38.1_P21,20,3,1925,0.1558441558441558,40.14,38.0,0.5076685315470332,0.0223094203130551,0.0334641304695827,True,True,True,+
TRA,B38.1_P21,21,0,1925,0.0,40.14,38.0,,,,False,False,False,-
TRA,B38.1_P21,22,0,1925,0.0,40.14,38.0,,,,False,False,False,-
TRA,B38.1_P21,23,0,1925,0.0,40.14,38.0,-0.2787097730669733,0.2340735745177121,0.3009517386656299,False,False,False,-
TRA,B38.1_P21,24,0,1925,0.0,40.14,38.0,,,,False,False,False,-
TRA,B38.1_P21,25,0,1925,0.0,40.14,38.0,0.1040921201228074,0.6623073987129967,0.6623073987129967,False,False,False,+
TRA,B39.1_P22,0,0,3211,0.0,41.14,39.0,,,,False,False,False,-
TRA,B39.1_P22,1,0,3211,0.0,41.14,39.0,,,,False,False,False,-
TRA,B39.1_P22,2,0,3211,0.0,41.14,39.0,,,,False,False,False,-
TRA,B39.1_P22,3,0,3211,0.0,41.14,39.0,,,,False,False,False,-
TRA,B39.1_P22,4,0,3211,0.0,41.14,39.0,,,,False,False,False,-
TRA,B39.1_P22,5,1,3211,0.0311429461227032,41.14,39.0,0.4116159749613388,0.0713597973460323,0.0988058732483524,True,True,False,+
TRA,B39.1_P22,6,1,3211,0.0311429461227032,41.14,39.0,0.5253020945732373,0.0173847988259036,0.028447852624206,True,True,True,+
TRA,B39.1_P22,7,0,3211,0.0,41.14,39.0,0.2311403937829572,0.3268414603877212,0.3922097524652654,False,False,False,+
TRA,B39.1_P22,8,4,3211,0.1245717844908128,41.14,39.0,-0.1910884853593952,0.4196516313273833,0.4721080852433063,False,False,False,-
TRA,B39.1_P22,9,15,3211,0.4671441918405481,41.14,39.0,0.1264108709997358,0.5953744393515399,0.6303964651957481,False,False,False,+
TRA,B39.1_P22,10,74,3211,2.3045780130800373,41.14,39.0,-0.6493606051950715,0.001946314156191,0.0043792068514299,True,True,True,-
TRA,B39.1_P22,11,190,3211,5.9171597633136095,41.14,39.0,-0.7486834324091498,0.0001460946326929,0.0004382838980789,True,True,True,-
TRA,B39.1_P22,12,484,3211,15.073185923388351,41.14,39.0,-0.7742665848733821,6.156948425778106e-05,0.000221650143328,True,True,True,-
TRA,B39.1_P22,13,793,3211,24.696356275303643,41.14,39.0,-0.7968399546947635,2.6077620946868788e-05,0.0001209611277769,True,True,True,-
TRA,B39.1_P22,14,785,3211,24.44721270632202,41.14,39.0,0.585402724034491,0.0066933902584961,0.0120481024652931,True,True,True,+
TRA,B39.1_P22,15,471,3211,14.668327623793212,41.14,39.0,0.8013546286590396,2.1683370310294116e-05,0.0001209611277769,True,True,True,+
TRA,B39.1_P22,16,254,3211,7.910308315166614,41.14,39.0,0.7960875090340508,2.6880250617091302e-05,0.0001209611277769,True,True,True,+
TRA,B39.1_P22,17,96,3211,2.989722827779508,41.14,39.0,0.8389769116946755,3.792844461466404e-06,6.827120030639526e-05,True,True,True,+
TRA,B39.1_P22,18,31,3211,0.9654313298037996,41.14,39.0,0.7005269101235362,0.0005820535326666,0.001496709084,True,True,True,+
TRA,B39.1_P22,19,10,3211,0.3114294612270321,41.14,39.0,0.6352677011020295,0.0026147747122077,0.0052295494244154,True,True,True,+
TRA,B39.1_P22,20,1,3211,0.0311429461227032,41.14,39.0,0.5076685315470332,0.0223094203130551,0.0334641304695827,True,True,True,+
TRA,B39.1_P22,21,0,3211,0.0,41.14,39.0,,,,False,False,False,-
TRA,B39.1_P22,22,0,3211,0.0,41.14,39.0,,,,False,False,False,-
TRA,B39.1_P22,23,0,3211,0.0,41.14,39.0,-0.2787097730669733,0.2340735745177121,0.3009517386656299,False,False,False,-
TRA,B39.1_P22,24,0,3211,0.0,41.14,39.0,,,,False,False,False,-
TRA,B39.1_P22,25,1,3211,0.0311429461227032,41.14,39.0,0.1040921201228074,0.6623073987129967,0.6623073987129967,False,False,False,+
