"chain","region","MainID","length_nt","frequency","frequency_percent","canonical_week","legacy_plot_age","Post_Conception_Age_Weeks","Ntlen","Freq_ratio"
"IGK","3'V-REGION","B11.6_P24",0,0,0,13.57,11.6,11.6,0,0
"IGK","3'V-REGION","B11.6_P24",8,1,0.176056338028169,13.57,11.6,11.6,8,0.176056338028169
"IGK","3'V-REGION","B11.6_P24",9,0,0,13.57,11.6,11.6,9,0
"IGK","3'V-REGION","B11.6_P24",10,0,0,13.57,11.6,11.6,10,0
"IGK","3'V-REGION","B11.6_P24",11,0,0,13.57,11.6,11.6,11,0
"IGK","3'V-REGION","B11.6_P24",12,0,0,13.57,11.6,11.6,12,0
"IGK","3'V-REGION","B11.6_P24",13,0,0,13.57,11.6,11.6,13,0
"IGK","3'V-REGION","B11.6_P24",14,0,0,13.57,11.6,11.6,14,0
"IGK","3'V-REGION","B11.6_P24",15,0,0,13.57,11.6,11.6,15,0
"IGK","3'V-REGION","B11.6_P24",16,1,0.176056338028169,13.57,11.6,11.6,16,0.176056338028169
"IGK","3'V-REGION","B11.6_P24",17,0,0,13.57,11.6,11.6,17,0
"IGK","3'V-REGION","B11.6_P24",18,0,0,13.57,11.6,11.6,18,0
"IGK","3'V-REGION","B11.6_P24",19,5,0.880281690140845,13.57,11.6,11.6,19,0.880281690140845
"IGK","3'V-REGION","B11.6_P24",20,8,1.40845070422535,13.57,11.6,11.6,20,1.40845070422535
"IGK","3'V-REGION","B11.6_P24",21,18,3.16901408450704,13.57,11.6,11.6,21,3.16901408450704
"IGK","3'V-REGION","B11.6_P24",22,34,5.98591549295775,13.57,11.6,11.6,22,5.98591549295775
"IGK","3'V-REGION","B11.6_P24",23,284,50,13.57,11.6,11.6,23,50
"IGK","3'V-REGION","B11.6_P24",24,21,3.69718309859155,13.57,11.6,11.6,24,3.69718309859155
"IGK","3'V-REGION","B11.6_P24",25,74,13.0281690140845,13.57,11.6,11.6,25,13.0281690140845
"IGK","3'V-REGION","B11.6_P24",26,122,21.4788732394366,13.57,11.6,11.6,26,21.4788732394366
"IGK","3'V-REGION","B17.4_P3",0,0,0,19.43,17.4,17.4,0,0
"IGK","3'V-REGION","B17.4_P3",8,0,0,19.43,17.4,17.4,8,0
"IGK","3'V-REGION","B17.4_P3",9,0,0,19.43,17.4,17.4,9,0
"IGK","3'V-REGION","B17.4_P3",10,0,0,19.43,17.4,17.4,10,0
"IGK","3'V-REGION","B17.4_P3",11,0,0,19.43,17.4,17.4,11,0
"IGK","3'V-REGION","B17.4_P3",12,0,0,19.43,17.4,17.4,12,0
"IGK","3'V-REGION","B17.4_P3",13,0,0,19.43,17.4,17.4,13,0
"IGK","3'V-REGION","B17.4_P3",14,0,0,19.43,17.4,17.4,14,0
"IGK","3'V-REGION","B17.4_P3",15,0,0,19.43,17.4,17.4,15,0
"IGK","3'V-REGION","B17.4_P3",16,0,0,19.43,17.4,17.4,16,0
"IGK","3'V-REGION","B17.4_P3",17,0,0,19.43,17.4,17.4,17,0
"IGK","3'V-REGION","B17.4_P3",18,0,0,19.43,17.4,17.4,18,0
"IGK","3'V-REGION","B17.4_P3",19,0,0,19.43,17.4,17.4,19,0
"IGK","3'V-REGION","B17.4_P3",20,1,1.88679245283019,19.43,17.4,17.4,20,1.88679245283019
"IGK","3'V-REGION","B17.4_P3",21,0,0,19.43,17.4,17.4,21,0
"IGK","3'V-REGION","B17.4_P3",22,7,13.2075471698113,19.43,17.4,17.4,22,13.2075471698113
"IGK","3'V-REGION","B17.4_P3",23,29,54.7169811320755,19.43,17.4,17.4,23,54.7169811320755
"IGK","3'V-REGION","B17.4_P3",24,0,0,19.43,17.4,17.4,24,0
"IGK","3'V-REGION","B17.4_P3",25,7,13.2075471698113,19.43,17.4,17.4,25,13.2075471698113
"IGK","3'V-REGION","B17.4_P3",26,9,16.9811320754717,19.43,17.4,17.4,26,16.9811320754717
"IGK","3'V-REGION","B18.0_P4",0,0,0,20,18,18,0,0
"IGK","3'V-REGION","B18.0_P4",8,0,0,20,18,18,8,0
"IGK","3'V-REGION","B18.0_P4",9,0,0,20,18,18,9,0
"IGK","3'V-REGION","B18.0_P4",10,0,0,20,18,18,10,0
"IGK","3'V-REGION","B18.0_P4",11,0,0,20,18,18,11,0
"IGK","3'V-REGION","B18.0_P4",12,0,0,20,18,18,12,0
"IGK","3'V-REGION","B18.0_P4",13,0,0,20,18,18,13,0
"IGK","3'V-REGION","B18.0_P4",14,0,0,20,18,18,14,0
"IGK","3'V-REGION","B18.0_P4",15,0,0,20,18,18,15,0
"IGK","3'V-REGION","B18.0_P4",16,0,0,20,18,18,16,0
"IGK","3'V-REGION","B18.0_P4",17,0,0,20,18,18,17,0
"IGK","3'V-REGION","B18.0_P4",18,1,0.171232876712329,20,18,18,18,0.171232876712329
"IGK","3'V-REGION","B18.0_P4",19,1,0.171232876712329,20,18,18,19,0.171232876712329
"IGK","3'V-REGION","B18.0_P4",20,12,2.05479452054794,20,18,18,20,2.05479452054794
"IGK","3'V-REGION","B18.0_P4",21,27,4.62328767123288,20,18,18,21,4.62328767123288
"IGK","3'V-REGION","B18.0_P4",22,37,6.33561643835616,20,18,18,22,6.33561643835616
"IGK","3'V-REGION","B18.0_P4",23,269,46.0616438356164,20,18,18,23,46.0616438356164
"IGK","3'V-REGION","B18.0_P4",24,21,3.5958904109589,20,18,18,24,3.5958904109589
"IGK","3'V-REGION","B18.0_P4",25,84,14.3835616438356,20,18,18,25,14.3835616438356
"IGK","3'V-REGION","B18.0_P4",26,132,22.6027397260274,20,18,18,26,22.6027397260274
"IGK","3'V-REGION","B18.6_P5",0,0,0,20.57,18.6,18.6,0,0
"IGK","3'V-REGION","B18.6_P5",8,0,0,20.57,18.6,18.6,8,0
"IGK","3'V-REGION","B18.6_P5",9,0,0,20.57,18.6,18.6,9,0
"IGK","3'V-REGION","B18.6_P5",10,1,0.0903342366757001,20.57,18.6,18.6,10,0.0903342366757001
"IGK","3'V-REGION","B18.6_P5",11,0,0,20.57,18.6,18.6,11,0
"IGK","3'V-REGION","B18.6_P5",12,0,0,20.57,18.6,18.6,12,0
"IGK","3'V-REGION","B18.6_P5",13,0,0,20.57,18.6,18.6,13,0
"IGK","3'V-REGION","B18.6_P5",14,1,0.0903342366757001,20.57,18.6,18.6,14,0.0903342366757001
"IGK","3'V-REGION","B18.6_P5",15,0,0,20.57,18.6,18.6,15,0
"IGK","3'V-REGION","B18.6_P5",16,1,0.0903342366757001,20.57,18.6,18.6,16,0.0903342366757001
"IGK","3'V-REGION","B18.6_P5",17,1,0.0903342366757001,20.57,18.6,18.6,17,0.0903342366757001
"IGK","3'V-REGION","B18.6_P5",18,5,0.4516711833785,20.57,18.6,18.6,18,0.4516711833785
"IGK","3'V-REGION","B18.6_P5",19,8,0.722673893405601,20.57,18.6,18.6,19,0.722673893405601
"IGK","3'V-REGION","B18.6_P5",20,19,1.7163504968383,20.57,18.6,18.6,20,1.7163504968383
"IGK","3'V-REGION","B18.6_P5",21,38,3.4327009936766,20.57,18.6,18.6,21,3.4327009936766
"IGK","3'V-REGION","B18.6_P5",22,79,7.13640469738031,20.57,18.6,18.6,22,7.13640469738031
"IGK","3'V-REGION","B18.6_P5",23,530,47.877145438121,20.57,18.6,18.6,23,47.877145438121
"IGK","3'V-REGION","B18.6_P5",24,55,4.96838301716351,20.57,18.6,18.6,24,4.96838301716351
"IGK","3'V-REGION","B18.6_P5",25,181,16.3504968383017,20.57,18.6,18.6,25,16.3504968383017
"IGK","3'V-REGION","B18.6_P5",26,188,16.9828364950316,20.57,18.6,18.6,26,16.9828364950316
"IGK","3'V-REGION","B20.9_P7",0,0,0,22.86,20.9,20.9,0,0
"IGK","3'V-REGION","B20.9_P7",8,0,0,22.86,20.9,20.9,8,0
"IGK","3'V-REGION","B20.9_P7",9,0,0,22.86,20.9,20.9,9,0
"IGK","3'V-REGION","B20.9_P7",10,0,0,22.86,20.9,20.9,10,0
"IGK","3'V-REGION","B20.9_P7",11,0,0,22.86,20.9,20.9,11,0
"IGK","3'V-REGION","B20.9_P7",12,0,0,22.86,20.9,20.9,12,0
"IGK","3'V-REGION","B20.9_P7",13,0,0,22.86,20.9,20.9,13,0
"IGK","3'V-REGION","B20.9_P7",14,0,0,22.86,20.9,20.9,14,0
"IGK","3'V-REGION","B20.9_P7",15,0,0,22.86,20.9,20.9,15,0
"IGK","3'V-REGION","B20.9_P7",16,1,0.200803212851406,22.86,20.9,20.9,16,0.200803212851406
"IGK","3'V-REGION","B20.9_P7",17,1,0.200803212851406,22.86,20.9,20.9,17,0.200803212851406
"IGK","3'V-REGION","B20.9_P7",18,1,0.200803212851406,22.86,20.9,20.9,18,0.200803212851406
"IGK","3'V-REGION","B20.9_P7",19,2,0.401606425702811,22.86,20.9,20.9,19,0.401606425702811
"IGK","3'V-REGION","B20.9_P7",20,10,2.00803212851406,22.86,20.9,20.9,20,2.00803212851406
"IGK","3'V-REGION","B20.9_P7",21,23,4.61847389558233,22.86,20.9,20.9,21,4.61847389558233
"IGK","3'V-REGION","B20.9_P7",22,28,5.62248995983936,22.86,20.9,20.9,22,5.62248995983936
"IGK","3'V-REGION","B20.9_P7",23,261,52.4096385542169,22.86,20.9,20.9,23,52.4096385542169
"IGK","3'V-REGION","B20.9_P7",24,18,3.6144578313253,22.86,20.9,20.9,24,3.6144578313253
"IGK","3'V-REGION","B20.9_P7",25,65,13.0522088353414,22.86,20.9,20.9,25,13.0522088353414
"IGK","3'V-REGION","B20.9_P7",26,88,17.6706827309237,22.86,20.9,20.9,26,17.6706827309237
"IGK","3'V-REGION","B21.7_P8",0,0,0,23.71,21.7,21.7,0,0
"IGK","3'V-REGION","B21.7_P8",8,0,0,23.71,21.7,21.7,8,0
"IGK","3'V-REGION","B21.7_P8",9,2,0.5249343832021,23.71,21.7,21.7,9,0.5249343832021
"IGK","3'V-REGION","B21.7_P8",10,0,0,23.71,21.7,21.7,10,0
"IGK","3'V-REGION","B21.7_P8",11,0,0,23.71,21.7,21.7,11,0
"IGK","3'V-REGION","B21.7_P8",12,1,0.26246719160105,23.71,21.7,21.7,12,0.26246719160105
"IGK","3'V-REGION","B21.7_P8",13,0,0,23.71,21.7,21.7,13,0
"IGK","3'V-REGION","B21.7_P8",14,0,0,23.71,21.7,21.7,14,0
"IGK","3'V-REGION","B21.7_P8",15,0,0,23.71,21.7,21.7,15,0
"IGK","3'V-REGION","B21.7_P8",16,0,0,23.71,21.7,21.7,16,0
"IGK","3'V-REGION","B21.7_P8",17,0,0,23.71,21.7,21.7,17,0
"IGK","3'V-REGION","B21.7_P8",18,1,0.26246719160105,23.71,21.7,21.7,18,0.26246719160105
"IGK","3'V-REGION","B21.7_P8",19,1,0.26246719160105,23.71,21.7,21.7,19,0.26246719160105
"IGK","3'V-REGION","B21.7_P8",20,7,1.83727034120735,23.71,21.7,21.7,20,1.83727034120735
"IGK","3'V-REGION","B21.7_P8",21,10,2.6246719160105,23.71,21.7,21.7,21,2.6246719160105
"IGK","3'V-REGION","B21.7_P8",22,20,5.249343832021,23.71,21.7,21.7,22,5.249343832021
"IGK","3'V-REGION","B21.7_P8",23,180,47.244094488189,23.71,21.7,21.7,23,47.244094488189
"IGK","3'V-REGION","B21.7_P8",24,15,3.93700787401575,23.71,21.7,21.7,24,3.93700787401575
"IGK","3'V-REGION","B21.7_P8",25,80,20.997375328084,23.71,21.7,21.7,25,20.997375328084
"IGK","3'V-REGION","B21.7_P8",26,64,16.7979002624672,23.71,21.7,21.7,26,16.7979002624672
"IGK","3'V-REGION","B22.4_P23",0,0,0,24.43,22.4,22.4,0,0
"IGK","3'V-REGION","B22.4_P23",8,0,0,24.43,22.4,22.4,8,0
"IGK","3'V-REGION","B22.4_P23",9,0,0,24.43,22.4,22.4,9,0
"IGK","3'V-REGION","B22.4_P23",10,0,0,24.43,22.4,22.4,10,0
"IGK","3'V-REGION","B22.4_P23",11,0,0,24.43,22.4,22.4,11,0
"IGK","3'V-REGION","B22.4_P23",12,0,0,24.43,22.4,22.4,12,0
"IGK","3'V-REGION","B22.4_P23",13,0,0,24.43,22.4,22.4,13,0
"IGK","3'V-REGION","B22.4_P23",14,0,0,24.43,22.4,22.4,14,0
"IGK","3'V-REGION","B22.4_P23",15,0,0,24.43,22.4,22.4,15,0
"IGK","3'V-REGION","B22.4_P23",16,0,0,24.43,22.4,22.4,16,0
"IGK","3'V-REGION","B22.4_P23",17,1,0.151515151515152,24.43,22.4,22.4,17,0.151515151515152
"IGK","3'V-REGION","B22.4_P23",18,3,0.454545454545455,24.43,22.4,22.4,18,0.454545454545455
"IGK","3'V-REGION","B22.4_P23",19,2,0.303030303030303,24.43,22.4,22.4,19,0.303030303030303
"IGK","3'V-REGION","B22.4_P23",20,8,1.21212121212121,24.43,22.4,22.4,20,1.21212121212121
"IGK","3'V-REGION","B22.4_P23",21,18,2.72727272727273,24.43,22.4,22.4,21,2.72727272727273
"IGK","3'V-REGION","B22.4_P23",22,50,7.57575757575758,24.43,22.4,22.4,22,7.57575757575758
"IGK","3'V-REGION","B22.4_P23",23,324,49.0909090909091,24.43,22.4,22.4,23,49.0909090909091
"IGK","3'V-REGION","B22.4_P23",24,30,4.54545454545455,24.43,22.4,22.4,24,4.54545454545455
"IGK","3'V-REGION","B22.4_P23",25,112,16.969696969697,24.43,22.4,22.4,25,16.969696969697
"IGK","3'V-REGION","B22.4_P23",26,112,16.969696969697,24.43,22.4,22.4,26,16.969696969697
"IGK","3'V-REGION","B22.4_P9",0,0,0,24.43,22.4,22.4,0,0
"IGK","3'V-REGION","B22.4_P9",8,0,0,24.43,22.4,22.4,8,0
"IGK","3'V-REGION","B22.4_P9",9,0,0,24.43,22.4,22.4,9,0
"IGK","3'V-REGION","B22.4_P9",10,0,0,24.43,22.4,22.4,10,0
"IGK","3'V-REGION","B22.4_P9",11,0,0,24.43,22.4,22.4,11,0
"IGK","3'V-REGION","B22.4_P9",12,0,0,24.43,22.4,22.4,12,0
"IGK","3'V-REGION","B22.4_P9",13,0,0,24.43,22.4,22.4,13,0
"IGK","3'V-REGION","B22.4_P9",14,0,0,24.43,22.4,22.4,14,0
"IGK","3'V-REGION","B22.4_P9",15,0,0,24.43,22.4,22.4,15,0
"IGK","3'V-REGION","B22.4_P9",16,2,0.862068965517241,24.43,22.4,22.4,16,0.862068965517241
"IGK","3'V-REGION","B22.4_P9",17,1,0.431034482758621,24.43,22.4,22.4,17,0.431034482758621
"IGK","3'V-REGION","B22.4_P9",18,1,0.431034482758621,24.43,22.4,22.4,18,0.431034482758621
"IGK","3'V-REGION","B22.4_P9",19,1,0.431034482758621,24.43,22.4,22.4,19,0.431034482758621
"IGK","3'V-REGION","B22.4_P9",20,10,4.31034482758621,24.43,22.4,22.4,20,4.31034482758621
"IGK","3'V-REGION","B22.4_P9",21,10,4.31034482758621,24.43,22.4,22.4,21,4.31034482758621
"IGK","3'V-REGION","B22.4_P9",22,10,4.31034482758621,24.43,22.4,22.4,22,4.31034482758621
"IGK","3'V-REGION","B22.4_P9",23,117,50.4310344827586,24.43,22.4,22.4,23,50.4310344827586
"IGK","3'V-REGION","B22.4_P9",24,8,3.44827586206897,24.43,22.4,22.4,24,3.44827586206897
"IGK","3'V-REGION","B22.4_P9",25,38,16.3793103448276,24.43,22.4,22.4,25,16.3793103448276
"IGK","3'V-REGION","B22.4_P9",26,34,14.6551724137931,24.43,22.4,22.4,26,14.6551724137931
"IGK","3'V-REGION","B23.4_P10",0,1,0.161030595813205,25.43,23.4,23.4,0,0.161030595813205
"IGK","3'V-REGION","B23.4_P10",8,0,0,25.43,23.4,23.4,8,0
"IGK","3'V-REGION","B23.4_P10",9,0,0,25.43,23.4,23.4,9,0
"IGK","3'V-REGION","B23.4_P10",10,0,0,25.43,23.4,23.4,10,0
"IGK","3'V-REGION","B23.4_P10",11,0,0,25.43,23.4,23.4,11,0
"IGK","3'V-REGION","B23.4_P10",12,0,0,25.43,23.4,23.4,12,0
"IGK","3'V-REGION","B23.4_P10",13,0,0,25.43,23.4,23.4,13,0
"IGK","3'V-REGION","B23.4_P10",14,0,0,25.43,23.4,23.4,14,0
"IGK","3'V-REGION","B23.4_P10",15,0,0,25.43,23.4,23.4,15,0
"IGK","3'V-REGION","B23.4_P10",16,0,0,25.43,23.4,23.4,16,0
"IGK","3'V-REGION","B23.4_P10",17,1,0.161030595813205,25.43,23.4,23.4,17,0.161030595813205
"IGK","3'V-REGION","B23.4_P10",18,4,0.644122383252818,25.43,23.4,23.4,18,0.644122383252818
"IGK","3'V-REGION","B23.4_P10",19,5,0.805152979066022,25.43,23.4,23.4,19,0.805152979066022
"IGK","3'V-REGION","B23.4_P10",20,12,1.93236714975845,25.43,23.4,23.4,20,1.93236714975845
"IGK","3'V-REGION","B23.4_P10",21,18,2.89855072463768,25.43,23.4,23.4,21,2.89855072463768
"IGK","3'V-REGION","B23.4_P10",22,51,8.21256038647343,25.43,23.4,23.4,22,8.21256038647343
"IGK","3'V-REGION","B23.4_P10",23,295,47.5040257648953,25.43,23.4,23.4,23,47.5040257648953
"IGK","3'V-REGION","B23.4_P10",24,45,7.2463768115942,25.43,23.4,23.4,24,7.2463768115942
"IGK","3'V-REGION","B23.4_P10",25,87,14.0096618357488,25.43,23.4,23.4,25,14.0096618357488
"IGK","3'V-REGION","B23.4_P10",26,102,16.4251207729469,25.43,23.4,23.4,26,16.4251207729469
"IGK","3'V-REGION","B24.6_P11",0,0,0,26.57,24.6,24.6,0,0
"IGK","3'V-REGION","B24.6_P11",8,0,0,26.57,24.6,24.6,8,0
"IGK","3'V-REGION","B24.6_P11",9,0,0,26.57,24.6,24.6,9,0
"IGK","3'V-REGION","B24.6_P11",10,0,0,26.57,24.6,24.6,10,0
"IGK","3'V-REGION","B24.6_P11",11,0,0,26.57,24.6,24.6,11,0
"IGK","3'V-REGION","B24.6_P11",12,0,0,26.57,24.6,24.6,12,0
"IGK","3'V-REGION","B24.6_P11",13,0,0,26.57,24.6,24.6,13,0
"IGK","3'V-REGION","B24.6_P11",14,0,0,26.57,24.6,24.6,14,0
"IGK","3'V-REGION","B24.6_P11",15,0,0,26.57,24.6,24.6,15,0
"IGK","3'V-REGION","B24.6_P11",16,0,0,26.57,24.6,24.6,16,0
"IGK","3'V-REGION","B24.6_P11",17,0,0,26.57,24.6,24.6,17,0
"IGK","3'V-REGION","B24.6_P11",18,1,0.411522633744856,26.57,24.6,24.6,18,0.411522633744856
"IGK","3'V-REGION","B24.6_P11",19,0,0,26.57,24.6,24.6,19,0
"IGK","3'V-REGION","B24.6_P11",20,3,1.23456790123457,26.57,24.6,24.6,20,1.23456790123457
"IGK","3'V-REGION","B24.6_P11",21,8,3.29218106995885,26.57,24.6,24.6,21,3.29218106995885
"IGK","3'V-REGION","B24.6_P11",22,23,9.46502057613169,26.57,24.6,24.6,22,9.46502057613169
"IGK","3'V-REGION","B24.6_P11",23,117,48.1481481481481,26.57,24.6,24.6,23,48.1481481481481
"IGK","3'V-REGION","B24.6_P11",24,9,3.7037037037037,26.57,24.6,24.6,24,3.7037037037037
"IGK","3'V-REGION","B24.6_P11",25,32,13.1687242798354,26.57,24.6,24.6,25,13.1687242798354
"IGK","3'V-REGION","B24.6_P11",26,50,20.5761316872428,26.57,24.6,24.6,26,20.5761316872428
"IGK","3'V-REGION","B26.9_P12",0,0,0,28.86,26.9,26.9,0,0
"IGK","3'V-REGION","B26.9_P12",8,0,0,28.86,26.9,26.9,8,0
"IGK","3'V-REGION","B26.9_P12",9,0,0,28.86,26.9,26.9,9,0
"IGK","3'V-REGION","B26.9_P12",10,0,0,28.86,26.9,26.9,10,0
"IGK","3'V-REGION","B26.9_P12",11,0,0,28.86,26.9,26.9,11,0
"IGK","3'V-REGION","B26.9_P12",12,0,0,28.86,26.9,26.9,12,0
"IGK","3'V-REGION","B26.9_P12",13,0,0,28.86,26.9,26.9,13,0
"IGK","3'V-REGION","B26.9_P12",14,0,0,28.86,26.9,26.9,14,0
"IGK","3'V-REGION","B26.9_P12",15,0,0,28.86,26.9,26.9,15,0
"IGK","3'V-REGION","B26.9_P12",16,1,0.234741784037559,28.86,26.9,26.9,16,0.234741784037559
"IGK","3'V-REGION","B26.9_P12",17,1,0.234741784037559,28.86,26.9,26.9,17,0.234741784037559
"IGK","3'V-REGION","B26.9_P12",18,2,0.469483568075117,28.86,26.9,26.9,18,0.469483568075117
"IGK","3'V-REGION","B26.9_P12",19,1,0.234741784037559,28.86,26.9,26.9,19,0.234741784037559
"IGK","3'V-REGION","B26.9_P12",20,3,0.704225352112676,28.86,26.9,26.9,20,0.704225352112676
"IGK","3'V-REGION","B26.9_P12",21,12,2.8169014084507,28.86,26.9,26.9,21,2.8169014084507
"IGK","3'V-REGION","B26.9_P12",22,28,6.57276995305164,28.86,26.9,26.9,22,6.57276995305164
"IGK","3'V-REGION","B26.9_P12",23,212,49.7652582159624,28.86,26.9,26.9,23,49.7652582159624
"IGK","3'V-REGION","B26.9_P12",24,17,3.9906103286385,28.86,26.9,26.9,24,3.9906103286385
"IGK","3'V-REGION","B26.9_P12",25,65,15.2582159624413,28.86,26.9,26.9,25,15.2582159624413
"IGK","3'V-REGION","B26.9_P12",26,84,19.7183098591549,28.86,26.9,26.9,26,19.7183098591549
"IGK","3'V-REGION","B29.1_P13",0,0,0,31.14,29.1,29.1,0,0
"IGK","3'V-REGION","B29.1_P13",8,0,0,31.14,29.1,29.1,8,0
"IGK","3'V-REGION","B29.1_P13",9,0,0,31.14,29.1,29.1,9,0
"IGK","3'V-REGION","B29.1_P13",10,0,0,31.14,29.1,29.1,10,0
"IGK","3'V-REGION","B29.1_P13",11,0,0,31.14,29.1,29.1,11,0
"IGK","3'V-REGION","B29.1_P13",12,0,0,31.14,29.1,29.1,12,0
"IGK","3'V-REGION","B29.1_P13",13,0,0,31.14,29.1,29.1,13,0
"IGK","3'V-REGION","B29.1_P13",14,0,0,31.14,29.1,29.1,14,0
"IGK","3'V-REGION","B29.1_P13",15,0,0,31.14,29.1,29.1,15,0
"IGK","3'V-REGION","B29.1_P13",16,0,0,31.14,29.1,29.1,16,0
"IGK","3'V-REGION","B29.1_P13",17,0,0,31.14,29.1,29.1,17,0
"IGK","3'V-REGION","B29.1_P13",18,0,0,31.14,29.1,29.1,18,0
"IGK","3'V-REGION","B29.1_P13",19,1,0.367647058823529,31.14,29.1,29.1,19,0.367647058823529
"IGK","3'V-REGION","B29.1_P13",20,9,3.30882352941176,31.14,29.1,29.1,20,3.30882352941176
"IGK","3'V-REGION","B29.1_P13",21,7,2.57352941176471,31.14,29.1,29.1,21,2.57352941176471
"IGK","3'V-REGION","B29.1_P13",22,18,6.61764705882353,31.14,29.1,29.1,22,6.61764705882353
"IGK","3'V-REGION","B29.1_P13",23,138,50.7352941176471,31.14,29.1,29.1,23,50.7352941176471
"IGK","3'V-REGION","B29.1_P13",24,7,2.57352941176471,31.14,29.1,29.1,24,2.57352941176471
"IGK","3'V-REGION","B29.1_P13",25,43,15.8088235294118,31.14,29.1,29.1,25,15.8088235294118
"IGK","3'V-REGION","B29.1_P13",26,49,18.0147058823529,31.14,29.1,29.1,26,18.0147058823529
"IGK","3'V-REGION","B31.3_P15",0,0,0,33.29,31.3,31.3,0,0
"IGK","3'V-REGION","B31.3_P15",8,0,0,33.29,31.3,31.3,8,0
"IGK","3'V-REGION","B31.3_P15",9,0,0,33.29,31.3,31.3,9,0
"IGK","3'V-REGION","B31.3_P15",10,0,0,33.29,31.3,31.3,10,0
"IGK","3'V-REGION","B31.3_P15",11,0,0,33.29,31.3,31.3,11,0
"IGK","3'V-REGION","B31.3_P15",12,1,0.117785630153121,33.29,31.3,31.3,12,0.117785630153121
"IGK","3'V-REGION","B31.3_P15",13,0,0,33.29,31.3,31.3,13,0
"IGK","3'V-REGION","B31.3_P15",14,0,0,33.29,31.3,31.3,14,0
"IGK","3'V-REGION","B31.3_P15",15,0,0,33.29,31.3,31.3,15,0
"IGK","3'V-REGION","B31.3_P15",16,1,0.117785630153121,33.29,31.3,31.3,16,0.117785630153121
"IGK","3'V-REGION","B31.3_P15",17,3,0.353356890459364,33.29,31.3,31.3,17,0.353356890459364
"IGK","3'V-REGION","B31.3_P15",18,0,0,33.29,31.3,31.3,18,0
"IGK","3'V-REGION","B31.3_P15",19,3,0.353356890459364,33.29,31.3,31.3,19,0.353356890459364
"IGK","3'V-REGION","B31.3_P15",20,9,1.06007067137809,33.29,31.3,31.3,20,1.06007067137809
"IGK","3'V-REGION","B31.3_P15",21,39,4.59363957597173,33.29,31.3,31.3,21,4.59363957597173
"IGK","3'V-REGION","B31.3_P15",22,55,6.47820965842167,33.29,31.3,31.3,22,6.47820965842167
"IGK","3'V-REGION","B31.3_P15",23,418,49.2343934040047,33.29,31.3,31.3,23,49.2343934040047
"IGK","3'V-REGION","B31.3_P15",24,33,3.886925795053,33.29,31.3,31.3,24,3.886925795053
"IGK","3'V-REGION","B31.3_P15",25,127,14.9587750294464,33.29,31.3,31.3,25,14.9587750294464
"IGK","3'V-REGION","B31.3_P15",26,160,18.8457008244994,33.29,31.3,31.3,26,18.8457008244994
"IGK","3'V-REGION","B32.4_P16",0,0,0,34.43,32.4,32.4,0,0
"IGK","3'V-REGION","B32.4_P16",8,0,0,34.43,32.4,32.4,8,0
"IGK","3'V-REGION","B32.4_P16",9,1,0.160771704180064,34.43,32.4,32.4,9,0.160771704180064
"IGK","3'V-REGION","B32.4_P16",10,0,0,34.43,32.4,32.4,10,0
"IGK","3'V-REGION","B32.4_P16",11,0,0,34.43,32.4,32.4,11,0
"IGK","3'V-REGION","B32.4_P16",12,0,0,34.43,32.4,32.4,12,0
"IGK","3'V-REGION","B32.4_P16",13,0,0,34.43,32.4,32.4,13,0
"IGK","3'V-REGION","B32.4_P16",14,0,0,34.43,32.4,32.4,14,0
"IGK","3'V-REGION","B32.4_P16",15,0,0,34.43,32.4,32.4,15,0
"IGK","3'V-REGION","B32.4_P16",16,0,0,34.43,32.4,32.4,16,0
"IGK","3'V-REGION","B32.4_P16",17,0,0,34.43,32.4,32.4,17,0
"IGK","3'V-REGION","B32.4_P16",18,1,0.160771704180064,34.43,32.4,32.4,18,0.160771704180064
"IGK","3'V-REGION","B32.4_P16",19,3,0.482315112540193,34.43,32.4,32.4,19,0.482315112540193
"IGK","3'V-REGION","B32.4_P16",20,8,1.28617363344051,34.43,32.4,32.4,20,1.28617363344051
"IGK","3'V-REGION","B32.4_P16",21,30,4.82315112540193,34.43,32.4,32.4,21,4.82315112540193
"IGK","3'V-REGION","B32.4_P16",22,45,7.23472668810289,34.43,32.4,32.4,22,7.23472668810289
"IGK","3'V-REGION","B32.4_P16",23,277,44.5337620578778,34.43,32.4,32.4,23,44.5337620578778
"IGK","3'V-REGION","B32.4_P16",24,29,4.66237942122186,34.43,32.4,32.4,24,4.66237942122186
"IGK","3'V-REGION","B32.4_P16",25,98,15.7556270096463,34.43,32.4,32.4,25,15.7556270096463
"IGK","3'V-REGION","B32.4_P16",26,130,20.9003215434084,34.43,32.4,32.4,26,20.9003215434084
"IGK","3'V-REGION","B33.3_P17",0,0,0,35.29,33.3,33.3,0,0
"IGK","3'V-REGION","B33.3_P17",8,0,0,35.29,33.3,33.3,8,0
"IGK","3'V-REGION","B33.3_P17",9,0,0,35.29,33.3,33.3,9,0
"IGK","3'V-REGION","B33.3_P17",10,0,0,35.29,33.3,33.3,10,0
"IGK","3'V-REGION","B33.3_P17",11,0,0,35.29,33.3,33.3,11,0
"IGK","3'V-REGION","B33.3_P17",12,0,0,35.29,33.3,33.3,12,0
"IGK","3'V-REGION","B33.3_P17",13,0,0,35.29,33.3,33.3,13,0
"IGK","3'V-REGION","B33.3_P17",14,0,0,35.29,33.3,33.3,14,0
"IGK","3'V-REGION","B33.3_P17",15,0,0,35.29,33.3,33.3,15,0
"IGK","3'V-REGION","B33.3_P17",16,0,0,35.29,33.3,33.3,16,0
"IGK","3'V-REGION","B33.3_P17",17,0,0,35.29,33.3,33.3,17,0
"IGK","3'V-REGION","B33.3_P17",18,4,0.831600831600832,35.29,33.3,33.3,18,0.831600831600832
"IGK","3'V-REGION","B33.3_P17",19,0,0,35.29,33.3,33.3,19,0
"IGK","3'V-REGION","B33.3_P17",20,2,0.415800415800416,35.29,33.3,33.3,20,0.415800415800416
"IGK","3'V-REGION","B33.3_P17",21,13,2.7027027027027,35.29,33.3,33.3,21,2.7027027027027
"IGK","3'V-REGION","B33.3_P17",22,28,5.82120582120582,35.29,33.3,33.3,22,5.82120582120582
"IGK","3'V-REGION","B33.3_P17",23,246,51.1434511434511,35.29,33.3,33.3,23,51.1434511434511
"IGK","3'V-REGION","B33.3_P17",24,18,3.74220374220374,35.29,33.3,33.3,24,3.74220374220374
"IGK","3'V-REGION","B33.3_P17",25,83,17.2557172557173,35.29,33.3,33.3,25,17.2557172557173
"IGK","3'V-REGION","B33.3_P17",26,87,18.0873180873181,35.29,33.3,33.3,26,18.0873180873181
"IGK","3'V-REGION","B34.1_P18",0,2,0.243605359317905,36.14,34.1,34.1,0,0.243605359317905
"IGK","3'V-REGION","B34.1_P18",8,0,0,36.14,34.1,34.1,8,0
"IGK","3'V-REGION","B34.1_P18",9,0,0,36.14,34.1,34.1,9,0
"IGK","3'V-REGION","B34.1_P18",10,0,0,36.14,34.1,34.1,10,0
"IGK","3'V-REGION","B34.1_P18",11,1,0.121802679658952,36.14,34.1,34.1,11,0.121802679658952
"IGK","3'V-REGION","B34.1_P18",12,0,0,36.14,34.1,34.1,12,0
"IGK","3'V-REGION","B34.1_P18",13,0,0,36.14,34.1,34.1,13,0
"IGK","3'V-REGION","B34.1_P18",14,0,0,36.14,34.1,34.1,14,0
"IGK","3'V-REGION","B34.1_P18",15,1,0.121802679658952,36.14,34.1,34.1,15,0.121802679658952
"IGK","3'V-REGION","B34.1_P18",16,0,0,36.14,34.1,34.1,16,0
"IGK","3'V-REGION","B34.1_P18",17,2,0.243605359317905,36.14,34.1,34.1,17,0.243605359317905
"IGK","3'V-REGION","B34.1_P18",18,4,0.48721071863581,36.14,34.1,34.1,18,0.48721071863581
"IGK","3'V-REGION","B34.1_P18",19,5,0.609013398294762,36.14,34.1,34.1,19,0.609013398294762
"IGK","3'V-REGION","B34.1_P18",20,21,2.557856272838,36.14,34.1,34.1,20,2.557856272838
"IGK","3'V-REGION","B34.1_P18",21,39,4.75030450669915,36.14,34.1,34.1,21,4.75030450669915
"IGK","3'V-REGION","B34.1_P18",22,62,7.55176613885506,36.14,34.1,34.1,22,7.55176613885506
"IGK","3'V-REGION","B34.1_P18",23,384,46.7722289890378,36.14,34.1,34.1,23,46.7722289890378
"IGK","3'V-REGION","B34.1_P18",24,35,4.26309378806334,36.14,34.1,34.1,24,4.26309378806334
"IGK","3'V-REGION","B34.1_P18",25,134,16.3215590742996,36.14,34.1,34.1,25,16.3215590742996
"IGK","3'V-REGION","B34.1_P18",26,131,15.9561510353228,36.14,34.1,34.1,26,15.9561510353228
"IGK","3'V-REGION","B36.1_P19",0,0,0,38.14,36.1,36.1,0,0
"IGK","3'V-REGION","B36.1_P19",8,0,0,38.14,36.1,36.1,8,0
"IGK","3'V-REGION","B36.1_P19",9,0,0,38.14,36.1,36.1,9,0
"IGK","3'V-REGION","B36.1_P19",10,0,0,38.14,36.1,36.1,10,0
"IGK","3'V-REGION","B36.1_P19",11,0,0,38.14,36.1,36.1,11,0
"IGK","3'V-REGION","B36.1_P19",12,0,0,38.14,36.1,36.1,12,0
"IGK","3'V-REGION","B36.1_P19",13,0,0,38.14,36.1,36.1,13,0
"IGK","3'V-REGION","B36.1_P19",14,0,0,38.14,36.1,36.1,14,0
"IGK","3'V-REGION","B36.1_P19",15,0,0,38.14,36.1,36.1,15,0
"IGK","3'V-REGION","B36.1_P19",16,0,0,38.14,36.1,36.1,16,0
"IGK","3'V-REGION","B36.1_P19",17,0,0,38.14,36.1,36.1,17,0
"IGK","3'V-REGION","B36.1_P19",18,2,0.65359477124183,38.14,36.1,36.1,18,0.65359477124183
"IGK","3'V-REGION","B36.1_P19",19,1,0.326797385620915,38.14,36.1,36.1,19,0.326797385620915
"IGK","3'V-REGION","B36.1_P19",20,7,2.28758169934641,38.14,36.1,36.1,20,2.28758169934641
"IGK","3'V-REGION","B36.1_P19",21,10,3.26797385620915,38.14,36.1,36.1,21,3.26797385620915
"IGK","3'V-REGION","B36.1_P19",22,18,5.88235294117647,38.14,36.1,36.1,22,5.88235294117647
"IGK","3'V-REGION","B36.1_P19",23,144,47.0588235294118,38.14,36.1,36.1,23,47.0588235294118
"IGK","3'V-REGION","B36.1_P19",24,16,5.22875816993464,38.14,36.1,36.1,24,5.22875816993464
"IGK","3'V-REGION","B36.1_P19",25,58,18.9542483660131,38.14,36.1,36.1,25,18.9542483660131
"IGK","3'V-REGION","B36.1_P19",26,50,16.3398692810458,38.14,36.1,36.1,26,16.3398692810458
"IGK","3'V-REGION","B37.9_P20",0,0,0,39.86,37.9,37.9,0,0
"IGK","3'V-REGION","B37.9_P20",8,1,0.26246719160105,39.86,37.9,37.9,8,0.26246719160105
"IGK","3'V-REGION","B37.9_P20",9,0,0,39.86,37.9,37.9,9,0
"IGK","3'V-REGION","B37.9_P20",10,1,0.26246719160105,39.86,37.9,37.9,10,0.26246719160105
"IGK","3'V-REGION","B37.9_P20",11,1,0.26246719160105,39.86,37.9,37.9,11,0.26246719160105
"IGK","3'V-REGION","B37.9_P20",12,0,0,39.86,37.9,37.9,12,0
"IGK","3'V-REGION","B37.9_P20",13,0,0,39.86,37.9,37.9,13,0
"IGK","3'V-REGION","B37.9_P20",14,1,0.26246719160105,39.86,37.9,37.9,14,0.26246719160105
"IGK","3'V-REGION","B37.9_P20",15,0,0,39.86,37.9,37.9,15,0
"IGK","3'V-REGION","B37.9_P20",16,1,0.26246719160105,39.86,37.9,37.9,16,0.26246719160105
"IGK","3'V-REGION","B37.9_P20",17,1,0.26246719160105,39.86,37.9,37.9,17,0.26246719160105
"IGK","3'V-REGION","B37.9_P20",18,1,0.26246719160105,39.86,37.9,37.9,18,0.26246719160105
"IGK","3'V-REGION","B37.9_P20",19,3,0.78740157480315,39.86,37.9,37.9,19,0.78740157480315
"IGK","3'V-REGION","B37.9_P20",20,10,2.6246719160105,39.86,37.9,37.9,20,2.6246719160105
"IGK","3'V-REGION","B37.9_P20",21,15,3.93700787401575,39.86,37.9,37.9,21,3.93700787401575
"IGK","3'V-REGION","B37.9_P20",22,32,8.3989501312336,39.86,37.9,37.9,22,8.3989501312336
"IGK","3'V-REGION","B37.9_P20",23,170,44.6194225721785,39.86,37.9,37.9,23,44.6194225721785
"IGK","3'V-REGION","B37.9_P20",24,13,3.41207349081365,39.86,37.9,37.9,24,3.41207349081365
"IGK","3'V-REGION","B37.9_P20",25,66,17.3228346456693,39.86,37.9,37.9,25,17.3228346456693
"IGK","3'V-REGION","B37.9_P20",26,65,17.0603674540682,39.86,37.9,37.9,26,17.0603674540682
"IGK","3'V-REGION","B38.1_P21",0,0,0,40.14,38.1,38.1,0,0
"IGK","3'V-REGION","B38.1_P21",8,0,0,40.14,38.1,38.1,8,0
"IGK","3'V-REGION","B38.1_P21",9,0,0,40.14,38.1,38.1,9,0
"IGK","3'V-REGION","B38.1_P21",10,1,0.233100233100233,40.14,38.1,38.1,10,0.233100233100233
"IGK","3'V-REGION","B38.1_P21",11,0,0,40.14,38.1,38.1,11,0
"IGK","3'V-REGION","B38.1_P21",12,0,0,40.14,38.1,38.1,12,0
"IGK","3'V-REGION","B38.1_P21",13,1,0.233100233100233,40.14,38.1,38.1,13,0.233100233100233
"IGK","3'V-REGION","B38.1_P21",14,0,0,40.14,38.1,38.1,14,0
"IGK","3'V-REGION","B38.1_P21",15,0,0,40.14,38.1,38.1,15,0
"IGK","3'V-REGION","B38.1_P21",16,0,0,40.14,38.1,38.1,16,0
"IGK","3'V-REGION","B38.1_P21",17,1,0.233100233100233,40.14,38.1,38.1,17,0.233100233100233
"IGK","3'V-REGION","B38.1_P21",18,1,0.233100233100233,40.14,38.1,38.1,18,0.233100233100233
"IGK","3'V-REGION","B38.1_P21",19,4,0.932400932400932,40.14,38.1,38.1,19,0.932400932400932
"IGK","3'V-REGION","B38.1_P21",20,6,1.3986013986014,40.14,38.1,38.1,20,1.3986013986014
"IGK","3'V-REGION","B38.1_P21",21,15,3.4965034965035,40.14,38.1,38.1,21,3.4965034965035
"IGK","3'V-REGION","B38.1_P21",22,24,5.59440559440559,40.14,38.1,38.1,22,5.59440559440559
"IGK","3'V-REGION","B38.1_P21",23,201,46.8531468531469,40.14,38.1,38.1,23,46.8531468531469
"IGK","3'V-REGION","B38.1_P21",24,20,4.66200466200466,40.14,38.1,38.1,24,4.66200466200466
"IGK","3'V-REGION","B38.1_P21",25,70,16.3170163170163,40.14,38.1,38.1,25,16.3170163170163
"IGK","3'V-REGION","B38.1_P21",26,85,19.8135198135198,40.14,38.1,38.1,26,19.8135198135198
"IGK","3'V-REGION","B39.1_P22",0,0,0,41.14,39.1,39.1,0,0
"IGK","3'V-REGION","B39.1_P22",8,0,0,41.14,39.1,39.1,8,0
"IGK","3'V-REGION","B39.1_P22",9,0,0,41.14,39.1,39.1,9,0
"IGK","3'V-REGION","B39.1_P22",10,0,0,41.14,39.1,39.1,10,0
"IGK","3'V-REGION","B39.1_P22",11,0,0,41.14,39.1,39.1,11,0
"IGK","3'V-REGION","B39.1_P22",12,0,0,41.14,39.1,39.1,12,0
"IGK","3'V-REGION","B39.1_P22",13,1,0.213219616204691,41.14,39.1,39.1,13,0.213219616204691
"IGK","3'V-REGION","B39.1_P22",14,0,0,41.14,39.1,39.1,14,0
"IGK","3'V-REGION","B39.1_P22",15,0,0,41.14,39.1,39.1,15,0
"IGK","3'V-REGION","B39.1_P22",16,0,0,41.14,39.1,39.1,16,0
"IGK","3'V-REGION","B39.1_P22",17,1,0.213219616204691,41.14,39.1,39.1,17,0.213219616204691
"IGK","3'V-REGION","B39.1_P22",18,2,0.426439232409382,41.14,39.1,39.1,18,0.426439232409382
"IGK","3'V-REGION","B39.1_P22",19,0,0,41.14,39.1,39.1,19,0
"IGK","3'V-REGION","B39.1_P22",20,8,1.70575692963753,41.14,39.1,39.1,20,1.70575692963753
"IGK","3'V-REGION","B39.1_P22",21,16,3.41151385927505,41.14,39.1,39.1,21,3.41151385927505
"IGK","3'V-REGION","B39.1_P22",22,26,5.54371002132196,41.14,39.1,39.1,22,5.54371002132196
"IGK","3'V-REGION","B39.1_P22",23,238,50.7462686567164,41.14,39.1,39.1,23,50.7462686567164
"IGK","3'V-REGION","B39.1_P22",24,18,3.83795309168444,41.14,39.1,39.1,24,3.83795309168444
"IGK","3'V-REGION","B39.1_P22",25,86,18.3368869936034,41.14,39.1,39.1,25,18.3368869936034
"IGK","3'V-REGION","B39.1_P22",26,73,15.5650319829424,41.14,39.1,39.1,26,15.5650319829424
"IGK","N-REGION","B11.6_P24",0,457,80.4577464788732,13.57,11.6,11.6,0,80.4577464788732
"IGK","N-REGION","B11.6_P24",1,38,6.69014084507042,13.57,11.6,11.6,1,6.69014084507042
"IGK","N-REGION","B11.6_P24",2,34,5.98591549295775,13.57,11.6,11.6,2,5.98591549295775
"IGK","N-REGION","B11.6_P24",3,12,2.11267605633803,13.57,11.6,11.6,3,2.11267605633803
"IGK","N-REGION","B11.6_P24",4,10,1.76056338028169,13.57,11.6,11.6,4,1.76056338028169
"IGK","N-REGION","B11.6_P24",5,2,0.352112676056338,13.57,11.6,11.6,5,0.352112676056338
"IGK","N-REGION","B11.6_P24",6,4,0.704225352112676,13.57,11.6,11.6,6,0.704225352112676
"IGK","N-REGION","B11.6_P24",7,3,0.528169014084507,13.57,11.6,11.6,7,0.528169014084507
"IGK","N-REGION","B11.6_P24",8,5,0.880281690140845,13.57,11.6,11.6,8,0.880281690140845
"IGK","N-REGION","B11.6_P24",9,1,0.176056338028169,13.57,11.6,11.6,9,0.176056338028169
"IGK","N-REGION","B11.6_P24",10,0,0,13.57,11.6,11.6,10,0
"IGK","N-REGION","B11.6_P24",11,0,0,13.57,11.6,11.6,11,0
"IGK","N-REGION","B11.6_P24",12,0,0,13.57,11.6,11.6,12,0
"IGK","N-REGION","B11.6_P24",13,0,0,13.57,11.6,11.6,13,0
"IGK","N-REGION","B11.6_P24",14,0,0,13.57,11.6,11.6,14,0
"IGK","N-REGION","B11.6_P24",15,0,0,13.57,11.6,11.6,15,0
"IGK","N-REGION","B11.6_P24",16,2,0.352112676056338,13.57,11.6,11.6,16,0.352112676056338
"IGK","N-REGION","B11.6_P24",17,0,0,13.57,11.6,11.6,17,0
"IGK","N-REGION","B11.6_P24",19,0,0,13.57,11.6,11.6,19,0
"IGK","N-REGION","B11.6_P24",23,0,0,13.57,11.6,11.6,23,0
"IGK","N-REGION","B11.6_P24",33,0,0,13.57,11.6,11.6,33,0
"IGK","N-REGION","B17.4_P3",0,42,79.2452830188679,19.43,17.4,17.4,0,79.2452830188679
"IGK","N-REGION","B17.4_P3",1,4,7.54716981132075,19.43,17.4,17.4,1,7.54716981132075
"IGK","N-REGION","B17.4_P3",2,4,7.54716981132075,19.43,17.4,17.4,2,7.54716981132075
"IGK","N-REGION","B17.4_P3",3,2,3.77358490566038,19.43,17.4,17.4,3,3.77358490566038
"IGK","N-REGION","B17.4_P3",4,0,0,19.43,17.4,17.4,4,0
"IGK","N-REGION","B17.4_P3",5,0,0,19.43,17.4,17.4,5,0
"IGK","N-REGION","B17.4_P3",6,0,0,19.43,17.4,17.4,6,0
"IGK","N-REGION","B17.4_P3",7,0,0,19.43,17.4,17.4,7,0
"IGK","N-REGION","B17.4_P3",8,0,0,19.43,17.4,17.4,8,0
"IGK","N-REGION","B17.4_P3",9,0,0,19.43,17.4,17.4,9,0
"IGK","N-REGION","B17.4_P3",10,0,0,19.43,17.4,17.4,10,0
"IGK","N-REGION","B17.4_P3",11,0,0,19.43,17.4,17.4,11,0
"IGK","N-REGION","B17.4_P3",12,0,0,19.43,17.4,17.4,12,0
"IGK","N-REGION","B17.4_P3",13,0,0,19.43,17.4,17.4,13,0
"IGK","N-REGION","B17.4_P3",14,0,0,19.43,17.4,17.4,14,0
"IGK","N-REGION","B17.4_P3",15,1,1.88679245283019,19.43,17.4,17.4,15,1.88679245283019
"IGK","N-REGION","B17.4_P3",16,0,0,19.43,17.4,17.4,16,0
"IGK","N-REGION","B17.4_P3",17,0,0,19.43,17.4,17.4,17,0
"IGK","N-REGION","B17.4_P3",19,0,0,19.43,17.4,17.4,19,0
"IGK","N-REGION","B17.4_P3",23,0,0,19.43,17.4,17.4,23,0
"IGK","N-REGION","B17.4_P3",33,0,0,19.43,17.4,17.4,33,0
"IGK","N-REGION","B18.0_P4",0,456,78.0821917808219,20,18,18,0,78.0821917808219
"IGK","N-REGION","B18.0_P4",1,52,8.9041095890411,20,18,18,1,8.9041095890411
"IGK","N-REGION","B18.0_P4",2,34,5.82191780821918,20,18,18,2,5.82191780821918
"IGK","N-REGION","B18.0_P4",3,10,1.71232876712329,20,18,18,3,1.71232876712329
"IGK","N-REGION","B18.0_P4",4,14,2.3972602739726,20,18,18,4,2.3972602739726
"IGK","N-REGION","B18.0_P4",5,1,0.171232876712329,20,18,18,5,0.171232876712329
"IGK","N-REGION","B18.0_P4",6,3,0.513698630136986,20,18,18,6,0.513698630136986
"IGK","N-REGION","B18.0_P4",7,4,0.684931506849315,20,18,18,7,0.684931506849315
"IGK","N-REGION","B18.0_P4",8,3,0.513698630136986,20,18,18,8,0.513698630136986
"IGK","N-REGION","B18.0_P4",9,0,0,20,18,18,9,0
"IGK","N-REGION","B18.0_P4",10,1,0.171232876712329,20,18,18,10,0.171232876712329
"IGK","N-REGION","B18.0_P4",11,2,0.342465753424658,20,18,18,11,0.342465753424658
"IGK","N-REGION","B18.0_P4",12,0,0,20,18,18,12,0
"IGK","N-REGION","B18.0_P4",13,0,0,20,18,18,13,0
"IGK","N-REGION","B18.0_P4",14,0,0,20,18,18,14,0
"IGK","N-REGION","B18.0_P4",15,1,0.171232876712329,20,18,18,15,0.171232876712329
"IGK","N-REGION","B18.0_P4",16,1,0.171232876712329,20,18,18,16,0.171232876712329
"IGK","N-REGION","B18.0_P4",17,1,0.171232876712329,20,18,18,17,0.171232876712329
"IGK","N-REGION","B18.0_P4",19,1,0.171232876712329,20,18,18,19,0.171232876712329
"IGK","N-REGION","B18.0_P4",23,0,0,20,18,18,23,0
"IGK","N-REGION","B18.0_P4",33,0,0,20,18,18,33,0
"IGK","N-REGION","B18.6_P5",0,868,78.4101174345077,20.57,18.6,18.6,0,78.4101174345077
"IGK","N-REGION","B18.6_P5",1,100,9.03342366757001,20.57,18.6,18.6,1,9.03342366757001
"IGK","N-REGION","B18.6_P5",2,76,6.86540198735321,20.57,18.6,18.6,2,6.86540198735321
"IGK","N-REGION","B18.6_P5",3,20,1.806684733514,20.57,18.6,18.6,3,1.806684733514
"IGK","N-REGION","B18.6_P5",4,20,1.806684733514,20.57,18.6,18.6,4,1.806684733514
"IGK","N-REGION","B18.6_P5",5,7,0.632339656729901,20.57,18.6,18.6,5,0.632339656729901
"IGK","N-REGION","B18.6_P5",6,3,0.2710027100271,20.57,18.6,18.6,6,0.2710027100271
"IGK","N-REGION","B18.6_P5",7,3,0.2710027100271,20.57,18.6,18.6,7,0.2710027100271
"IGK","N-REGION","B18.6_P5",8,4,0.3613369467028,20.57,18.6,18.6,8,0.3613369467028
"IGK","N-REGION","B18.6_P5",9,2,0.1806684733514,20.57,18.6,18.6,9,0.1806684733514
"IGK","N-REGION","B18.6_P5",10,2,0.1806684733514,20.57,18.6,18.6,10,0.1806684733514
"IGK","N-REGION","B18.6_P5",11,2,0.1806684733514,20.57,18.6,18.6,11,0.1806684733514
"IGK","N-REGION","B18.6_P5",12,0,0,20.57,18.6,18.6,12,0
"IGK","N-REGION","B18.6_P5",13,0,0,20.57,18.6,18.6,13,0
"IGK","N-REGION","B18.6_P5",14,0,0,20.57,18.6,18.6,14,0
"IGK","N-REGION","B18.6_P5",15,0,0,20.57,18.6,18.6,15,0
"IGK","N-REGION","B18.6_P5",16,0,0,20.57,18.6,18.6,16,0
"IGK","N-REGION","B18.6_P5",17,0,0,20.57,18.6,18.6,17,0
"IGK","N-REGION","B18.6_P5",19,0,0,20.57,18.6,18.6,19,0
"IGK","N-REGION","B18.6_P5",23,0,0,20.57,18.6,18.6,23,0
"IGK","N-REGION","B18.6_P5",33,0,0,20.57,18.6,18.6,33,0
"IGK","N-REGION","B20.9_P7",0,417,83.7349397590361,22.86,20.9,20.9,0,83.7349397590361
"IGK","N-REGION","B20.9_P7",1,37,7.42971887550201,22.86,20.9,20.9,1,7.42971887550201
"IGK","N-REGION","B20.9_P7",2,12,2.40963855421687,22.86,20.9,20.9,2,2.40963855421687
"IGK","N-REGION","B20.9_P7",3,12,2.40963855421687,22.86,20.9,20.9,3,2.40963855421687
"IGK","N-REGION","B20.9_P7",4,3,0.602409638554217,22.86,20.9,20.9,4,0.602409638554217
"IGK","N-REGION","B20.9_P7",5,5,1.00401606425703,22.86,20.9,20.9,5,1.00401606425703
"IGK","N-REGION","B20.9_P7",6,6,1.20481927710843,22.86,20.9,20.9,6,1.20481927710843
"IGK","N-REGION","B20.9_P7",7,2,0.401606425702811,22.86,20.9,20.9,7,0.401606425702811
"IGK","N-REGION","B20.9_P7",8,1,0.200803212851406,22.86,20.9,20.9,8,0.200803212851406
"IGK","N-REGION","B20.9_P7",9,1,0.200803212851406,22.86,20.9,20.9,9,0.200803212851406
"IGK","N-REGION","B20.9_P7",10,1,0.200803212851406,22.86,20.9,20.9,10,0.200803212851406
"IGK","N-REGION","B20.9_P7",11,0,0,22.86,20.9,20.9,11,0
"IGK","N-REGION","B20.9_P7",12,1,0.200803212851406,22.86,20.9,20.9,12,0.200803212851406
"IGK","N-REGION","B20.9_P7",13,0,0,22.86,20.9,20.9,13,0
"IGK","N-REGION","B20.9_P7",14,0,0,22.86,20.9,20.9,14,0
"IGK","N-REGION","B20.9_P7",15,0,0,22.86,20.9,20.9,15,0
"IGK","N-REGION","B20.9_P7",16,0,0,22.86,20.9,20.9,16,0
"IGK","N-REGION","B20.9_P7",17,0,0,22.86,20.9,20.9,17,0
"IGK","N-REGION","B20.9_P7",19,0,0,22.86,20.9,20.9,19,0
"IGK","N-REGION","B20.9_P7",23,0,0,22.86,20.9,20.9,23,0
"IGK","N-REGION","B20.9_P7",33,0,0,22.86,20.9,20.9,33,0
"IGK","N-REGION","B21.7_P8",0,312,81.8897637795276,23.71,21.7,21.7,0,81.8897637795276
"IGK","N-REGION","B21.7_P8",1,16,4.1994750656168,23.71,21.7,21.7,1,4.1994750656168
"IGK","N-REGION","B21.7_P8",2,33,8.66141732283465,23.71,21.7,21.7,2,8.66141732283465
"IGK","N-REGION","B21.7_P8",3,5,1.31233595800525,23.71,21.7,21.7,3,1.31233595800525
"IGK","N-REGION","B21.7_P8",4,4,1.0498687664042,23.71,21.7,21.7,4,1.0498687664042
"IGK","N-REGION","B21.7_P8",5,2,0.5249343832021,23.71,21.7,21.7,5,0.5249343832021
"IGK","N-REGION","B21.7_P8",6,2,0.5249343832021,23.71,21.7,21.7,6,0.5249343832021
"IGK","N-REGION","B21.7_P8",7,2,0.5249343832021,23.71,21.7,21.7,7,0.5249343832021
"IGK","N-REGION","B21.7_P8",8,3,0.78740157480315,23.71,21.7,21.7,8,0.78740157480315
"IGK","N-REGION","B21.7_P8",9,0,0,23.71,21.7,21.7,9,0
"IGK","N-REGION","B21.7_P8",10,0,0,23.71,21.7,21.7,10,0
"IGK","N-REGION","B21.7_P8",11,0,0,23.71,21.7,21.7,11,0
"IGK","N-REGION","B21.7_P8",12,0,0,23.71,21.7,21.7,12,0
"IGK","N-REGION","B21.7_P8",13,0,0,23.71,21.7,21.7,13,0
"IGK","N-REGION","B21.7_P8",14,0,0,23.71,21.7,21.7,14,0
"IGK","N-REGION","B21.7_P8",15,0,0,23.71,21.7,21.7,15,0
"IGK","N-REGION","B21.7_P8",16,1,0.26246719160105,23.71,21.7,21.7,16,0.26246719160105
"IGK","N-REGION","B21.7_P8",17,0,0,23.71,21.7,21.7,17,0
"IGK","N-REGION","B21.7_P8",19,0,0,23.71,21.7,21.7,19,0
"IGK","N-REGION","B21.7_P8",23,0,0,23.71,21.7,21.7,23,0
"IGK","N-REGION","B21.7_P8",33,1,0.26246719160105,23.71,21.7,21.7,33,0.26246719160105
"IGK","N-REGION","B22.4_P23",0,535,81.0606060606061,24.43,22.4,22.4,0,81.0606060606061
"IGK","N-REGION","B22.4_P23",1,42,6.36363636363636,24.43,22.4,22.4,1,6.36363636363636
"IGK","N-REGION","B22.4_P23",2,49,7.42424242424242,24.43,22.4,22.4,2,7.42424242424242
"IGK","N-REGION","B22.4_P23",3,14,2.12121212121212,24.43,22.4,22.4,3,2.12121212121212
"IGK","N-REGION","B22.4_P23",4,5,0.757575757575758,24.43,22.4,22.4,4,0.757575757575758
"IGK","N-REGION","B22.4_P23",5,5,0.757575757575758,24.43,22.4,22.4,5,0.757575757575758
"IGK","N-REGION","B22.4_P23",6,3,0.454545454545455,24.43,22.4,22.4,6,0.454545454545455
"IGK","N-REGION","B22.4_P23",7,3,0.454545454545455,24.43,22.4,22.4,7,0.454545454545455
"IGK","N-REGION","B22.4_P23",8,1,0.151515151515152,24.43,22.4,22.4,8,0.151515151515152
"IGK","N-REGION","B22.4_P23",9,2,0.303030303030303,24.43,22.4,22.4,9,0.303030303030303
"IGK","N-REGION","B22.4_P23",10,0,0,24.43,22.4,22.4,10,0
"IGK","N-REGION","B22.4_P23",11,0,0,24.43,22.4,22.4,11,0
"IGK","N-REGION","B22.4_P23",12,0,0,24.43,22.4,22.4,12,0
"IGK","N-REGION","B22.4_P23",13,0,0,24.43,22.4,22.4,13,0
"IGK","N-REGION","B22.4_P23",14,0,0,24.43,22.4,22.4,14,0
"IGK","N-REGION","B22.4_P23",15,0,0,24.43,22.4,22.4,15,0
"IGK","N-REGION","B22.4_P23",16,1,0.151515151515152,24.43,22.4,22.4,16,0.151515151515152
"IGK","N-REGION","B22.4_P23",17,0,0,24.43,22.4,22.4,17,0
"IGK","N-REGION","B22.4_P23",19,0,0,24.43,22.4,22.4,19,0
"IGK","N-REGION","B22.4_P23",23,0,0,24.43,22.4,22.4,23,0
"IGK","N-REGION","B22.4_P23",33,0,0,24.43,22.4,22.4,33,0
"IGK","N-REGION","B22.4_P9",0,189,81.4655172413793,24.43,22.4,22.4,0,81.4655172413793
"IGK","N-REGION","B22.4_P9",1,9,3.87931034482759,24.43,22.4,22.4,1,3.87931034482759
"IGK","N-REGION","B22.4_P9",2,13,5.60344827586207,24.43,22.4,22.4,2,5.60344827586207
"IGK","N-REGION","B22.4_P9",3,11,4.74137931034483,24.43,22.4,22.4,3,4.74137931034483
"IGK","N-REGION","B22.4_P9",4,4,1.72413793103448,24.43,22.4,22.4,4,1.72413793103448
"IGK","N-REGION","B22.4_P9",5,1,0.431034482758621,24.43,22.4,22.4,5,0.431034482758621
"IGK","N-REGION","B22.4_P9",6,0,0,24.43,22.4,22.4,6,0
"IGK","N-REGION","B22.4_P9",7,1,0.431034482758621,24.43,22.4,22.4,7,0.431034482758621
"IGK","N-REGION","B22.4_P9",8,0,0,24.43,22.4,22.4,8,0
"IGK","N-REGION","B22.4_P9",9,0,0,24.43,22.4,22.4,9,0
"IGK","N-REGION","B22.4_P9",10,1,0.431034482758621,24.43,22.4,22.4,10,0.431034482758621
"IGK","N-REGION","B22.4_P9",11,1,0.431034482758621,24.43,22.4,22.4,11,0.431034482758621
"IGK","N-REGION","B22.4_P9",12,0,0,24.43,22.4,22.4,12,0
"IGK","N-REGION","B22.4_P9",13,1,0.431034482758621,24.43,22.4,22.4,13,0.431034482758621
"IGK","N-REGION","B22.4_P9",14,0,0,24.43,22.4,22.4,14,0
"IGK","N-REGION","B22.4_P9",15,1,0.431034482758621,24.43,22.4,22.4,15,0.431034482758621
"IGK","N-REGION","B22.4_P9",16,0,0,24.43,22.4,22.4,16,0
"IGK","N-REGION","B22.4_P9",17,0,0,24.43,22.4,22.4,17,0
"IGK","N-REGION","B22.4_P9",19,0,0,24.43,22.4,22.4,19,0
"IGK","N-REGION","B22.4_P9",23,0,0,24.43,22.4,22.4,23,0
"IGK","N-REGION","B22.4_P9",33,0,0,24.43,22.4,22.4,33,0
"IGK","N-REGION","B23.4_P10",0,475,76.4895330112721,25.43,23.4,23.4,0,76.4895330112721
"IGK","N-REGION","B23.4_P10",1,45,7.2463768115942,25.43,23.4,23.4,1,7.2463768115942
"IGK","N-REGION","B23.4_P10",2,63,10.1449275362319,25.43,23.4,23.4,2,10.1449275362319
"IGK","N-REGION","B23.4_P10",3,14,2.25442834138486,25.43,23.4,23.4,3,2.25442834138486
"IGK","N-REGION","B23.4_P10",4,7,1.12721417069243,25.43,23.4,23.4,4,1.12721417069243
"IGK","N-REGION","B23.4_P10",5,4,0.644122383252818,25.43,23.4,23.4,5,0.644122383252818
"IGK","N-REGION","B23.4_P10",6,4,0.644122383252818,25.43,23.4,23.4,6,0.644122383252818
"IGK","N-REGION","B23.4_P10",7,3,0.483091787439614,25.43,23.4,23.4,7,0.483091787439614
"IGK","N-REGION","B23.4_P10",8,1,0.161030595813205,25.43,23.4,23.4,8,0.161030595813205
"IGK","N-REGION","B23.4_P10",9,2,0.322061191626409,25.43,23.4,23.4,9,0.322061191626409
"IGK","N-REGION","B23.4_P10",10,2,0.322061191626409,25.43,23.4,23.4,10,0.322061191626409
"IGK","N-REGION","B23.4_P10",11,0,0,25.43,23.4,23.4,11,0
"IGK","N-REGION","B23.4_P10",12,1,0.161030595813205,25.43,23.4,23.4,12,0.161030595813205
"IGK","N-REGION","B23.4_P10",13,0,0,25.43,23.4,23.4,13,0
"IGK","N-REGION","B23.4_P10",14,0,0,25.43,23.4,23.4,14,0
"IGK","N-REGION","B23.4_P10",15,0,0,25.43,23.4,23.4,15,0
"IGK","N-REGION","B23.4_P10",16,0,0,25.43,23.4,23.4,16,0
"IGK","N-REGION","B23.4_P10",17,0,0,25.43,23.4,23.4,17,0
"IGK","N-REGION","B23.4_P10",19,0,0,25.43,23.4,23.4,19,0
"IGK","N-REGION","B23.4_P10",23,0,0,25.43,23.4,23.4,23,0
"IGK","N-REGION","B23.4_P10",33,0,0,25.43,23.4,23.4,33,0
"IGK","N-REGION","B24.6_P11",0,211,86.8312757201646,26.57,24.6,24.6,0,86.8312757201646
"IGK","N-REGION","B24.6_P11",1,10,4.11522633744856,26.57,24.6,24.6,1,4.11522633744856
"IGK","N-REGION","B24.6_P11",2,8,3.29218106995885,26.57,24.6,24.6,2,3.29218106995885
"IGK","N-REGION","B24.6_P11",3,6,2.46913580246914,26.57,24.6,24.6,3,2.46913580246914
"IGK","N-REGION","B24.6_P11",4,2,0.823045267489712,26.57,24.6,24.6,4,0.823045267489712
"IGK","N-REGION","B24.6_P11",5,3,1.23456790123457,26.57,24.6,24.6,5,1.23456790123457
"IGK","N-REGION","B24.6_P11",6,0,0,26.57,24.6,24.6,6,0
"IGK","N-REGION","B24.6_P11",7,1,0.411522633744856,26.57,24.6,24.6,7,0.411522633744856
"IGK","N-REGION","B24.6_P11",8,0,0,26.57,24.6,24.6,8,0
"IGK","N-REGION","B24.6_P11",9,0,0,26.57,24.6,24.6,9,0
"IGK","N-REGION","B24.6_P11",10,0,0,26.57,24.6,24.6,10,0
"IGK","N-REGION","B24.6_P11",11,0,0,26.57,24.6,24.6,11,0
"IGK","N-REGION","B24.6_P11",12,1,0.411522633744856,26.57,24.6,24.6,12,0.411522633744856
"IGK","N-REGION","B24.6_P11",13,0,0,26.57,24.6,24.6,13,0
"IGK","N-REGION","B24.6_P11",14,1,0.411522633744856,26.57,24.6,24.6,14,0.411522633744856
"IGK","N-REGION","B24.6_P11",15,0,0,26.57,24.6,24.6,15,0
"IGK","N-REGION","B24.6_P11",16,0,0,26.57,24.6,24.6,16,0
"IGK","N-REGION","B24.6_P11",17,0,0,26.57,24.6,24.6,17,0
"IGK","N-REGION","B24.6_P11",19,0,0,26.57,24.6,24.6,19,0
"IGK","N-REGION","B24.6_P11",23,0,0,26.57,24.6,24.6,23,0
"IGK","N-REGION","B24.6_P11",33,0,0,26.57,24.6,24.6,33,0
"IGK","N-REGION","B26.9_P12",0,352,82.6291079812207,28.86,26.9,26.9,0,82.6291079812207
"IGK","N-REGION","B26.9_P12",1,31,7.27699530516432,28.86,26.9,26.9,1,7.27699530516432
"IGK","N-REGION","B26.9_P12",2,25,5.86854460093897,28.86,26.9,26.9,2,5.86854460093897
"IGK","N-REGION","B26.9_P12",3,9,2.11267605633803,28.86,26.9,26.9,3,2.11267605633803
"IGK","N-REGION","B26.9_P12",4,0,0,28.86,26.9,26.9,4,0
"IGK","N-REGION","B26.9_P12",5,4,0.938967136150235,28.86,26.9,26.9,5,0.938967136150235
"IGK","N-REGION","B26.9_P12",6,1,0.234741784037559,28.86,26.9,26.9,6,0.234741784037559
"IGK","N-REGION","B26.9_P12",7,1,0.234741784037559,28.86,26.9,26.9,7,0.234741784037559
"IGK","N-REGION","B26.9_P12",8,0,0,28.86,26.9,26.9,8,0
"IGK","N-REGION","B26.9_P12",9,1,0.234741784037559,28.86,26.9,26.9,9,0.234741784037559
"IGK","N-REGION","B26.9_P12",10,0,0,28.86,26.9,26.9,10,0
"IGK","N-REGION","B26.9_P12",11,0,0,28.86,26.9,26.9,11,0
"IGK","N-REGION","B26.9_P12",12,1,0.234741784037559,28.86,26.9,26.9,12,0.234741784037559
"IGK","N-REGION","B26.9_P12",13,0,0,28.86,26.9,26.9,13,0
"IGK","N-REGION","B26.9_P12",14,1,0.234741784037559,28.86,26.9,26.9,14,0.234741784037559
"IGK","N-REGION","B26.9_P12",15,0,0,28.86,26.9,26.9,15,0
"IGK","N-REGION","B26.9_P12",16,0,0,28.86,26.9,26.9,16,0
"IGK","N-REGION","B26.9_P12",17,0,0,28.86,26.9,26.9,17,0
"IGK","N-REGION","B26.9_P12",19,0,0,28.86,26.9,26.9,19,0
"IGK","N-REGION","B26.9_P12",23,0,0,28.86,26.9,26.9,23,0
"IGK","N-REGION","B26.9_P12",33,0,0,28.86,26.9,26.9,33,0
"IGK","N-REGION","B29.1_P13",0,230,84.5588235294118,31.14,29.1,29.1,0,84.5588235294118
"IGK","N-REGION","B29.1_P13",1,22,8.08823529411765,31.14,29.1,29.1,1,8.08823529411765
"IGK","N-REGION","B29.1_P13",2,12,4.41176470588235,31.14,29.1,29.1,2,4.41176470588235
"IGK","N-REGION","B29.1_P13",3,4,1.47058823529412,31.14,29.1,29.1,3,1.47058823529412
"IGK","N-REGION","B29.1_P13",4,2,0.735294117647059,31.14,29.1,29.1,4,0.735294117647059
"IGK","N-REGION","B29.1_P13",5,1,0.367647058823529,31.14,29.1,29.1,5,0.367647058823529
"IGK","N-REGION","B29.1_P13",6,1,0.367647058823529,31.14,29.1,29.1,6,0.367647058823529
"IGK","N-REGION","B29.1_P13",7,0,0,31.14,29.1,29.1,7,0
"IGK","N-REGION","B29.1_P13",8,0,0,31.14,29.1,29.1,8,0
"IGK","N-REGION","B29.1_P13",9,0,0,31.14,29.1,29.1,9,0
"IGK","N-REGION","B29.1_P13",10,0,0,31.14,29.1,29.1,10,0
"IGK","N-REGION","B29.1_P13",11,0,0,31.14,29.1,29.1,11,0
"IGK","N-REGION","B29.1_P13",12,0,0,31.14,29.1,29.1,12,0
"IGK","N-REGION","B29.1_P13",13,0,0,31.14,29.1,29.1,13,0
"IGK","N-REGION","B29.1_P13",14,0,0,31.14,29.1,29.1,14,0
"IGK","N-REGION","B29.1_P13",15,0,0,31.14,29.1,29.1,15,0
"IGK","N-REGION","B29.1_P13",16,0,0,31.14,29.1,29.1,16,0
"IGK","N-REGION","B29.1_P13",17,0,0,31.14,29.1,29.1,17,0
"IGK","N-REGION","B29.1_P13",19,0,0,31.14,29.1,29.1,19,0
"IGK","N-REGION","B29.1_P13",23,0,0,31.14,29.1,29.1,23,0
"IGK","N-REGION","B29.1_P13",33,0,0,31.14,29.1,29.1,33,0
"IGK","N-REGION","B31.3_P15",0,684,80.565371024735,33.29,31.3,31.3,0,80.565371024735
"IGK","N-REGION","B31.3_P15",1,67,7.89163722025913,33.29,31.3,31.3,1,7.89163722025913
"IGK","N-REGION","B31.3_P15",2,64,7.53828032979976,33.29,31.3,31.3,2,7.53828032979976
"IGK","N-REGION","B31.3_P15",3,17,2.00235571260306,33.29,31.3,31.3,3,2.00235571260306
"IGK","N-REGION","B31.3_P15",4,6,0.706713780918728,33.29,31.3,31.3,4,0.706713780918728
"IGK","N-REGION","B31.3_P15",5,2,0.235571260306243,33.29,31.3,31.3,5,0.235571260306243
"IGK","N-REGION","B31.3_P15",6,3,0.353356890459364,33.29,31.3,31.3,6,0.353356890459364
"IGK","N-REGION","B31.3_P15",7,2,0.235571260306243,33.29,31.3,31.3,7,0.235571260306243
"IGK","N-REGION","B31.3_P15",8,0,0,33.29,31.3,31.3,8,0
"IGK","N-REGION","B31.3_P15",9,0,0,33.29,31.3,31.3,9,0
"IGK","N-REGION","B31.3_P15",10,0,0,33.29,31.3,31.3,10,0
"IGK","N-REGION","B31.3_P15",11,1,0.117785630153121,33.29,31.3,31.3,11,0.117785630153121
"IGK","N-REGION","B31.3_P15",12,2,0.235571260306243,33.29,31.3,31.3,12,0.235571260306243
"IGK","N-REGION","B31.3_P15",13,0,0,33.29,31.3,31.3,13,0
"IGK","N-REGION","B31.3_P15",14,0,0,33.29,31.3,31.3,14,0
"IGK","N-REGION","B31.3_P15",15,1,0.117785630153121,33.29,31.3,31.3,15,0.117785630153121
"IGK","N-REGION","B31.3_P15",16,0,0,33.29,31.3,31.3,16,0
"IGK","N-REGION","B31.3_P15",17,0,0,33.29,31.3,31.3,17,0
"IGK","N-REGION","B31.3_P15",19,0,0,33.29,31.3,31.3,19,0
"IGK","N-REGION","B31.3_P15",23,0,0,33.29,31.3,31.3,23,0
"IGK","N-REGION","B31.3_P15",33,0,0,33.29,31.3,31.3,33,0
"IGK","N-REGION","B32.4_P16",0,491,78.9389067524116,34.43,32.4,32.4,0,78.9389067524116
"IGK","N-REGION","B32.4_P16",1,66,10.6109324758842,34.43,32.4,32.4,1,10.6109324758842
"IGK","N-REGION","B32.4_P16",2,48,7.71704180064309,34.43,32.4,32.4,2,7.71704180064309
"IGK","N-REGION","B32.4_P16",3,10,1.60771704180064,34.43,32.4,32.4,3,1.60771704180064
"IGK","N-REGION","B32.4_P16",4,1,0.160771704180064,34.43,32.4,32.4,4,0.160771704180064
"IGK","N-REGION","B32.4_P16",5,4,0.643086816720257,34.43,32.4,32.4,5,0.643086816720257
"IGK","N-REGION","B32.4_P16",6,1,0.160771704180064,34.43,32.4,32.4,6,0.160771704180064
"IGK","N-REGION","B32.4_P16",7,1,0.160771704180064,34.43,32.4,32.4,7,0.160771704180064
"IGK","N-REGION","B32.4_P16",8,0,0,34.43,32.4,32.4,8,0
"IGK","N-REGION","B32.4_P16",9,0,0,34.43,32.4,32.4,9,0
"IGK","N-REGION","B32.4_P16",10,0,0,34.43,32.4,32.4,10,0
"IGK","N-REGION","B32.4_P16",11,0,0,34.43,32.4,32.4,11,0
"IGK","N-REGION","B32.4_P16",12,0,0,34.43,32.4,32.4,12,0
"IGK","N-REGION","B32.4_P16",13,0,0,34.43,32.4,32.4,13,0
"IGK","N-REGION","B32.4_P16",14,0,0,34.43,32.4,32.4,14,0
"IGK","N-REGION","B32.4_P16",15,0,0,34.43,32.4,32.4,15,0
"IGK","N-REGION","B32.4_P16",16,0,0,34.43,32.4,32.4,16,0
"IGK","N-REGION","B32.4_P16",17,0,0,34.43,32.4,32.4,17,0
"IGK","N-REGION","B32.4_P16",19,0,0,34.43,32.4,32.4,19,0
"IGK","N-REGION","B32.4_P16",23,0,0,34.43,32.4,32.4,23,0
"IGK","N-REGION","B32.4_P16",33,0,0,34.43,32.4,32.4,33,0
"IGK","N-REGION","B33.3_P17",0,408,84.8232848232848,35.29,33.3,33.3,0,84.8232848232848
"IGK","N-REGION","B33.3_P17",1,34,7.06860706860707,35.29,33.3,33.3,1,7.06860706860707
"IGK","N-REGION","B33.3_P17",2,27,5.61330561330561,35.29,33.3,33.3,2,5.61330561330561
"IGK","N-REGION","B33.3_P17",3,6,1.24740124740125,35.29,33.3,33.3,3,1.24740124740125
"IGK","N-REGION","B33.3_P17",4,0,0,35.29,33.3,33.3,4,0
"IGK","N-REGION","B33.3_P17",5,1,0.207900207900208,35.29,33.3,33.3,5,0.207900207900208
"IGK","N-REGION","B33.3_P17",6,1,0.207900207900208,35.29,33.3,33.3,6,0.207900207900208
"IGK","N-REGION","B33.3_P17",7,0,0,35.29,33.3,33.3,7,0
"IGK","N-REGION","B33.3_P17",8,1,0.207900207900208,35.29,33.3,33.3,8,0.207900207900208
"IGK","N-REGION","B33.3_P17",9,1,0.207900207900208,35.29,33.3,33.3,9,0.207900207900208
"IGK","N-REGION","B33.3_P17",10,1,0.207900207900208,35.29,33.3,33.3,10,0.207900207900208
"IGK","N-REGION","B33.3_P17",11,0,0,35.29,33.3,33.3,11,0
"IGK","N-REGION","B33.3_P17",12,0,0,35.29,33.3,33.3,12,0
"IGK","N-REGION","B33.3_P17",13,0,0,35.29,33.3,33.3,13,0
"IGK","N-REGION","B33.3_P17",14,0,0,35.29,33.3,33.3,14,0
"IGK","N-REGION","B33.3_P17",15,0,0,35.29,33.3,33.3,15,0
"IGK","N-REGION","B33.3_P17",16,1,0.207900207900208,35.29,33.3,33.3,16,0.207900207900208
"IGK","N-REGION","B33.3_P17",17,0,0,35.29,33.3,33.3,17,0
"IGK","N-REGION","B33.3_P17",19,0,0,35.29,33.3,33.3,19,0
"IGK","N-REGION","B33.3_P17",23,0,0,35.29,33.3,33.3,23,0
"IGK","N-REGION","B33.3_P17",33,0,0,35.29,33.3,33.3,33,0
"IGK","N-REGION","B34.1_P18",0,635,77.3447015834348,36.14,34.1,34.1,0,77.3447015834348
"IGK","N-REGION","B34.1_P18",1,87,10.5968331303289,36.14,34.1,34.1,1,10.5968331303289
"IGK","N-REGION","B34.1_P18",2,60,7.30816077953715,36.14,34.1,34.1,2,7.30816077953715
"IGK","N-REGION","B34.1_P18",3,21,2.557856272838,36.14,34.1,34.1,3,2.557856272838
"IGK","N-REGION","B34.1_P18",4,10,1.21802679658952,36.14,34.1,34.1,4,1.21802679658952
"IGK","N-REGION","B34.1_P18",5,3,0.365408038976857,36.14,34.1,34.1,5,0.365408038976857
"IGK","N-REGION","B34.1_P18",6,2,0.243605359317905,36.14,34.1,34.1,6,0.243605359317905
"IGK","N-REGION","B34.1_P18",7,1,0.121802679658952,36.14,34.1,34.1,7,0.121802679658952
"IGK","N-REGION","B34.1_P18",8,0,0,36.14,34.1,34.1,8,0
"IGK","N-REGION","B34.1_P18",9,0,0,36.14,34.1,34.1,9,0
"IGK","N-REGION","B34.1_P18",10,0,0,36.14,34.1,34.1,10,0
"IGK","N-REGION","B34.1_P18",11,0,0,36.14,34.1,34.1,11,0
"IGK","N-REGION","B34.1_P18",12,0,0,36.14,34.1,34.1,12,0
"IGK","N-REGION","B34.1_P18",13,2,0.243605359317905,36.14,34.1,34.1,13,0.243605359317905
"IGK","N-REGION","B34.1_P18",14,0,0,36.14,34.1,34.1,14,0
"IGK","N-REGION","B34.1_P18",15,0,0,36.14,34.1,34.1,15,0
"IGK","N-REGION","B34.1_P18",16,0,0,36.14,34.1,34.1,16,0
"IGK","N-REGION","B34.1_P18",17,0,0,36.14,34.1,34.1,17,0
"IGK","N-REGION","B34.1_P18",19,0,0,36.14,34.1,34.1,19,0
"IGK","N-REGION","B34.1_P18",23,0,0,36.14,34.1,34.1,23,0
"IGK","N-REGION","B34.1_P18",33,0,0,36.14,34.1,34.1,33,0
"IGK","N-REGION","B36.1_P19",0,230,75.1633986928105,38.14,36.1,36.1,0,75.1633986928105
"IGK","N-REGION","B36.1_P19",1,38,12.4183006535948,38.14,36.1,36.1,1,12.4183006535948
"IGK","N-REGION","B36.1_P19",2,23,7.51633986928105,38.14,36.1,36.1,2,7.51633986928105
"IGK","N-REGION","B36.1_P19",3,7,2.28758169934641,38.14,36.1,36.1,3,2.28758169934641
"IGK","N-REGION","B36.1_P19",4,4,1.30718954248366,38.14,36.1,36.1,4,1.30718954248366
"IGK","N-REGION","B36.1_P19",5,3,0.980392156862745,38.14,36.1,36.1,5,0.980392156862745
"IGK","N-REGION","B36.1_P19",6,0,0,38.14,36.1,36.1,6,0
"IGK","N-REGION","B36.1_P19",7,0,0,38.14,36.1,36.1,7,0
"IGK","N-REGION","B36.1_P19",8,1,0.326797385620915,38.14,36.1,36.1,8,0.326797385620915
"IGK","N-REGION","B36.1_P19",9,0,0,38.14,36.1,36.1,9,0
"IGK","N-REGION","B36.1_P19",10,0,0,38.14,36.1,36.1,10,0
"IGK","N-REGION","B36.1_P19",11,0,0,38.14,36.1,36.1,11,0
"IGK","N-REGION","B36.1_P19",12,0,0,38.14,36.1,36.1,12,0
"IGK","N-REGION","B36.1_P19",13,0,0,38.14,36.1,36.1,13,0
"IGK","N-REGION","B36.1_P19",14,0,0,38.14,36.1,36.1,14,0
"IGK","N-REGION","B36.1_P19",15,0,0,38.14,36.1,36.1,15,0
"IGK","N-REGION","B36.1_P19",16,0,0,38.14,36.1,36.1,16,0
"IGK","N-REGION","B36.1_P19",17,0,0,38.14,36.1,36.1,17,0
"IGK","N-REGION","B36.1_P19",19,0,0,38.14,36.1,36.1,19,0
"IGK","N-REGION","B36.1_P19",23,0,0,38.14,36.1,36.1,23,0
"IGK","N-REGION","B36.1_P19",33,0,0,38.14,36.1,36.1,33,0
"IGK","N-REGION","B37.9_P20",0,276,72.4409448818898,39.86,37.9,37.9,0,72.4409448818898
"IGK","N-REGION","B37.9_P20",1,43,11.2860892388451,39.86,37.9,37.9,1,11.2860892388451
"IGK","N-REGION","B37.9_P20",2,37,9.71128608923885,39.86,37.9,37.9,2,9.71128608923885
"IGK","N-REGION","B37.9_P20",3,13,3.41207349081365,39.86,37.9,37.9,3,3.41207349081365
"IGK","N-REGION","B37.9_P20",4,5,1.31233595800525,39.86,37.9,37.9,4,1.31233595800525
"IGK","N-REGION","B37.9_P20",5,2,0.5249343832021,39.86,37.9,37.9,5,0.5249343832021
"IGK","N-REGION","B37.9_P20",6,0,0,39.86,37.9,37.9,6,0
"IGK","N-REGION","B37.9_P20",7,1,0.26246719160105,39.86,37.9,37.9,7,0.26246719160105
"IGK","N-REGION","B37.9_P20",8,1,0.26246719160105,39.86,37.9,37.9,8,0.26246719160105
"IGK","N-REGION","B37.9_P20",9,2,0.5249343832021,39.86,37.9,37.9,9,0.5249343832021
"IGK","N-REGION","B37.9_P20",10,0,0,39.86,37.9,37.9,10,0
"IGK","N-REGION","B37.9_P20",11,0,0,39.86,37.9,37.9,11,0
"IGK","N-REGION","B37.9_P20",12,0,0,39.86,37.9,37.9,12,0
"IGK","N-REGION","B37.9_P20",13,0,0,39.86,37.9,37.9,13,0
"IGK","N-REGION","B37.9_P20",14,0,0,39.86,37.9,37.9,14,0
"IGK","N-REGION","B37.9_P20",15,0,0,39.86,37.9,37.9,15,0
"IGK","N-REGION","B37.9_P20",16,0,0,39.86,37.9,37.9,16,0
"IGK","N-REGION","B37.9_P20",17,0,0,39.86,37.9,37.9,17,0
"IGK","N-REGION","B37.9_P20",19,0,0,39.86,37.9,37.9,19,0
"IGK","N-REGION","B37.9_P20",23,1,0.26246719160105,39.86,37.9,37.9,23,0.26246719160105
"IGK","N-REGION","B37.9_P20",33,0,0,39.86,37.9,37.9,33,0
"IGK","N-REGION","B38.1_P21",0,301,70.1631701631702,40.14,38.1,38.1,0,70.1631701631702
"IGK","N-REGION","B38.1_P21",1,51,11.8881118881119,40.14,38.1,38.1,1,11.8881118881119
"IGK","N-REGION","B38.1_P21",2,49,11.4219114219114,40.14,38.1,38.1,2,11.4219114219114
"IGK","N-REGION","B38.1_P21",3,12,2.7972027972028,40.14,38.1,38.1,3,2.7972027972028
"IGK","N-REGION","B38.1_P21",4,8,1.86480186480186,40.14,38.1,38.1,4,1.86480186480186
"IGK","N-REGION","B38.1_P21",5,3,0.699300699300699,40.14,38.1,38.1,5,0.699300699300699
"IGK","N-REGION","B38.1_P21",6,1,0.233100233100233,40.14,38.1,38.1,6,0.233100233100233
"IGK","N-REGION","B38.1_P21",7,0,0,40.14,38.1,38.1,7,0
"IGK","N-REGION","B38.1_P21",8,1,0.233100233100233,40.14,38.1,38.1,8,0.233100233100233
"IGK","N-REGION","B38.1_P21",9,1,0.233100233100233,40.14,38.1,38.1,9,0.233100233100233
"IGK","N-REGION","B38.1_P21",10,1,0.233100233100233,40.14,38.1,38.1,10,0.233100233100233
"IGK","N-REGION","B38.1_P21",11,0,0,40.14,38.1,38.1,11,0
"IGK","N-REGION","B38.1_P21",12,0,0,40.14,38.1,38.1,12,0
"IGK","N-REGION","B38.1_P21",13,0,0,40.14,38.1,38.1,13,0
"IGK","N-REGION","B38.1_P21",14,1,0.233100233100233,40.14,38.1,38.1,14,0.233100233100233
"IGK","N-REGION","B38.1_P21",15,0,0,40.14,38.1,38.1,15,0
"IGK","N-REGION","B38.1_P21",16,0,0,40.14,38.1,38.1,16,0
"IGK","N-REGION","B38.1_P21",17,0,0,40.14,38.1,38.1,17,0
"IGK","N-REGION","B38.1_P21",19,0,0,40.14,38.1,38.1,19,0
"IGK","N-REGION","B38.1_P21",23,0,0,40.14,38.1,38.1,23,0
"IGK","N-REGION","B38.1_P21",33,0,0,40.14,38.1,38.1,33,0
"IGK","N-REGION","B39.1_P22",0,373,79.5309168443497,41.14,39.1,39.1,0,79.5309168443497
"IGK","N-REGION","B39.1_P22",1,33,7.0362473347548,41.14,39.1,39.1,1,7.0362473347548
"IGK","N-REGION","B39.1_P22",2,44,9.3816631130064,41.14,39.1,39.1,2,9.3816631130064
"IGK","N-REGION","B39.1_P22",3,11,2.3454157782516,41.14,39.1,39.1,3,2.3454157782516
"IGK","N-REGION","B39.1_P22",4,5,1.06609808102345,41.14,39.1,39.1,4,1.06609808102345
"IGK","N-REGION","B39.1_P22",5,2,0.426439232409382,41.14,39.1,39.1,5,0.426439232409382
"IGK","N-REGION","B39.1_P22",6,1,0.213219616204691,41.14,39.1,39.1,6,0.213219616204691
"IGK","N-REGION","B39.1_P22",7,0,0,41.14,39.1,39.1,7,0
"IGK","N-REGION","B39.1_P22",8,0,0,41.14,39.1,39.1,8,0
"IGK","N-REGION","B39.1_P22",9,0,0,41.14,39.1,39.1,9,0
"IGK","N-REGION","B39.1_P22",10,0,0,41.14,39.1,39.1,10,0
"IGK","N-REGION","B39.1_P22",11,0,0,41.14,39.1,39.1,11,0
"IGK","N-REGION","B39.1_P22",12,0,0,41.14,39.1,39.1,12,0
"IGK","N-REGION","B39.1_P22",13,0,0,41.14,39.1,39.1,13,0
"IGK","N-REGION","B39.1_P22",14,0,0,41.14,39.1,39.1,14,0
"IGK","N-REGION","B39.1_P22",15,0,0,41.14,39.1,39.1,15,0
"IGK","N-REGION","B39.1_P22",16,0,0,41.14,39.1,39.1,16,0
"IGK","N-REGION","B39.1_P22",17,0,0,41.14,39.1,39.1,17,0
"IGK","N-REGION","B39.1_P22",19,0,0,41.14,39.1,39.1,19,0
"IGK","N-REGION","B39.1_P22",23,0,0,41.14,39.1,39.1,23,0
"IGK","N-REGION","B39.1_P22",33,0,0,41.14,39.1,39.1,33,0
"IGK","5'J-REGION","B11.6_P24",0,0,0,13.57,11.6,11.6,0,0
"IGK","5'J-REGION","B11.6_P24",1,0,0,13.57,11.6,11.6,1,0
"IGK","5'J-REGION","B11.6_P24",2,0,0,13.57,11.6,11.6,2,0
"IGK","5'J-REGION","B11.6_P24",3,6,1.05633802816901,13.57,11.6,11.6,3,1.05633802816901
"IGK","5'J-REGION","B11.6_P24",4,5,0.880281690140845,13.57,11.6,11.6,4,0.880281690140845
"IGK","5'J-REGION","B11.6_P24",5,6,1.05633802816901,13.57,11.6,11.6,5,1.05633802816901
"IGK","5'J-REGION","B11.6_P24",6,26,4.57746478873239,13.57,11.6,11.6,6,4.57746478873239
"IGK","5'J-REGION","B11.6_P24",7,59,10.387323943662,13.57,11.6,11.6,7,10.387323943662
"IGK","5'J-REGION","B11.6_P24",8,77,13.556338028169,13.57,11.6,11.6,8,13.556338028169
"IGK","5'J-REGION","B11.6_P24",9,50,8.80281690140845,13.57,11.6,11.6,9,8.80281690140845
"IGK","5'J-REGION","B11.6_P24",10,319,56.1619718309859,13.57,11.6,11.6,10,56.1619718309859
"IGK","5'J-REGION","B11.6_P24",11,20,3.52112676056338,13.57,11.6,11.6,11,3.52112676056338
"IGK","5'J-REGION","B17.4_P3",0,0,0,19.43,17.4,17.4,0,0
"IGK","5'J-REGION","B17.4_P3",1,0,0,19.43,17.4,17.4,1,0
"IGK","5'J-REGION","B17.4_P3",2,0,0,19.43,17.4,17.4,2,0
"IGK","5'J-REGION","B17.4_P3",3,0,0,19.43,17.4,17.4,3,0
"IGK","5'J-REGION","B17.4_P3",4,0,0,19.43,17.4,17.4,4,0
"IGK","5'J-REGION","B17.4_P3",5,0,0,19.43,17.4,17.4,5,0
"IGK","5'J-REGION","B17.4_P3",6,3,5.66037735849057,19.43,17.4,17.4,6,5.66037735849057
"IGK","5'J-REGION","B17.4_P3",7,5,9.43396226415094,19.43,17.4,17.4,7,9.43396226415094
"IGK","5'J-REGION","B17.4_P3",8,9,16.9811320754717,19.43,17.4,17.4,8,16.9811320754717
"IGK","5'J-REGION","B17.4_P3",9,3,5.66037735849057,19.43,17.4,17.4,9,5.66037735849057
"IGK","5'J-REGION","B17.4_P3",10,33,62.2641509433962,19.43,17.4,17.4,10,62.2641509433962
"IGK","5'J-REGION","B17.4_P3",11,0,0,19.43,17.4,17.4,11,0
"IGK","5'J-REGION","B18.0_P4",0,0,0,20,18,18,0,0
"IGK","5'J-REGION","B18.0_P4",1,1,0.171232876712329,20,18,18,1,0.171232876712329
"IGK","5'J-REGION","B18.0_P4",2,1,0.171232876712329,20,18,18,2,0.171232876712329
"IGK","5'J-REGION","B18.0_P4",3,3,0.513698630136986,20,18,18,3,0.513698630136986
"IGK","5'J-REGION","B18.0_P4",4,6,1.02739726027397,20,18,18,4,1.02739726027397
"IGK","5'J-REGION","B18.0_P4",5,2,0.342465753424658,20,18,18,5,0.342465753424658
"IGK","5'J-REGION","B18.0_P4",6,23,3.93835616438356,20,18,18,6,3.93835616438356
"IGK","5'J-REGION","B18.0_P4",7,58,9.93150684931507,20,18,18,7,9.93150684931507
"IGK","5'J-REGION","B18.0_P4",8,91,15.5821917808219,20,18,18,8,15.5821917808219
"IGK","5'J-REGION","B18.0_P4",9,52,8.9041095890411,20,18,18,9,8.9041095890411
"IGK","5'J-REGION","B18.0_P4",10,328,56.1643835616438,20,18,18,10,56.1643835616438
"IGK","5'J-REGION","B18.0_P4",11,19,3.25342465753425,20,18,18,11,3.25342465753425
"IGK","5'J-REGION","B18.6_P5",0,0,0,20.57,18.6,18.6,0,0
"IGK","5'J-REGION","B18.6_P5",1,0,0,20.57,18.6,18.6,1,0
"IGK","5'J-REGION","B18.6_P5",2,1,0.0903342366757001,20.57,18.6,18.6,2,0.0903342366757001
"IGK","5'J-REGION","B18.6_P5",3,4,0.3613369467028,20.57,18.6,18.6,3,0.3613369467028
"IGK","5'J-REGION","B18.6_P5",4,11,0.993676603432701,20.57,18.6,18.6,4,0.993676603432701
"IGK","5'J-REGION","B18.6_P5",5,5,0.4516711833785,20.57,18.6,18.6,5,0.4516711833785
"IGK","5'J-REGION","B18.6_P5",6,64,5.78139114724481,20.57,18.6,18.6,6,5.78139114724481
"IGK","5'J-REGION","B18.6_P5",7,95,8.58175248419151,20.57,18.6,18.6,7,8.58175248419151
"IGK","5'J-REGION","B18.6_P5",8,196,17.7055103884372,20.57,18.6,18.6,8,17.7055103884372
"IGK","5'J-REGION","B18.6_P5",9,88,7.94941282746161,20.57,18.6,18.6,9,7.94941282746161
"IGK","5'J-REGION","B18.6_P5",10,616,55.6458897922313,20.57,18.6,18.6,10,55.6458897922313
"IGK","5'J-REGION","B18.6_P5",11,27,2.4390243902439,20.57,18.6,18.6,11,2.4390243902439
"IGK","5'J-REGION","B20.9_P7",0,0,0,22.86,20.9,20.9,0,0
"IGK","5'J-REGION","B20.9_P7",1,0,0,22.86,20.9,20.9,1,0
"IGK","5'J-REGION","B20.9_P7",2,0,0,22.86,20.9,20.9,2,0
"IGK","5'J-REGION","B20.9_P7",3,3,0.602409638554217,22.86,20.9,20.9,3,0.602409638554217
"IGK","5'J-REGION","B20.9_P7",4,2,0.401606425702811,22.86,20.9,20.9,4,0.401606425702811
"IGK","5'J-REGION","B20.9_P7",5,4,0.803212851405622,22.86,20.9,20.9,5,0.803212851405622
"IGK","5'J-REGION","B20.9_P7",6,13,2.61044176706827,22.86,20.9,20.9,6,2.61044176706827
"IGK","5'J-REGION","B20.9_P7",7,46,9.23694779116466,22.86,20.9,20.9,7,9.23694779116466
"IGK","5'J-REGION","B20.9_P7",8,72,14.4578313253012,22.86,20.9,20.9,8,14.4578313253012
"IGK","5'J-REGION","B20.9_P7",9,34,6.82730923694779,22.86,20.9,20.9,9,6.82730923694779
"IGK","5'J-REGION","B20.9_P7",10,309,62.0481927710843,22.86,20.9,20.9,10,62.0481927710843
"IGK","5'J-REGION","B20.9_P7",11,15,3.01204819277108,22.86,20.9,20.9,11,3.01204819277108
"IGK","5'J-REGION","B21.7_P8",0,0,0,23.71,21.7,21.7,0,0
"IGK","5'J-REGION","B21.7_P8",1,0,0,23.71,21.7,21.7,1,0
"IGK","5'J-REGION","B21.7_P8",2,2,0.5249343832021,23.71,21.7,21.7,2,0.5249343832021
"IGK","5'J-REGION","B21.7_P8",3,1,0.26246719160105,23.71,21.7,21.7,3,0.26246719160105
"IGK","5'J-REGION","B21.7_P8",4,5,1.31233595800525,23.71,21.7,21.7,4,1.31233595800525
"IGK","5'J-REGION","B21.7_P8",5,2,0.5249343832021,23.71,21.7,21.7,5,0.5249343832021
"IGK","5'J-REGION","B21.7_P8",6,27,7.08661417322835,23.71,21.7,21.7,6,7.08661417322835
"IGK","5'J-REGION","B21.7_P8",7,33,8.66141732283465,23.71,21.7,21.7,7,8.66141732283465
"IGK","5'J-REGION","B21.7_P8",8,75,19.6850393700787,23.71,21.7,21.7,8,19.6850393700787
"IGK","5'J-REGION","B21.7_P8",9,28,7.3490813648294,23.71,21.7,21.7,9,7.3490813648294
"IGK","5'J-REGION","B21.7_P8",10,199,52.2309711286089,23.71,21.7,21.7,10,52.2309711286089
"IGK","5'J-REGION","B21.7_P8",11,9,2.36220472440945,23.71,21.7,21.7,11,2.36220472440945
"IGK","5'J-REGION","B22.4_P23",0,0,0,24.43,22.4,22.4,0,0
"IGK","5'J-REGION","B22.4_P23",1,0,0,24.43,22.4,22.4,1,0
"IGK","5'J-REGION","B22.4_P23",2,0,0,24.43,22.4,22.4,2,0
"IGK","5'J-REGION","B22.4_P23",3,7,1.06060606060606,24.43,22.4,22.4,3,1.06060606060606
"IGK","5'J-REGION","B22.4_P23",4,6,0.909090909090909,24.43,22.4,22.4,4,0.909090909090909
"IGK","5'J-REGION","B22.4_P23",5,6,0.909090909090909,24.43,22.4,22.4,5,0.909090909090909
"IGK","5'J-REGION","B22.4_P23",6,24,3.63636363636364,24.43,22.4,22.4,6,3.63636363636364
"IGK","5'J-REGION","B22.4_P23",7,55,8.33333333333333,24.43,22.4,22.4,7,8.33333333333333
"IGK","5'J-REGION","B22.4_P23",8,118,17.8787878787879,24.43,22.4,22.4,8,17.8787878787879
"IGK","5'J-REGION","B22.4_P23",9,43,6.51515151515152,24.43,22.4,22.4,9,6.51515151515152
"IGK","5'J-REGION","B22.4_P23",10,377,57.1212121212121,24.43,22.4,22.4,10,57.1212121212121
"IGK","5'J-REGION","B22.4_P23",11,24,3.63636363636364,24.43,22.4,22.4,11,3.63636363636364
"IGK","5'J-REGION","B22.4_P9",0,0,0,24.43,22.4,22.4,0,0
"IGK","5'J-REGION","B22.4_P9",1,1,0.431034482758621,24.43,22.4,22.4,1,0.431034482758621
"IGK","5'J-REGION","B22.4_P9",2,0,0,24.43,22.4,22.4,2,0
"IGK","5'J-REGION","B22.4_P9",3,1,0.431034482758621,24.43,22.4,22.4,3,0.431034482758621
"IGK","5'J-REGION","B22.4_P9",4,1,0.431034482758621,24.43,22.4,22.4,4,0.431034482758621
"IGK","5'J-REGION","B22.4_P9",5,0,0,24.43,22.4,22.4,5,0
"IGK","5'J-REGION","B22.4_P9",6,13,5.60344827586207,24.43,22.4,22.4,6,5.60344827586207
"IGK","5'J-REGION","B22.4_P9",7,24,10.3448275862069,24.43,22.4,22.4,7,10.3448275862069
"IGK","5'J-REGION","B22.4_P9",8,42,18.1034482758621,24.43,22.4,22.4,8,18.1034482758621
"IGK","5'J-REGION","B22.4_P9",9,12,5.17241379310345,24.43,22.4,22.4,9,5.17241379310345
"IGK","5'J-REGION","B22.4_P9",10,130,56.0344827586207,24.43,22.4,22.4,10,56.0344827586207
"IGK","5'J-REGION","B22.4_P9",11,8,3.44827586206897,24.43,22.4,22.4,11,3.44827586206897
"IGK","5'J-REGION","B23.4_P10",0,1,0.161030595813205,25.43,23.4,23.4,0,0.161030595813205
"IGK","5'J-REGION","B23.4_P10",1,1,0.161030595813205,25.43,23.4,23.4,1,0.161030595813205
"IGK","5'J-REGION","B23.4_P10",2,2,0.322061191626409,25.43,23.4,23.4,2,0.322061191626409
"IGK","5'J-REGION","B23.4_P10",3,4,0.644122383252818,25.43,23.4,23.4,3,0.644122383252818
"IGK","5'J-REGION","B23.4_P10",4,3,0.483091787439614,25.43,23.4,23.4,4,0.483091787439614
"IGK","5'J-REGION","B23.4_P10",5,2,0.322061191626409,25.43,23.4,23.4,5,0.322061191626409
"IGK","5'J-REGION","B23.4_P10",6,42,6.76328502415459,25.43,23.4,23.4,6,6.76328502415459
"IGK","5'J-REGION","B23.4_P10",7,64,10.3059581320451,25.43,23.4,23.4,7,10.3059581320451
"IGK","5'J-REGION","B23.4_P10",8,106,17.0692431561997,25.43,23.4,23.4,8,17.0692431561997
"IGK","5'J-REGION","B23.4_P10",9,51,8.21256038647343,25.43,23.4,23.4,9,8.21256038647343
"IGK","5'J-REGION","B23.4_P10",10,327,52.6570048309179,25.43,23.4,23.4,10,52.6570048309179
"IGK","5'J-REGION","B23.4_P10",11,18,2.89855072463768,25.43,23.4,23.4,11,2.89855072463768
"IGK","5'J-REGION","B24.6_P11",0,0,0,26.57,24.6,24.6,0,0
"IGK","5'J-REGION","B24.6_P11",1,1,0.411522633744856,26.57,24.6,24.6,1,0.411522633744856
"IGK","5'J-REGION","B24.6_P11",2,0,0,26.57,24.6,24.6,2,0
"IGK","5'J-REGION","B24.6_P11",3,0,0,26.57,24.6,24.6,3,0
"IGK","5'J-REGION","B24.6_P11",4,3,1.23456790123457,26.57,24.6,24.6,4,1.23456790123457
"IGK","5'J-REGION","B24.6_P11",5,2,0.823045267489712,26.57,24.6,24.6,5,0.823045267489712
"IGK","5'J-REGION","B24.6_P11",6,3,1.23456790123457,26.57,24.6,24.6,6,1.23456790123457
"IGK","5'J-REGION","B24.6_P11",7,27,11.1111111111111,26.57,24.6,24.6,7,11.1111111111111
"IGK","5'J-REGION","B24.6_P11",8,40,16.4609053497942,26.57,24.6,24.6,8,16.4609053497942
"IGK","5'J-REGION","B24.6_P11",9,13,5.34979423868313,26.57,24.6,24.6,9,5.34979423868313
"IGK","5'J-REGION","B24.6_P11",10,140,57.6131687242798,26.57,24.6,24.6,10,57.6131687242798
"IGK","5'J-REGION","B24.6_P11",11,14,5.76131687242798,26.57,24.6,24.6,11,5.76131687242798
"IGK","5'J-REGION","B26.9_P12",0,0,0,28.86,26.9,26.9,0,0
"IGK","5'J-REGION","B26.9_P12",1,0,0,28.86,26.9,26.9,1,0
"IGK","5'J-REGION","B26.9_P12",2,0,0,28.86,26.9,26.9,2,0
"IGK","5'J-REGION","B26.9_P12",3,1,0.234741784037559,28.86,26.9,26.9,3,0.234741784037559
"IGK","5'J-REGION","B26.9_P12",4,1,0.234741784037559,28.86,26.9,26.9,4,0.234741784037559
"IGK","5'J-REGION","B26.9_P12",5,3,0.704225352112676,28.86,26.9,26.9,5,0.704225352112676
"IGK","5'J-REGION","B26.9_P12",6,21,4.92957746478873,28.86,26.9,26.9,6,4.92957746478873
"IGK","5'J-REGION","B26.9_P12",7,46,10.7981220657277,28.86,26.9,26.9,7,10.7981220657277
"IGK","5'J-REGION","B26.9_P12",8,66,15.4929577464789,28.86,26.9,26.9,8,15.4929577464789
"IGK","5'J-REGION","B26.9_P12",9,26,6.10328638497653,28.86,26.9,26.9,9,6.10328638497653
"IGK","5'J-REGION","B26.9_P12",10,249,58.4507042253521,28.86,26.9,26.9,10,58.4507042253521
"IGK","5'J-REGION","B26.9_P12",11,13,3.05164319248826,28.86,26.9,26.9,11,3.05164319248826
"IGK","5'J-REGION","B29.1_P13",0,0,0,31.14,29.1,29.1,0,0
"IGK","5'J-REGION","B29.1_P13",1,1,0.367647058823529,31.14,29.1,29.1,1,0.367647058823529
"IGK","5'J-REGION","B29.1_P13",2,0,0,31.14,29.1,29.1,2,0
"IGK","5'J-REGION","B29.1_P13",3,0,0,31.14,29.1,29.1,3,0
"IGK","5'J-REGION","B29.1_P13",4,3,1.10294117647059,31.14,29.1,29.1,4,1.10294117647059
"IGK","5'J-REGION","B29.1_P13",5,1,0.367647058823529,31.14,29.1,29.1,5,0.367647058823529
"IGK","5'J-REGION","B29.1_P13",6,10,3.67647058823529,31.14,29.1,29.1,6,3.67647058823529
"IGK","5'J-REGION","B29.1_P13",7,20,7.35294117647059,31.14,29.1,29.1,7,7.35294117647059
"IGK","5'J-REGION","B29.1_P13",8,48,17.6470588235294,31.14,29.1,29.1,8,17.6470588235294
"IGK","5'J-REGION","B29.1_P13",9,14,5.14705882352941,31.14,29.1,29.1,9,5.14705882352941
"IGK","5'J-REGION","B29.1_P13",10,166,61.0294117647059,31.14,29.1,29.1,10,61.0294117647059
"IGK","5'J-REGION","B29.1_P13",11,9,3.30882352941176,31.14,29.1,29.1,11,3.30882352941176
"IGK","5'J-REGION","B31.3_P15",0,0,0,33.29,31.3,31.3,0,0
"IGK","5'J-REGION","B31.3_P15",1,0,0,33.29,31.3,31.3,1,0
"IGK","5'J-REGION","B31.3_P15",2,1,0.117785630153121,33.29,31.3,31.3,2,0.117785630153121
"IGK","5'J-REGION","B31.3_P15",3,1,0.117785630153121,33.29,31.3,31.3,3,0.117785630153121
"IGK","5'J-REGION","B31.3_P15",4,12,1.41342756183746,33.29,31.3,31.3,4,1.41342756183746
"IGK","5'J-REGION","B31.3_P15",5,2,0.235571260306243,33.29,31.3,31.3,5,0.235571260306243
"IGK","5'J-REGION","B31.3_P15",6,46,5.41813898704358,33.29,31.3,31.3,6,5.41813898704358
"IGK","5'J-REGION","B31.3_P15",7,75,8.8339222614841,33.29,31.3,31.3,7,8.8339222614841
"IGK","5'J-REGION","B31.3_P15",8,140,16.489988221437,33.29,31.3,31.3,8,16.489988221437
"IGK","5'J-REGION","B31.3_P15",9,56,6.59599528857479,33.29,31.3,31.3,9,6.59599528857479
"IGK","5'J-REGION","B31.3_P15",10,486,57.243816254417,33.29,31.3,31.3,10,57.243816254417
"IGK","5'J-REGION","B31.3_P15",11,30,3.53356890459364,33.29,31.3,31.3,11,3.53356890459364
"IGK","5'J-REGION","B32.4_P16",0,0,0,34.43,32.4,32.4,0,0
"IGK","5'J-REGION","B32.4_P16",1,2,0.321543408360129,34.43,32.4,32.4,1,0.321543408360129
"IGK","5'J-REGION","B32.4_P16",2,0,0,34.43,32.4,32.4,2,0
"IGK","5'J-REGION","B32.4_P16",3,5,0.803858520900322,34.43,32.4,32.4,3,0.803858520900322
"IGK","5'J-REGION","B32.4_P16",4,2,0.321543408360129,34.43,32.4,32.4,4,0.321543408360129
"IGK","5'J-REGION","B32.4_P16",5,3,0.482315112540193,34.43,32.4,32.4,5,0.482315112540193
"IGK","5'J-REGION","B32.4_P16",6,31,4.98392282958199,34.43,32.4,32.4,6,4.98392282958199
"IGK","5'J-REGION","B32.4_P16",7,53,8.52090032154341,34.43,32.4,32.4,7,8.52090032154341
"IGK","5'J-REGION","B32.4_P16",8,103,16.5594855305466,34.43,32.4,32.4,8,16.5594855305466
"IGK","5'J-REGION","B32.4_P16",9,59,9.48553054662379,34.43,32.4,32.4,9,9.48553054662379
"IGK","5'J-REGION","B32.4_P16",10,343,55.1446945337621,34.43,32.4,32.4,10,55.1446945337621
"IGK","5'J-REGION","B32.4_P16",11,21,3.37620578778135,34.43,32.4,32.4,11,3.37620578778135
"IGK","5'J-REGION","B33.3_P17",0,0,0,35.29,33.3,33.3,0,0
"IGK","5'J-REGION","B33.3_P17",1,0,0,35.29,33.3,33.3,1,0
"IGK","5'J-REGION","B33.3_P17",2,0,0,35.29,33.3,33.3,2,0
"IGK","5'J-REGION","B33.3_P17",3,2,0.415800415800416,35.29,33.3,33.3,3,0.415800415800416
"IGK","5'J-REGION","B33.3_P17",4,2,0.415800415800416,35.29,33.3,33.3,4,0.415800415800416
"IGK","5'J-REGION","B33.3_P17",5,1,0.207900207900208,35.29,33.3,33.3,5,0.207900207900208
"IGK","5'J-REGION","B33.3_P17",6,19,3.95010395010395,35.29,33.3,33.3,6,3.95010395010395
"IGK","5'J-REGION","B33.3_P17",7,43,8.93970893970894,35.29,33.3,33.3,7,8.93970893970894
"IGK","5'J-REGION","B33.3_P17",8,87,18.0873180873181,35.29,33.3,33.3,8,18.0873180873181
"IGK","5'J-REGION","B33.3_P17",9,27,5.61330561330561,35.29,33.3,33.3,9,5.61330561330561
"IGK","5'J-REGION","B33.3_P17",10,286,59.4594594594595,35.29,33.3,33.3,10,59.4594594594595
"IGK","5'J-REGION","B33.3_P17",11,14,2.91060291060291,35.29,33.3,33.3,11,2.91060291060291
"IGK","5'J-REGION","B34.1_P18",0,2,0.243605359317905,36.14,34.1,34.1,0,0.243605359317905
"IGK","5'J-REGION","B34.1_P18",1,0,0,36.14,34.1,34.1,1,0
"IGK","5'J-REGION","B34.1_P18",2,0,0,36.14,34.1,34.1,2,0
"IGK","5'J-REGION","B34.1_P18",3,1,0.121802679658952,36.14,34.1,34.1,3,0.121802679658952
"IGK","5'J-REGION","B34.1_P18",4,2,0.243605359317905,36.14,34.1,34.1,4,0.243605359317905
"IGK","5'J-REGION","B34.1_P18",5,6,0.730816077953715,36.14,34.1,34.1,5,0.730816077953715
"IGK","5'J-REGION","B34.1_P18",6,37,4.50669914738124,36.14,34.1,34.1,6,4.50669914738124
"IGK","5'J-REGION","B34.1_P18",7,64,7.79537149817296,36.14,34.1,34.1,7,7.79537149817296
"IGK","5'J-REGION","B34.1_P18",8,149,18.1485992691839,36.14,34.1,34.1,8,18.1485992691839
"IGK","5'J-REGION","B34.1_P18",9,73,8.89159561510353,36.14,34.1,34.1,9,8.89159561510353
"IGK","5'J-REGION","B34.1_P18",10,460,56.0292326431181,36.14,34.1,34.1,10,56.0292326431181
"IGK","5'J-REGION","B34.1_P18",11,27,3.28867235079172,36.14,34.1,34.1,11,3.28867235079172
"IGK","5'J-REGION","B36.1_P19",0,0,0,38.14,36.1,36.1,0,0
"IGK","5'J-REGION","B36.1_P19",1,0,0,38.14,36.1,36.1,1,0
"IGK","5'J-REGION","B36.1_P19",2,0,0,38.14,36.1,36.1,2,0
"IGK","5'J-REGION","B36.1_P19",3,0,0,38.14,36.1,36.1,3,0
"IGK","5'J-REGION","B36.1_P19",4,1,0.326797385620915,38.14,36.1,36.1,4,0.326797385620915
"IGK","5'J-REGION","B36.1_P19",5,0,0,38.14,36.1,36.1,5,0
"IGK","5'J-REGION","B36.1_P19",6,15,4.90196078431373,38.14,36.1,36.1,6,4.90196078431373
"IGK","5'J-REGION","B36.1_P19",7,32,10.4575163398693,38.14,36.1,36.1,7,10.4575163398693
"IGK","5'J-REGION","B36.1_P19",8,55,17.9738562091503,38.14,36.1,36.1,8,17.9738562091503
"IGK","5'J-REGION","B36.1_P19",9,30,9.80392156862745,38.14,36.1,36.1,9,9.80392156862745
"IGK","5'J-REGION","B36.1_P19",10,169,55.2287581699346,38.14,36.1,36.1,10,55.2287581699346
"IGK","5'J-REGION","B36.1_P19",11,4,1.30718954248366,38.14,36.1,36.1,11,1.30718954248366
"IGK","5'J-REGION","B37.9_P20",0,0,0,39.86,37.9,37.9,0,0
"IGK","5'J-REGION","B37.9_P20",1,0,0,39.86,37.9,37.9,1,0
"IGK","5'J-REGION","B37.9_P20",2,1,0.26246719160105,39.86,37.9,37.9,2,0.26246719160105
"IGK","5'J-REGION","B37.9_P20",3,1,0.26246719160105,39.86,37.9,37.9,3,0.26246719160105
"IGK","5'J-REGION","B37.9_P20",4,1,0.26246719160105,39.86,37.9,37.9,4,0.26246719160105
"IGK","5'J-REGION","B37.9_P20",5,3,0.78740157480315,39.86,37.9,37.9,5,0.78740157480315
"IGK","5'J-REGION","B37.9_P20",6,19,4.98687664041995,39.86,37.9,37.9,6,4.98687664041995
"IGK","5'J-REGION","B37.9_P20",7,35,9.18635170603675,39.86,37.9,37.9,7,9.18635170603675
"IGK","5'J-REGION","B37.9_P20",8,63,16.5354330708661,39.86,37.9,37.9,8,16.5354330708661
"IGK","5'J-REGION","B37.9_P20",9,34,8.9238845144357,39.86,37.9,37.9,9,8.9238845144357
"IGK","5'J-REGION","B37.9_P20",10,208,54.5931758530184,39.86,37.9,37.9,10,54.5931758530184
"IGK","5'J-REGION","B37.9_P20",11,16,4.1994750656168,39.86,37.9,37.9,11,4.1994750656168
"IGK","5'J-REGION","B38.1_P21",0,0,0,40.14,38.1,38.1,0,0
"IGK","5'J-REGION","B38.1_P21",1,0,0,40.14,38.1,38.1,1,0
"IGK","5'J-REGION","B38.1_P21",2,0,0,40.14,38.1,38.1,2,0
"IGK","5'J-REGION","B38.1_P21",3,2,0.466200466200466,40.14,38.1,38.1,3,0.466200466200466
"IGK","5'J-REGION","B38.1_P21",4,2,0.466200466200466,40.14,38.1,38.1,4,0.466200466200466
"IGK","5'J-REGION","B38.1_P21",5,4,0.932400932400932,40.14,38.1,38.1,5,0.932400932400932
"IGK","5'J-REGION","B38.1_P21",6,23,5.36130536130536,40.14,38.1,38.1,6,5.36130536130536
"IGK","5'J-REGION","B38.1_P21",7,39,9.09090909090909,40.14,38.1,38.1,7,9.09090909090909
"IGK","5'J-REGION","B38.1_P21",8,72,16.7832167832168,40.14,38.1,38.1,8,16.7832167832168
"IGK","5'J-REGION","B38.1_P21",9,41,9.55710955710956,40.14,38.1,38.1,9,9.55710955710956
"IGK","5'J-REGION","B38.1_P21",10,236,55.011655011655,40.14,38.1,38.1,10,55.011655011655
"IGK","5'J-REGION","B38.1_P21",11,10,2.33100233100233,40.14,38.1,38.1,11,2.33100233100233
"IGK","5'J-REGION","B39.1_P22",0,0,0,41.14,39.1,39.1,0,0
"IGK","5'J-REGION","B39.1_P22",1,0,0,41.14,39.1,39.1,1,0
"IGK","5'J-REGION","B39.1_P22",2,0,0,41.14,39.1,39.1,2,0
"IGK","5'J-REGION","B39.1_P22",3,1,0.213219616204691,41.14,39.1,39.1,3,0.213219616204691
"IGK","5'J-REGION","B39.1_P22",4,3,0.639658848614073,41.14,39.1,39.1,4,0.639658848614073
"IGK","5'J-REGION","B39.1_P22",5,4,0.852878464818763,41.14,39.1,39.1,5,0.852878464818763
"IGK","5'J-REGION","B39.1_P22",6,27,5.75692963752665,41.14,39.1,39.1,6,5.75692963752665
"IGK","5'J-REGION","B39.1_P22",7,31,6.60980810234542,41.14,39.1,39.1,7,6.60980810234542
"IGK","5'J-REGION","B39.1_P22",8,73,15.5650319829424,41.14,39.1,39.1,8,15.5650319829424
"IGK","5'J-REGION","B39.1_P22",9,32,6.82302771855011,41.14,39.1,39.1,9,6.82302771855011
"IGK","5'J-REGION","B39.1_P22",10,286,60.9808102345416,41.14,39.1,39.1,10,60.9808102345416
"IGK","5'J-REGION","B39.1_P22",11,12,2.55863539445629,41.14,39.1,39.1,11,2.55863539445629
