Dgene,Jgene,frequency,percentage,combo,age_basis,n_samples,rho,p_value,p_adjusted_bh,significant_raw_p_0_05,significant_bh_q_0_05,direction,marker
IGHD1-1,IGHJ1,1,0.0176897222713603,IGHD1-1_IGHJ1,Gestational_week,20,0.33830594561008714,0.14457649332149447,0.4585593399974682,FALSE,FALSE,+,
IGHD1-1,IGHJ2,1,0.0176897222713603,IGHD1-1_IGHJ2,Gestational_week,20,0.13930244819238882,0.5580542556795971,0.7996859952522062,FALSE,FALSE,+,
IGHD1-1,IGHJ3,23,0.4068636122412878,IGHD1-1_IGHJ3,Gestational_week,20,0.00614812632771485,0.9794767306369808,0.997469835638826,FALSE,FALSE,+,
IGHD1-1,IGHJ4,30,0.5306916681408101,IGHD1-1_IGHJ4,Gestational_week,20,-0.16639002219289528,0.4832300637836549,0.7327841568693073,FALSE,FALSE,-,
IGHD1-1,IGHJ5,7,0.1238280558995223,IGHD1-1_IGHJ5,Gestational_week,20,-0.05971367695793053,0.8025290923102384,0.9144035954592856,FALSE,FALSE,-,
IGHD1-1,IGHJ6,13,0.2299663895276844,IGHD1-1_IGHJ6,Gestational_week,20,0.18677121371591424,0.430427974434637,0.7038763346637005,FALSE,FALSE,+,
IGHD2-2,IGHJ1,21,0.3714841676985671,IGHD2-2_IGHJ1,Gestational_week,20,-0.19793315436216455,0.40286776375916167,0.6883727623478024,FALSE,FALSE,-,
IGHD2-2,IGHJ2,34,0.6014505572262516,IGHD2-2_IGHJ2,Gestational_week,20,0.116244514773037,0.6255159307855607,0.8140176744708907,FALSE,FALSE,+,
IGHD2-2,IGHJ3,178,3.1487705643021404,IGHD2-2_IGHJ3,Gestational_week,20,0.20692249811888636,0.3813945119794005,0.6842362709024922,FALSE,FALSE,+,
IGHD2-2,IGHJ4,292,5.165398903237219,IGHD2-2_IGHJ4,Gestational_week,20,-0.09326815251530708,0.695719685785481,0.8482897923173848,FALSE,FALSE,-,
IGHD2-2,IGHJ5,84,1.4859366707942685,IGHD2-2_IGHJ5,Gestational_week,20,0.2327685101781637,0.32334936706436257,0.6513849568398028,FALSE,FALSE,+,
IGHD2-2,IGHJ6,132,2.3350433398195647,IGHD2-2_IGHJ6,Gestational_week,20,0.5958572542101211,0.00556450613881623,0.09668329416193208,TRUE,FALSE,+,+
IGHD3-3,IGHJ1,2,0.0353794445427206,IGHD3-3_IGHJ1,Gestational_week,20,-0.10250434085641212,0.6671721946215079,0.8320401500521344,FALSE,FALSE,-,
IGHD3-3,IGHJ2,6,0.106138333628162,IGHD3-3_IGHJ2,Gestational_week,20,0.12850957853135092,0.5892284731526791,0.8140176744708907,FALSE,FALSE,+,
IGHD3-3,IGHJ3,77,1.362108614894746,IGHD3-3_IGHJ3,Gestational_week,20,0.2854653461318867,0.2224557162396977,0.5477671973922856,FALSE,FALSE,+,
IGHD3-3,IGHJ4,168,2.971873341588537,IGHD3-3_IGHJ4,Gestational_week,20,0.3687352909841102,0.10963813876611242,0.40104477074972705,FALSE,FALSE,+,
IGHD3-3,IGHJ5,26,0.4599327790553688,IGHD3-3_IGHJ5,Gestational_week,20,0.22487709686875523,0.34048284572494403,0.6761016507966746,FALSE,FALSE,+,
IGHD3-3,IGHJ6,59,1.04369361401026,IGHD3-3_IGHJ6,Gestational_week,20,0.4215782831588614,0.06412053514020524,0.34279824555725114,FALSE,FALSE,+,
IGHD4-4,IGHJ1,2,0.0353794445427206,IGHD4-4_IGHJ1,Gestational_week,20,-0.11940209845061898,0.616089875618355,0.8140176744708907,FALSE,FALSE,-,
IGHD4-4,IGHJ2,8,0.1415177781708827,IGHD4-4_IGHJ2,Gestational_week,20,-0.08995670497194563,0.7060539565707907,0.8534043475073035,FALSE,FALSE,-,
IGHD4-4,IGHJ3,12,0.212276667256324,IGHD4-4_IGHJ3,Gestational_week,20,-0.3111438628494662,0.18177428810572216,0.49542404013128194,FALSE,FALSE,-,
IGHD4-4,IGHJ4,48,0.8491066690252963,IGHD4-4_IGHJ4,Gestational_week,20,-0.01383328423735842,0.9538415460969448,0.9821035178331504,FALSE,FALSE,-,
IGHD4-4,IGHJ5,7,0.1238280558995223,IGHD4-4_IGHJ5,Gestational_week,20,0.061667327594937,0.7961966310846129,0.9144035954592856,FALSE,FALSE,+,
IGHD4-4,IGHJ6,14,0.2476561117990447,IGHD4-4_IGHJ6,Gestational_week,20,0.20740384748570756,0.38026313781194454,0.6842362709024922,FALSE,FALSE,+,
IGHD5-5,IGHJ1,4,0.0707588890854413,IGHD5-5_IGHJ1,Gestational_week,20,0.23616490256334685,0.3161364247638042,0.6513849568398028,FALSE,FALSE,+,
IGHD5-5,IGHJ2,8,0.1415177781708827,IGHD5-5_IGHJ2,Gestational_week,20,0.17526503632245258,0.4598521697449474,0.7134817153836331,FALSE,FALSE,+,
IGHD5-5,IGHJ3,40,0.7075888908544136,IGHD5-5_IGHJ3,Gestational_week,20,-0.11595601787058112,0.6263799798234462,0.8140176744708907,FALSE,FALSE,-,
IGHD5-5,IGHJ4,84,1.4859366707942685,IGHD5-5_IGHJ4,Gestational_week,20,-0.19458036756362632,0.41104272859616975,0.6883727623478024,FALSE,FALSE,-,
IGHD5-5,IGHJ5,11,0.1945869449849637,IGHD5-5_IGHJ5,Gestational_week,20,0.28418739953360783,0.2246239586428797,0.5477671973922856,FALSE,FALSE,+,
IGHD5-5,IGHJ6,28,0.4953122235980895,IGHD5-5_IGHJ6,Gestational_week,20,0.7097204738085581,4.5650191136727e-4,0.05637853893574212,TRUE,FALSE,+,+
IGHD6-6,IGHJ1,11,0.1945869449849637,IGHD6-6_IGHJ1,Gestational_week,20,0.07590098248413128,0.7504528703090241,0.8873369840481912,FALSE,FALSE,+,
IGHD6-6,IGHJ2,26,0.4599327790553688,IGHD6-6_IGHJ2,Gestational_week,20,0.184426803234765,0.4363407219794626,0.7052483762226198,FALSE,FALSE,+,
IGHD6-6,IGHJ3,74,1.309039448080665,IGHD6-6_IGHJ3,Gestational_week,20,0.2793684659826925,0.23292384738787025,0.5487527929985417,FALSE,FALSE,+,
IGHD6-6,IGHJ4,162,2.865735007960375,IGHD6-6_IGHJ4,Gestational_week,20,0.3345427666357416,0.14938250256529834,0.4614259523683659,FALSE,FALSE,+,
IGHD6-6,IGHJ5,43,0.7606580576684946,IGHD6-6_IGHJ5,Gestational_week,20,0.03576305065452857,0.8810122315517965,0.9566139846355964,FALSE,FALSE,+,
IGHD6-6,IGHJ6,42,0.7429683353971342,IGHD6-6_IGHJ6,Gestational_week,20,0.3577681295968557,0.12144237058394902,0.4328330643889466,FALSE,FALSE,+,
IGHD1-7,IGHJ1,1,0.0176897222713603,IGHD1-7_IGHJ1,Gestational_week,20,0.3781066450936268,0.10022740231959772,0.39804596921211666,FALSE,FALSE,+,
IGHD1-7,IGHJ2,3,0.053069166814081,IGHD1-7_IGHJ2,Gestational_week,20,0.12462155751192495,0.6006353555104154,0.8140176744708907,FALSE,FALSE,+,
IGHD1-7,IGHJ3,32,0.5660711126835308,IGHD1-7_IGHJ3,Gestational_week,20,0.10728915196358572,0.6525515904182483,0.8245879188012409,FALSE,FALSE,+,
IGHD1-7,IGHJ4,57,1.0083141694675395,IGHD1-7_IGHJ4,Gestational_week,20,0.15503201380680712,0.5139847035195249,0.7600412105235527,FALSE,FALSE,+,
IGHD1-7,IGHJ5,14,0.2476561117990447,IGHD1-7_IGHJ5,Gestational_week,20,0.20265463574924583,0.39150805756736173,0.6842362709024922,FALSE,FALSE,+,
IGHD1-7,IGHJ6,11,0.1945869449849637,IGHD1-7_IGHJ6,Gestational_week,20,0.3741769426249186,0.1040991462788614,0.398746584841171,FALSE,FALSE,+,
IGHD2-8,IGHJ1,1,0.0176897222713603,IGHD2-8_IGHJ1,Gestational_week,20,0.09950174870884916,0.6764067406898646,0.8320401500521344,FALSE,FALSE,+,
IGHD2-8,IGHJ2,5,0.0884486113568017,IGHD2-8_IGHJ2,Gestational_week,20,0.5196703778500981,0.01885222499431611,0.1666147712523872,TRUE,FALSE,+,+
IGHD2-8,IGHJ3,16,0.2830355563417654,IGHD2-8_IGHJ3,Gestational_week,20,0.04497541937375105,0.8506573801890094,0.938423617827558,FALSE,FALSE,+,
IGHD2-8,IGHJ4,12,0.212276667256324,IGHD2-8_IGHJ4,Gestational_week,20,0.20169389100599697,0.39380504800143434,0.6842362709024922,FALSE,FALSE,+,
IGHD2-8,IGHJ5,2,0.0353794445427206,IGHD2-8_IGHJ5,Gestational_week,20,0.30606929945858263,0.18938148845280403,0.5062312864411492,FALSE,FALSE,+,
IGHD2-8,IGHJ6,3,0.053069166814081,IGHD2-8_IGHJ6,Gestational_week,20,0.07501491811397425,0.7532788785445076,0.8873369840481912,FALSE,FALSE,+,
IGHD3-9,IGHJ1,6,0.106138333628162,IGHD3-9_IGHJ1,Gestational_week,20,0.0751286766798667,0.7529158877835869,0.8873369840481912,FALSE,FALSE,+,
IGHD3-9,IGHJ2,6,0.106138333628162,IGHD3-9_IGHJ2,Gestational_week,20,0.04744969053465265,0.8425372061337729,0.9369013732207554,FALSE,FALSE,+,
IGHD3-9,IGHJ3,81,1.4328675039801877,IGHD3-9_IGHJ3,Gestational_week,20,-0.15634552573796767,0.5103811672488929,0.7600412105235527,FALSE,FALSE,-,
IGHD3-9,IGHJ4,203,3.591013621086149,IGHD3-9_IGHJ4,Gestational_week,20,-0.24680210684725357,0.29417713575266935,0.6290864903018623,FALSE,FALSE,-,
IGHD3-9,IGHJ5,19,0.3361047231558464,IGHD3-9_IGHJ5,Gestational_week,20,0.44362256092808466,0.05008139237986855,0.30266580612181426,FALSE,FALSE,+,
IGHD3-9,IGHJ6,63,1.114452503095701,IGHD3-9_IGHJ6,Gestational_week,20,0.5179342841111491,0.01932398794374524,0.1666147712523872,TRUE,FALSE,+,+
IGHD3-10,IGHJ1,16,0.2830355563417654,IGHD3-10_IGHJ1,Gestational_week,20,0.03480736255614766,0.8841711253689077,0.9566139846355964,FALSE,FALSE,+,
IGHD3-10,IGHJ2,42,0.7429683353971342,IGHD3-10_IGHJ2,Gestational_week,20,0.17445308454890895,0.46196657830594945,0.7134817153836331,FALSE,FALSE,+,
IGHD3-10,IGHJ3,149,2.6357686184326905,IGHD3-10_IGHJ3,Gestational_week,20,-0.295822376992283,0.20538865625653333,0.5286856151788543,FALSE,FALSE,-,
IGHD3-10,IGHJ4,430,7.606580576684946,IGHD3-10_IGHJ4,Gestational_week,20,-0.314403933479019,0.17699797324159203,0.49542404013128194,FALSE,FALSE,-,
IGHD3-10,IGHJ5,74,1.309039448080665,IGHD3-10_IGHJ5,Gestational_week,20,-0.1263633034078354,0.5955140480137089,0.8140176744708907,FALSE,FALSE,-,
IGHD3-10,IGHJ6,121,2.140456394834601,IGHD3-10_IGHJ6,Gestational_week,20,0.2990970654627539,0.20017863307454195,0.524996792403044,FALSE,FALSE,+,
IGHD4-11,IGHJ1,0,0,IGHD4-11_IGHJ1,Gestational_week,NA,NA,NA,NA,FALSE,FALSE,,
IGHD4-11,IGHJ2,0,0,IGHD4-11_IGHJ2,Gestational_week,NA,NA,NA,NA,FALSE,FALSE,,
IGHD4-11,IGHJ3,0,0,IGHD4-11_IGHJ3,Gestational_week,NA,NA,NA,NA,FALSE,FALSE,,
IGHD4-11,IGHJ4,0,0,IGHD4-11_IGHJ4,Gestational_week,NA,NA,NA,NA,FALSE,FALSE,,
IGHD4-11,IGHJ5,0,0,IGHD4-11_IGHJ5,Gestational_week,NA,NA,NA,NA,FALSE,FALSE,,
IGHD4-11,IGHJ6,0,0,IGHD4-11_IGHJ6,Gestational_week,NA,NA,NA,NA,FALSE,FALSE,,
IGHD5-12,IGHJ1,1,0.0176897222713603,IGHD5-12_IGHJ1,Gestational_week,20,-0.05970104922530949,0.8025700622016751,0.9144035954592856,FALSE,FALSE,-,
IGHD5-12,IGHJ2,7,0.1238280558995223,IGHD5-12_IGHJ2,Gestational_week,20,0.06676763288474383,0.7797233875839821,0.9107693350770883,FALSE,FALSE,+,
IGHD5-12,IGHJ3,49,0.8667963912966566,IGHD5-12_IGHJ3,Gestational_week,20,-0.3178909750653238,0.17198445080892932,0.49542404013128194,FALSE,FALSE,-,
IGHD5-12,IGHJ4,56,0.990624447196179,IGHD5-12_IGHJ4,Gestational_week,20,0.4009198264937086,0.07979535530085678,0.38246739264893426,FALSE,FALSE,+,
IGHD5-12,IGHJ5,4,0.0707588890854413,IGHD5-12_IGHJ5,Gestational_week,20,0.11131245913686504,0.6403513077744782,0.816594786978463,FALSE,FALSE,+,
IGHD5-12,IGHJ6,17,0.3007252786131258,IGHD5-12_IGHJ6,Gestational_week,20,0.5335203950719988,0.0154088436499078,0.1666147712523872,TRUE,FALSE,+,+
IGHD6-13,IGHJ1,37,0.6545197240403325,IGHD6-13_IGHJ1,Gestational_week,20,7.5788246974236e-4,0.997469835638826,0.997469835638826,FALSE,FALSE,+,
IGHD6-13,IGHJ2,39,0.6898991685830532,IGHD6-13_IGHJ2,Gestational_week,20,-0.0331450305755314,0.8896697169064371,0.9566139846355964,FALSE,FALSE,-,
IGHD6-13,IGHJ3,150,2.653458340704051,IGHD6-13_IGHJ3,Gestational_week,20,-0.11587659894657634,0.6266179220747143,0.8140176744708907,FALSE,FALSE,-,
IGHD6-13,IGHJ4,359,6.350610295418361,IGHD6-13_IGHJ4,Gestational_week,20,-0.21436631828114935,0.3641102095357407,0.6773316699121817,FALSE,FALSE,-,
IGHD6-13,IGHJ5,142,2.511940562533168,IGHD6-13_IGHJ5,Gestational_week,20,-0.33784800601956355,0.14515547453157265,0.4585593399974682,FALSE,FALSE,-,
IGHD6-13,IGHJ6,93,1.6451441712365116,IGHD6-13_IGHJ6,Gestational_week,20,0.5998524617001574,0.0051768051369492,0.09668329416193208,TRUE,FALSE,+,+
IGHD1-14,IGHJ1,0,0,IGHD1-14_IGHJ1,Gestational_week,NA,NA,NA,NA,FALSE,FALSE,,
IGHD1-14,IGHJ2,0,0,IGHD1-14_IGHJ2,Gestational_week,NA,NA,NA,NA,FALSE,FALSE,,
IGHD1-14,IGHJ3,0,0,IGHD1-14_IGHJ3,Gestational_week,NA,NA,NA,NA,FALSE,FALSE,,
IGHD1-14,IGHJ4,0,0,IGHD1-14_IGHJ4,Gestational_week,NA,NA,NA,NA,FALSE,FALSE,,
IGHD1-14,IGHJ5,0,0,IGHD1-14_IGHJ5,Gestational_week,NA,NA,NA,NA,FALSE,FALSE,,
IGHD1-14,IGHJ6,0,0,IGHD1-14_IGHJ6,Gestational_week,NA,NA,NA,NA,FALSE,FALSE,,
IGHD2-15,IGHJ1,8,0.1415177781708827,IGHD2-15_IGHJ1,Gestational_week,20,-0.0026477086913069,0.9911608679920896,0.997469835638826,FALSE,FALSE,-,
IGHD2-15,IGHJ2,16,0.2830355563417654,IGHD2-15_IGHJ2,Gestational_week,20,0.2649623102218617,0.25890830558275857,0.5899713848525154,FALSE,FALSE,+,
IGHD2-15,IGHJ3,63,1.114452503095701,IGHD2-15_IGHJ3,Gestational_week,20,0.2915256098347875,0.21236024235562004,0.5366922488623852,FALSE,FALSE,+,
IGHD2-15,IGHJ4,131,2.3173536175482043,IGHD2-15_IGHJ4,Gestational_week,20,-0.01504890895410082,0.949789988691104,0.9821035178331504,FALSE,FALSE,-,
IGHD2-15,IGHJ5,24,0.4245533345126481,IGHD2-15_IGHJ5,Gestational_week,20,0.23439731624412877,0.3198781246064821,0.6513849568398028,FALSE,FALSE,+,
IGHD2-15,IGHJ6,45,0.7960375022112153,IGHD2-15_IGHJ6,Gestational_week,20,0.2538906273636907,0.2800767810150019,0.6082917587669572,FALSE,FALSE,+,
IGHD3-16,IGHJ1,0,0,IGHD3-16_IGHJ1,Gestational_week,NA,NA,NA,NA,FALSE,FALSE,,
IGHD3-16,IGHJ2,2,0.0353794445427206,IGHD3-16_IGHJ2,Gestational_week,20,0.01443723110653691,0.9518285084276152,0.9821035178331504,FALSE,FALSE,+,
IGHD3-16,IGHJ3,7,0.1238280558995223,IGHD3-16_IGHJ3,Gestational_week,20,0.14474140845811082,0.5426279386752795,0.7939503523775142,FALSE,FALSE,+,
IGHD3-16,IGHJ4,29,0.5130019458694499,IGHD3-16_IGHJ4,Gestational_week,20,0.5004231078590085,0.02462846477773665,0.18017666337396812,TRUE,FALSE,+,+
IGHD3-16,IGHJ5,0,0,IGHD3-16_IGHJ5,Gestational_week,NA,NA,NA,NA,FALSE,FALSE,,
IGHD3-16,IGHJ6,4,0.0707588890854413,IGHD3-16_IGHJ6,Gestational_week,20,0.5153666894206976,0.02003891055177477,0.1666147712523872,TRUE,FALSE,+,+
IGHD4-17,IGHJ1,3,0.053069166814081,IGHD4-17_IGHJ1,Gestational_week,20,0.2177852461373446,0.35632421442372386,0.6773316699121817,FALSE,FALSE,+,
IGHD4-17,IGHJ2,11,0.1945869449849637,IGHD4-17_IGHJ2,Gestational_week,20,0.5171857643686155,0.01953027169890355,0.1666147712523872,TRUE,FALSE,+,+
IGHD4-17,IGHJ3,22,0.3891738899699274,IGHD4-17_IGHJ3,Gestational_week,20,0.2563688350290924,0.27524798074644574,0.6082917587669572,FALSE,FALSE,+,
IGHD4-17,IGHJ4,67,1.185211392181143,IGHD4-17_IGHJ4,Gestational_week,20,0.02862525367886802,0.9046438935665072,0.9598893221812558,FALSE,FALSE,+,
IGHD4-17,IGHJ5,5,0.0884486113568017,IGHD4-17_IGHJ5,Gestational_week,20,0.5160153845643476,0.01985633006031576,0.1666147712523872,TRUE,FALSE,+,+
IGHD4-17,IGHJ6,27,0.4776225013267292,IGHD4-17_IGHJ6,Gestational_week,20,0.4589525730628675,0.04180012831422255,0.2905108917838467,TRUE,FALSE,+,+
IGHD5-18,IGHJ1,0,0,IGHD5-18_IGHJ1,Gestational_week,NA,NA,NA,NA,FALSE,FALSE,,
IGHD5-18,IGHJ2,0,0,IGHD5-18_IGHJ2,Gestational_week,NA,NA,NA,NA,FALSE,FALSE,,
IGHD5-18,IGHJ3,0,0,IGHD5-18_IGHJ3,Gestational_week,NA,NA,NA,NA,FALSE,FALSE,,
IGHD5-18,IGHJ4,0,0,IGHD5-18_IGHJ4,Gestational_week,NA,NA,NA,NA,FALSE,FALSE,,
IGHD5-18,IGHJ5,0,0,IGHD5-18_IGHJ5,Gestational_week,NA,NA,NA,NA,FALSE,FALSE,,
IGHD5-18,IGHJ6,0,0,IGHD5-18_IGHJ6,Gestational_week,NA,NA,NA,NA,FALSE,FALSE,,
IGHD6-19,IGHJ1,6,0.106138333628162,IGHD6-19_IGHJ1,Gestational_week,20,0.19572997345544216,0.4082296104912528,0.6883727623478024,FALSE,FALSE,+,
IGHD6-19,IGHJ2,13,0.2299663895276844,IGHD6-19_IGHJ2,Gestational_week,20,0.3721469422415794,0.10614117725988004,0.398746584841171,FALSE,FALSE,+,
IGHD6-19,IGHJ3,39,0.6898991685830532,IGHD6-19_IGHJ3,Gestational_week,20,0.1311136672654283,0.5816399663104499,0.8140176744708907,FALSE,FALSE,+,
IGHD6-19,IGHJ4,114,2.016628338935079,IGHD6-19_IGHJ4,Gestational_week,20,0.21377494927686608,0.36546672836988225,0.6773316699121817,FALSE,FALSE,+,
IGHD6-19,IGHJ5,30,0.5306916681408101,IGHD6-19_IGHJ5,Gestational_week,20,0.32133201859205385,0.16713308051751086,0.49542404013128194,FALSE,FALSE,+,
IGHD6-19,IGHJ6,19,0.3361047231558464,IGHD6-19_IGHJ6,Gestational_week,20,0.447893664998715,0.04765777619575452,0.3011104950549945,TRUE,FALSE,+,+
IGHD1-20,IGHJ1,0,0,IGHD1-20_IGHJ1,Gestational_week,NA,NA,NA,NA,FALSE,FALSE,,
IGHD1-20,IGHJ2,1,0.0176897222713603,IGHD1-20_IGHJ2,Gestational_week,20,0.3781066450936268,0.10022740231959772,0.39804596921211666,FALSE,FALSE,+,
IGHD1-20,IGHJ3,6,0.106138333628162,IGHD1-20_IGHJ3,Gestational_week,20,0.01779363395049474,0.9406465999032676,0.9821035178331504,FALSE,FALSE,+,
IGHD1-20,IGHJ4,12,0.212276667256324,IGHD1-20_IGHJ4,Gestational_week,20,0.3128668983446906,0.17923911563459585,0.49542404013128194,FALSE,FALSE,+,
IGHD1-20,IGHJ5,2,0.0353794445427206,IGHD1-20_IGHJ5,Gestational_week,20,0.17910314767592844,0.4499246852756276,0.7106764915149117,FALSE,FALSE,+,
IGHD1-20,IGHJ6,2,0.0353794445427206,IGHD1-20_IGHJ6,Gestational_week,20,0.2050086817128242,0.38591142061512707,0.6842362709024922,FALSE,FALSE,+,
IGHD2-21,IGHJ1,8,0.1415177781708827,IGHD2-21_IGHJ1,Gestational_week,20,0.12355973892765557,0.6037663448171544,0.8140176744708907,FALSE,FALSE,+,
IGHD2-21,IGHJ2,4,0.0707588890854413,IGHD2-21_IGHJ2,Gestational_week,20,0.2732842152669253,0.24368335619044676,0.5645331085078683,FALSE,FALSE,+,
IGHD2-21,IGHJ3,45,0.7960375022112153,IGHD2-21_IGHJ3,Gestational_week,20,0.05716943349493622,0.8107936142262323,0.916262702255661,FALSE,FALSE,+,
IGHD2-21,IGHJ4,46,0.8137272244825756,IGHD2-21_IGHJ4,Gestational_week,20,-0.4146555247833056,0.06908922588160706,0.35568157027938446,FALSE,FALSE,-,
IGHD2-21,IGHJ5,8,0.1415177781708827,IGHD2-21_IGHJ5,Gestational_week,20,0.5832894595069981,0.00694294687687106,0.10197868162848532,TRUE,FALSE,+,+
IGHD2-21,IGHJ6,19,0.3361047231558464,IGHD2-21_IGHJ6,Gestational_week,20,0.00473146982539038,0.9842050707003974,0.997469835638826,FALSE,FALSE,+,
IGHD3-22,IGHJ1,3,0.053069166814081,IGHD3-22_IGHJ1,Gestational_week,20,0.42831098407011103,0.05955142674938987,0.33479227827415703,FALSE,FALSE,+,
IGHD3-22,IGHJ2,15,0.2653458340704051,IGHD3-22_IGHJ2,Gestational_week,20,0.6536992480056999,0.0017719708717869,0.05858394482548865,TRUE,FALSE,+,+
IGHD3-22,IGHJ3,44,0.7783477799398549,IGHD3-22_IGHJ3,Gestational_week,20,0.6839790539582775,8.8222411072301e-4,0.05637853893574212,TRUE,FALSE,+,+
IGHD3-22,IGHJ4,184,3.2549088979303025,IGHD3-22_IGHJ4,Gestational_week,20,0.6704335730050668,0.00121680299861313,0.05637853893574212,TRUE,FALSE,+,+
IGHD3-22,IGHJ5,13,0.2299663895276844,IGHD3-22_IGHJ5,Gestational_week,20,0.6175004572592578,0.00372028608421045,0.0861866276175422,TRUE,FALSE,+,+
IGHD3-22,IGHJ6,31,0.5483813904121705,IGHD3-22_IGHJ6,Gestational_week,20,0.39271199550740216,0.08675401766308831,0.39804596921211666,FALSE,FALSE,+,
IGHD4-23,IGHJ1,1,0.0176897222713603,IGHD4-23_IGHJ1,Gestational_week,20,0.3781066450936268,0.10022740231959772,0.39804596921211666,FALSE,FALSE,+,
IGHD4-23,IGHJ2,4,0.0707588890854413,IGHD4-23_IGHJ2,Gestational_week,20,-0.13672073785288855,0.565444154788514,0.8020075256694228,FALSE,FALSE,-,
IGHD4-23,IGHJ3,6,0.106138333628162,IGHD4-23_IGHJ3,Gestational_week,20,0.31435419979207385,0.17707018963844853,0.49542404013128194,FALSE,FALSE,+,
IGHD4-23,IGHJ4,12,0.212276667256324,IGHD4-23_IGHJ4,Gestational_week,20,0.4273103164234064,0.06021443853851745,0.33479227827415703,FALSE,FALSE,+,
IGHD4-23,IGHJ5,1,0.0176897222713603,IGHD4-23_IGHJ5,Gestational_week,20,0.17910314767592844,0.4499246852756276,0.7106764915149117,FALSE,FALSE,+,
IGHD4-23,IGHJ6,5,0.0884486113568017,IGHD4-23_IGHJ6,Gestational_week,20,0.452749130518144,0.04501302375679107,0.2979433477235218,TRUE,FALSE,+,+
IGHD5-24,IGHJ1,0,0,IGHD5-24_IGHJ1,Gestational_week,NA,NA,NA,NA,FALSE,FALSE,,
IGHD5-24,IGHJ2,0,0,IGHD5-24_IGHJ2,Gestational_week,NA,NA,NA,NA,FALSE,FALSE,,
IGHD5-24,IGHJ3,6,0.106138333628162,IGHD5-24_IGHJ3,Gestational_week,20,0.510084173247516,0.0215760135434746,0.1666147712523872,TRUE,FALSE,+,+
IGHD5-24,IGHJ4,10,0.1768972227136034,IGHD5-24_IGHJ4,Gestational_week,20,-0.05030646513483119,0.8331807620561431,0.9339687574661604,FALSE,FALSE,-,
IGHD5-24,IGHJ5,1,0.0176897222713603,IGHD5-24_IGHJ5,Gestational_week,20,0.2189038471594681,0.3537977887689535,0.6773316699121817,FALSE,FALSE,+,
IGHD5-24,IGHJ6,6,0.106138333628162,IGHD5-24_IGHJ6,Gestational_week,20,0.25606946154932364,0.2758285366987171,0.6082917587669572,FALSE,FALSE,+,
IGHD6-25,IGHJ1,0,0,IGHD6-25_IGHJ1,Gestational_week,NA,NA,NA,NA,FALSE,FALSE,,
IGHD6-25,IGHJ2,0,0,IGHD6-25_IGHJ2,Gestational_week,NA,NA,NA,NA,FALSE,FALSE,,
IGHD6-25,IGHJ3,1,0.0176897222713603,IGHD6-25_IGHJ3,Gestational_week,20,0.33830594561008714,0.14457649332149447,0.4585593399974682,FALSE,FALSE,+,
IGHD6-25,IGHJ4,6,0.106138333628162,IGHD6-25_IGHJ4,Gestational_week,20,-0.33940213383078116,0.14319713326593336,0.4585593399974682,FALSE,FALSE,-,
IGHD6-25,IGHJ5,3,0.053069166814081,IGHD6-25_IGHJ5,Gestational_week,20,0.11131245913686504,0.6403513077744782,0.816594786978463,FALSE,FALSE,+,
IGHD6-25,IGHJ6,4,0.0707588890854413,IGHD6-25_IGHJ6,Gestational_week,20,0.24423431836847256,0.29939025094233324,0.6305340133482473,FALSE,FALSE,+,
IGHD1-26,IGHJ1,7,0.1238280558995223,IGHD1-26_IGHJ1,Gestational_week,20,0.03163312702310177,0.8946749496591908,0.9566139846355964,FALSE,FALSE,+,
IGHD1-26,IGHJ2,2,0.0353794445427206,IGHD1-26_IGHJ2,Gestational_week,20,0.3782554549912672,0.10008287791706634,0.39804596921211666,FALSE,FALSE,+,
IGHD1-26,IGHJ3,42,0.7429683353971342,IGHD1-26_IGHJ3,Gestational_week,20,0.3796468007363922,0.0987389353853712,0.39804596921211666,FALSE,FALSE,+,
IGHD1-26,IGHJ4,118,2.08738722802052,IGHD1-26_IGHJ4,Gestational_week,20,0.22083932668004536,0.3494509104706307,0.6773316699121817,FALSE,FALSE,+,
IGHD1-26,IGHJ5,17,0.3007252786131258,IGHD1-26_IGHJ5,Gestational_week,20,0.40215071250637935,0.07878863924049717,0.38246739264893426,FALSE,FALSE,+,
IGHD1-26,IGHJ6,43,0.7606580576684946,IGHD1-26_IGHJ6,Gestational_week,20,0.6456334689361464,0.00210733614480175,0.05858394482548865,TRUE,FALSE,+,+
IGHD7-27,IGHJ1,1,0.0176897222713603,IGHD7-27_IGHJ1,Gestational_week,20,0.09950174870884916,0.6764067406898646,0.8320401500521344,FALSE,FALSE,+,
IGHD7-27,IGHJ2,10,0.1768972227136034,IGHD7-27_IGHJ2,Gestational_week,20,-0.2815396908423009,0.22915999295169043,0.5487527929985417,FALSE,FALSE,-,
IGHD7-27,IGHJ3,56,0.990624447196179,IGHD7-27_IGHJ3,Gestational_week,20,-0.5800791851952862,0.00733659580061045,0.10197868162848532,TRUE,FALSE,-,-
IGHD7-27,IGHJ4,45,0.7960375022112153,IGHD7-27_IGHJ4,Gestational_week,20,-0.16572387079066653,0.48500821893508106,0.7327841568693073,FALSE,FALSE,-,
IGHD7-27,IGHJ5,14,0.2476561117990447,IGHD7-27_IGHJ5,Gestational_week,20,-0.5121137125536779,0.02097475341476739,0.1666147712523872,TRUE,FALSE,-,-
IGHD7-27,IGHJ6,3,0.053069166814081,IGHD7-27_IGHJ6,Gestational_week,20,-0.19116704938722473,0.4194568813189091,0.6941012678967663,FALSE,FALSE,-,
