Cellname,MainID,Last_cell_type,Time_ProB
C10_AACACGTGTAAACCTC-1,L24.6_P11,Pro-B,L24.6_P11_Pro-B
C10_AACCGCGCAAACAACA-1,L24.6_P11,Pro-B,L24.6_P11_Pro-B
C10_ACCGTAAAGCCTCGTG-1,L24.6_P11,Pro-B,L24.6_P11_Pro-B
C10_ACCTTTACACTAGTAC-1,L24.6_P11,Pro-B,L24.6_P11_Pro-B
C10_ACGGCCACAAGCGATG-1,L24.6_P11,Pro-B,L24.6_P11_Pro-B
C10_ACGGCCAGTTTGGCGC-1,L24.6_P11,Pro-B,L24.6_P11_Pro-B
C10_AGACGTTCACGGTAAG-1,L24.6_P11,Pro-B,L24.6_P11_Pro-B
C10_AGGGAGTCAGCTATTG-1,L24.6_P11,Pro-B,L24.6_P11_Pro-B
C10_AGGGATGGTGCGGTAA-1,L24.6_P11,Pro-B,L24.6_P11_Pro-B
C10_AGGGATGTCTGATACG-1,L24.6_P11,Pro-B,L24.6_P11_Pro-B
C10_AGTCTTTAGTTAACGA-1,L24.6_P11,Pro-B,L24.6_P11_Pro-B
C10_AGTTGGTAGCGTTCCG-1,L24.6_P11,Pro-B,L24.6_P11_Pro-B
C10_AGTTGGTAGCTCCCAG-1,L24.6_P11,Pro-B,L24.6_P11_Pro-B
C10_ATAACGCAGATCCGAG-1,L24.6_P11,Pro-B,L24.6_P11_Pro-B
C10_ATCTACTGTAGCTCCG-1,L24.6_P11,Pro-B,L24.6_P11_Pro-B
C10_ATGAGGGGTCAGGACA-1,L24.6_P11,Pro-B,L24.6_P11_Pro-B
C10_ATTGGTGTCCAAGTAC-1,L24.6_P11,Pro-B,L24.6_P11_Pro-B
C10_ATTTCTGTCATTCACT-1,L24.6_P11,Pro-B,L24.6_P11_Pro-B
C10_CAAGAAAAGTGTACCT-1,L24.6_P11,Pro-B,L24.6_P11_Pro-B
C10_CACATAGAGTTGAGTA-1,L24.6_P11,Pro-B,L24.6_P11_Pro-B
C10_CACCACTCACAAGTAA-1,L24.6_P11,Pro-B,L24.6_P11_Pro-B
C10_CAGAATCGTTGGTGGA-1,L24.6_P11,Pro-B,L24.6_P11_Pro-B
C10_CAGCTGGAGTTCGCGC-1,L24.6_P11,Pro-B,L24.6_P11_Pro-B
C10_CAGGTGCGTTGACGTT-1,L24.6_P11,Pro-B,L24.6_P11_Pro-B
C10_CATATGGTCTTACCGC-1,L24.6_P11,Pro-B,L24.6_P11_Pro-B
C10_CATCAAGTCCCTTGCA-1,L24.6_P11,Pro-B,L24.6_P11_Pro-B
C10_CATCCACCAGTTAACC-1,L24.6_P11,Pro-B,L24.6_P11_Pro-B
C10_CATTATCCATTTGCTT-1,L24.6_P11,Pro-B,L24.6_P11_Pro-B
C10_CATTCGCAGAGAGCTC-1,L24.6_P11,Pro-B,L24.6_P11_Pro-B
C10_CCAGCGAGTTAAGGGC-1,L24.6_P11,Pro-B,L24.6_P11_Pro-B
C10_CCCAGTTTCTTGGGTA-1,L24.6_P11,Pro-B,L24.6_P11_Pro-B
C10_CCCATACGTTCAGGCC-1,L24.6_P11,Pro-B,L24.6_P11_Pro-B
C10_CCTATTACACCCTATC-1,L24.6_P11,Pro-B,L24.6_P11_Pro-B
C10_CCTTCCCGTCGGATCC-1,L24.6_P11,Pro-B,L24.6_P11_Pro-B
C10_CCTTTCTCACCAGTTA-1,L24.6_P11,Pro-B,L24.6_P11_Pro-B
C10_CGAGCACCACAAGACG-1,L24.6_P11,Pro-B,L24.6_P11_Pro-B
C10_CGAGCCAAGTACGTTC-1,L24.6_P11,Pro-B,L24.6_P11_Pro-B
C10_CGAGCCATCGTCCGTT-1,L24.6_P11,Pro-B,L24.6_P11_Pro-B
C10_CGATTGACATCGACGC-1,L24.6_P11,Pro-B,L24.6_P11_Pro-B
C10_CGGAGTCCATACAGCT-1,L24.6_P11,Pro-B,L24.6_P11_Pro-B
C10_CGGTTAAGTACCGGCT-1,L24.6_P11,Pro-B,L24.6_P11_Pro-B
C10_CGTGTAATCGGCTACG-1,L24.6_P11,Pro-B,L24.6_P11_Pro-B
C10_CTAACTTCATGAAGTA-1,L24.6_P11,Pro-B,L24.6_P11_Pro-B
C10_CTAATGGGTTCATGGT-1,L24.6_P11,Pro-B,L24.6_P11_Pro-B
C10_CTCACACAGACGCACA-1,L24.6_P11,Pro-B,L24.6_P11_Pro-B
C10_CTCATTACATGTAAGA-1,L24.6_P11,Pro-B,L24.6_P11_Pro-B
C10_CTCATTAGTGTTCTTT-1,L24.6_P11,Pro-B,L24.6_P11_Pro-B
C10_CTCGAAACAGTCACTA-1,L24.6_P11,Pro-B,L24.6_P11_Pro-B
C10_CTGCGGACACATGGGA-1,L24.6_P11,Pro-B,L24.6_P11_Pro-B
C10_CTGTGCTGTTGAACTC-1,L24.6_P11,Pro-B,L24.6_P11_Pro-B
C10_GAAATGACATTCTCAT-1,L24.6_P11,Pro-B,L24.6_P11_Pro-B
C10_GAATAAGTCTGGCGTG-1,L24.6_P11,Pro-B,L24.6_P11_Pro-B
C10_GACGTGCGTAAACCTC-1,L24.6_P11,Pro-B,L24.6_P11_Pro-B
C10_GACGTGCTCAACTCTT-1,L24.6_P11,Pro-B,L24.6_P11_Pro-B
C10_GACGTTACACGGCTAC-1,L24.6_P11,Pro-B,L24.6_P11_Pro-B
C10_GATCGTAGTCGTGGCT-1,L24.6_P11,Pro-B,L24.6_P11_Pro-B
C10_GATCTAGAGGATGGTC-1,L24.6_P11,Pro-B,L24.6_P11_Pro-B
C10_GATGCTATCACATGCA-1,L24.6_P11,Pro-B,L24.6_P11_Pro-B
C10_GCAGCCATCCGTTGCT-1,L24.6_P11,Pro-B,L24.6_P11_Pro-B
C10_GCCTCTACAAGTAGTA-1,L24.6_P11,Pro-B,L24.6_P11_Pro-B
C10_GCGCGATGTTCAGCGC-1,L24.6_P11,Pro-B,L24.6_P11_Pro-B
C10_GCTCTGTTCTGAAAGA-1,L24.6_P11,Pro-B,L24.6_P11_Pro-B
C10_GCTGCTTAGATGCGAC-1,L24.6_P11,Pro-B,L24.6_P11_Pro-B
C10_GCTTCCACAAGGGTCA-1,L24.6_P11,Pro-B,L24.6_P11_Pro-B
C10_GGACAGATCTCGTATT-1,L24.6_P11,Pro-B,L24.6_P11_Pro-B
C10_GGACGTCTCCGAAGAG-1,L24.6_P11,Pro-B,L24.6_P11_Pro-B
C10_GGATTACCAACCGCCA-1,L24.6_P11,Pro-B,L24.6_P11_Pro-B
C10_GGCAATTCATTGCGGC-1,L24.6_P11,Pro-B,L24.6_P11_Pro-B
C10_GGGCACTTCGCCAGCA-1,L24.6_P11,Pro-B,L24.6_P11_Pro-B
C10_GGTGTTAGTCATATCG-1,L24.6_P11,Pro-B,L24.6_P11_Pro-B
C10_GTACTCCTCTTGTTTG-1,L24.6_P11,Pro-B,L24.6_P11_Pro-B
C10_GTATTCTGTGTGACGA-1,L24.6_P11,Pro-B,L24.6_P11_Pro-B
C10_GTCACAATCCAGGGCT-1,L24.6_P11,Pro-B,L24.6_P11_Pro-B
C10_GTCGTAAGTTAGGGTG-1,L24.6_P11,Pro-B,L24.6_P11_Pro-B
C10_GTGAAGGTCTGCAGTA-1,L24.6_P11,Pro-B,L24.6_P11_Pro-B
C10_GTGTTAGGTTGTTTGG-1,L24.6_P11,Pro-B,L24.6_P11_Pro-B
C10_GTTCATTTCGCCCTTA-1,L24.6_P11,Pro-B,L24.6_P11_Pro-B
C10_GTTTCTAAGTGCGATG-1,L24.6_P11,Pro-B,L24.6_P11_Pro-B
C10_GTTTCTATCCCACTTG-1,L24.6_P11,Pro-B,L24.6_P11_Pro-B
C10_TAAGCGTAGAGGGCTT-1,L24.6_P11,Pro-B,L24.6_P11_Pro-B
C10_TCCACACTCCAAAGTC-1,L24.6_P11,Pro-B,L24.6_P11_Pro-B
C10_TCGTACCAGGAATTAC-1,L24.6_P11,Pro-B,L24.6_P11_Pro-B
C10_TCTCTAATCCCTCTTT-1,L24.6_P11,Pro-B,L24.6_P11_Pro-B
C10_TGACGGCCAAGTAGTA-1,L24.6_P11,Pro-B,L24.6_P11_Pro-B
C10_TGCCCATTCACAATGC-1,L24.6_P11,Pro-B,L24.6_P11_Pro-B
C10_TGCTGCTTCAACCATG-1,L24.6_P11,Pro-B,L24.6_P11_Pro-B
C10_TGGACGCCATACTCTT-1,L24.6_P11,Pro-B,L24.6_P11_Pro-B
C10_TGGCCAGAGTCTCGGC-1,L24.6_P11,Pro-B,L24.6_P11_Pro-B
C10_TGGCCAGCATCGATGT-1,L24.6_P11,Pro-B,L24.6_P11_Pro-B
C10_TGGTTAGGTGTGGCTC-1,L24.6_P11,Pro-B,L24.6_P11_Pro-B
C10_TTCCCAGCATTCCTCG-1,L24.6_P11,Pro-B,L24.6_P11_Pro-B
C10_TTCGGTCAGGAATTAC-1,L24.6_P11,Pro-B,L24.6_P11_Pro-B
C10_TTCGGTCTCCTCAATT-1,L24.6_P11,Pro-B,L24.6_P11_Pro-B
C10_TTCTACACAAAGGCGT-1,L24.6_P11,Pro-B,L24.6_P11_Pro-B
C10_TTCTCCTCAAGGACTG-1,L24.6_P11,Pro-B,L24.6_P11_Pro-B
C10_TTGCCGTTCCTGTACC-1,L24.6_P11,Pro-B,L24.6_P11_Pro-B
C10_TTGGCAAAGACGCACA-1,L24.6_P11,Pro-B,L24.6_P11_Pro-B
C10_TTTACTGCAGCTTAAC-1,L24.6_P11,Pro-B,L24.6_P11_Pro-B
C10_TTTGCGCGTTATCCGA-1,L24.6_P11,Pro-B,L24.6_P11_Pro-B
C27_AAACGGGCAGTGGGAT-1,L10.0_P1,Pro-B,L10.0_P1_Pro-B
C27_ACACCCTAGGCCCTCA-1,L10.0_P1,Pro-B,L10.0_P1_Pro-B
C27_ACTTACTAGGCTCTTA-1,L10.0_P1,Pro-B,L10.0_P1_Pro-B
C27_AGCTTGAAGGTGCACA-1,L10.0_P1,Pro-B,L10.0_P1_Pro-B
C27_ATTCTACCACAGACTT-1,L10.0_P1,Pro-B,L10.0_P1_Pro-B
C27_CCTTCGACACCGAAAG-1,L10.0_P1,Pro-B,L10.0_P1_Pro-B
C27_CGAACATAGTGTCCAT-1,L10.0_P1,Pro-B,L10.0_P1_Pro-B
C27_CGATGTAGTGTGCCTG-1,L10.0_P1,Pro-B,L10.0_P1_Pro-B
C27_CGTAGCGAGTAAGTAC-1,L10.0_P1,Pro-B,L10.0_P1_Pro-B
C27_CGTAGCGCATATGCTG-1,L10.0_P1,Pro-B,L10.0_P1_Pro-B
C27_CTACACCAGAGTCGGT-1,L10.0_P1,Pro-B,L10.0_P1_Pro-B
C27_GATTCAGCAATGAAAC-1,L10.0_P1,Pro-B,L10.0_P1_Pro-B
C27_GGACGTCCAAACCCAT-1,L10.0_P1,Pro-B,L10.0_P1_Pro-B
C27_GTGTTAGCACACCGCA-1,L10.0_P1,Pro-B,L10.0_P1_Pro-B
C27_TACAGTGAGCGGCTTC-1,L10.0_P1,Pro-B,L10.0_P1_Pro-B
C27_TCACAAGGTCTCCACT-1,L10.0_P1,Pro-B,L10.0_P1_Pro-B
C27_TGCCCATTCAGGATCT-1,L10.0_P1,Pro-B,L10.0_P1_Pro-B
C27_TGTTCCGCATGTCCTC-1,L10.0_P1,Pro-B,L10.0_P1_Pro-B
C36_AAACCTGAGCCCAACC-1,L10.1_P25,Pro-B,L10.1_P25_Pro-B
C36_AAACGGGTCAAGGTAA-1,L10.1_P25,Pro-B,L10.1_P25_Pro-B
C36_AAACGGGTCACCTTAT-1,L10.1_P25,Pro-B,L10.1_P25_Pro-B
C36_AAACGGGTCAGGTTCA-1,L10.1_P25,Pro-B,L10.1_P25_Pro-B
C36_AAACGGGTCCAATGGT-1,L10.1_P25,Pro-B,L10.1_P25_Pro-B
C36_AAAGATGCACCGGAAA-1,L10.1_P25,Pro-B,L10.1_P25_Pro-B
C36_AAAGATGCAGTAGAGC-1,L10.1_P25,Pro-B,L10.1_P25_Pro-B
C36_AAAGATGTCTGCAAGT-1,L10.1_P25,Pro-B,L10.1_P25_Pro-B
C36_AAAGTAGCAGTGAGTG-1,L10.1_P25,Pro-B,L10.1_P25_Pro-B
C36_AAAGTAGTCTGTCTCG-1,L10.1_P25,Pro-B,L10.1_P25_Pro-B
C36_AAATGCCAGACGCTTT-1,L10.1_P25,Pro-B,L10.1_P25_Pro-B
C36_AAATGCCAGCGTAGTG-1,L10.1_P25,Pro-B,L10.1_P25_Pro-B
C36_AACCGCGCATTCGACA-1,L10.1_P25,Pro-B,L10.1_P25_Pro-B
C36_AACTCAGTCCAGTAGT-1,L10.1_P25,Pro-B,L10.1_P25_Pro-B
C36_AACTTTCGTTCCTCCA-1,L10.1_P25,Pro-B,L10.1_P25_Pro-B
C36_AAGCCGCCAGATCCAT-1,L10.1_P25,Pro-B,L10.1_P25_Pro-B
C36_AAGCCGCTCCGATATG-1,L10.1_P25,Pro-B,L10.1_P25_Pro-B
C36_AAGGAGCTCAAACCAC-1,L10.1_P25,Pro-B,L10.1_P25_Pro-B
C36_AAGGAGCTCCTCATTA-1,L10.1_P25,Pro-B,L10.1_P25_Pro-B
C36_AAGTCTGAGTACTTGC-1,L10.1_P25,Pro-B,L10.1_P25_Pro-B
C36_AAGTCTGCATCGGACC-1,L10.1_P25,Pro-B,L10.1_P25_Pro-B
C36_AAGTCTGGTACTCGCG-1,L10.1_P25,Pro-B,L10.1_P25_Pro-B
C36_AAGTCTGTCTGGTGTA-1,L10.1_P25,Pro-B,L10.1_P25_Pro-B
C36_AATCCAGAGCTAGCCC-1,L10.1_P25,Pro-B,L10.1_P25_Pro-B
C36_ACACCCTAGACAATAC-1,L10.1_P25,Pro-B,L10.1_P25_Pro-B
C36_ACACCCTTCGGTCTAA-1,L10.1_P25,Pro-B,L10.1_P25_Pro-B
C36_ACACTGACAAAGTGCG-1,L10.1_P25,Pro-B,L10.1_P25_Pro-B
C36_ACATCAGGTGCACGAA-1,L10.1_P25,Pro-B,L10.1_P25_Pro-B
C36_ACATGGTAGGCCGAAT-1,L10.1_P25,Pro-B,L10.1_P25_Pro-B
C36_ACATGGTGTTCGAATC-1,L10.1_P25,Pro-B,L10.1_P25_Pro-B
C36_ACATGGTTCATCGCTC-1,L10.1_P25,Pro-B,L10.1_P25_Pro-B
C36_ACCAGTACAGGGCATA-1,L10.1_P25,Pro-B,L10.1_P25_Pro-B
C36_ACCCACTTCATGTGGT-1,L10.1_P25,Pro-B,L10.1_P25_Pro-B
C36_ACGAGCCAGACGCACA-1,L10.1_P25,Pro-B,L10.1_P25_Pro-B
C36_ACGAGCCAGCCGTCGT-1,L10.1_P25,Pro-B,L10.1_P25_Pro-B
C36_ACGAGCCTCTGTACGA-1,L10.1_P25,Pro-B,L10.1_P25_Pro-B
C36_ACGAGGAGTCGCATCG-1,L10.1_P25,Pro-B,L10.1_P25_Pro-B
C36_ACGATACGTAGGCTGA-1,L10.1_P25,Pro-B,L10.1_P25_Pro-B
C36_ACGCAGCAGGACACCA-1,L10.1_P25,Pro-B,L10.1_P25_Pro-B
C36_ACGCCAGCACGAAGCA-1,L10.1_P25,Pro-B,L10.1_P25_Pro-B
C36_ACGCCAGCAGTATGCT-1,L10.1_P25,Pro-B,L10.1_P25_Pro-B
C36_ACGCCAGGTCACCTAA-1,L10.1_P25,Pro-B,L10.1_P25_Pro-B
C36_ACGCCAGTCTCCCTGA-1,L10.1_P25,Pro-B,L10.1_P25_Pro-B
C36_ACGGAGATCTCTTGAT-1,L10.1_P25,Pro-B,L10.1_P25_Pro-B
C36_ACGGCCACAAGAAGAG-1,L10.1_P25,Pro-B,L10.1_P25_Pro-B
C36_ACGGCCACACCTCGTT-1,L10.1_P25,Pro-B,L10.1_P25_Pro-B
C36_ACTGAACAGAGCCCAA-1,L10.1_P25,Pro-B,L10.1_P25_Pro-B
C36_ACTGAACTCACCGGGT-1,L10.1_P25,Pro-B,L10.1_P25_Pro-B
C36_ACTGCTCCACGCGAAA-1,L10.1_P25,Pro-B,L10.1_P25_Pro-B
C36_ACTGTCCAGTGAATTG-1,L10.1_P25,Pro-B,L10.1_P25_Pro-B
C36_ACTTACTTCATCTGCC-1,L10.1_P25,Pro-B,L10.1_P25_Pro-B
C36_ACTTGTTTCTGCAAGT-1,L10.1_P25,Pro-B,L10.1_P25_Pro-B
C36_AGAGCGACACCACGTG-1,L10.1_P25,Pro-B,L10.1_P25_Pro-B
C36_AGATCTGCATTGCGGC-1,L10.1_P25,Pro-B,L10.1_P25_Pro-B
C36_AGATTGCAGCTGCAAG-1,L10.1_P25,Pro-B,L10.1_P25_Pro-B
C36_AGCAGCCCAGCTCCGA-1,L10.1_P25,Pro-B,L10.1_P25_Pro-B
C36_AGCAGCCTCATTATCC-1,L10.1_P25,Pro-B,L10.1_P25_Pro-B
C36_AGCATACAGTTAGGTA-1,L10.1_P25,Pro-B,L10.1_P25_Pro-B
C36_AGCATACGTATCTGCA-1,L10.1_P25,Pro-B,L10.1_P25_Pro-B
C36_AGCCTAAAGACAGAGA-1,L10.1_P25,Pro-B,L10.1_P25_Pro-B
C36_AGCCTAAAGAGTGAGA-1,L10.1_P25,Pro-B,L10.1_P25_Pro-B
C36_AGCCTAACATCCGGGT-1,L10.1_P25,Pro-B,L10.1_P25_Pro-B
C36_AGCGGTCAGACGCACA-1,L10.1_P25,Pro-B,L10.1_P25_Pro-B
C36_AGCGTATCACGGATAG-1,L10.1_P25,Pro-B,L10.1_P25_Pro-B
C36_AGCTCCTTCTTGAGAC-1,L10.1_P25,Pro-B,L10.1_P25_Pro-B
C36_AGCTCTCCACTGTTAG-1,L10.1_P25,Pro-B,L10.1_P25_Pro-B
C36_AGCTTGACATGCTGGC-1,L10.1_P25,Pro-B,L10.1_P25_Pro-B
C36_AGGCCACAGTCCGTAT-1,L10.1_P25,Pro-B,L10.1_P25_Pro-B
C36_AGGCCACCATGACATC-1,L10.1_P25,Pro-B,L10.1_P25_Pro-B
C36_AGGCCACGTCTCTTTA-1,L10.1_P25,Pro-B,L10.1_P25_Pro-B
C36_AGGCCACTCGGCGGTT-1,L10.1_P25,Pro-B,L10.1_P25_Pro-B
C36_AGGGAGTAGGTACTCT-1,L10.1_P25,Pro-B,L10.1_P25_Pro-B
C36_AGGGTGAAGACATAAC-1,L10.1_P25,Pro-B,L10.1_P25_Pro-B
C36_AGGGTGATCAACACTG-1,L10.1_P25,Pro-B,L10.1_P25_Pro-B
C36_AGGTCATGTACTTCTT-1,L10.1_P25,Pro-B,L10.1_P25_Pro-B
C36_AGGTCCGGTAAACCTC-1,L10.1_P25,Pro-B,L10.1_P25_Pro-B
C36_AGGTCCGTCCATGCTC-1,L10.1_P25,Pro-B,L10.1_P25_Pro-B
C36_AGTAGTCTCTTGCATT-1,L10.1_P25,Pro-B,L10.1_P25_Pro-B
C36_AGTGAGGAGAGGTACC-1,L10.1_P25,Pro-B,L10.1_P25_Pro-B
C36_AGTGAGGTCATTATCC-1,L10.1_P25,Pro-B,L10.1_P25_Pro-B
C36_AGTGGGACAAAGAATC-1,L10.1_P25,Pro-B,L10.1_P25_Pro-B
C36_AGTGTCAGTTCTCATT-1,L10.1_P25,Pro-B,L10.1_P25_Pro-B
C36_ATCACGACATTCTTAC-1,L10.1_P25,Pro-B,L10.1_P25_Pro-B
C36_ATCACGATCTCATTCA-1,L10.1_P25,Pro-B,L10.1_P25_Pro-B
C36_ATCATCTAGAGTACAT-1,L10.1_P25,Pro-B,L10.1_P25_Pro-B
C36_ATCATGGTCGAGAACG-1,L10.1_P25,Pro-B,L10.1_P25_Pro-B
C36_ATCGAGTCAGACAAGC-1,L10.1_P25,Pro-B,L10.1_P25_Pro-B
C36_ATCGAGTGTGAACCTT-1,L10.1_P25,Pro-B,L10.1_P25_Pro-B
C36_ATCTACTGTTTACTCT-1,L10.1_P25,Pro-B,L10.1_P25_Pro-B
C36_ATGCGATTCACATGCA-1,L10.1_P25,Pro-B,L10.1_P25_Pro-B
C36_ATGGGAGCAATTGCTG-1,L10.1_P25,Pro-B,L10.1_P25_Pro-B
C36_ATTATCCCAAGCGCTC-1,L10.1_P25,Pro-B,L10.1_P25_Pro-B
C36_ATTATCCCAGACGTAG-1,L10.1_P25,Pro-B,L10.1_P25_Pro-B
C36_ATTATCCTCCACTGGG-1,L10.1_P25,Pro-B,L10.1_P25_Pro-B
C36_ATTATCCTCTTGCATT-1,L10.1_P25,Pro-B,L10.1_P25_Pro-B
C36_ATTGGTGCATGAACCT-1,L10.1_P25,Pro-B,L10.1_P25_Pro-B
C36_ATTGGTGGTCTCGTTC-1,L10.1_P25,Pro-B,L10.1_P25_Pro-B
C36_CAACTAGTCCCATTAT-1,L10.1_P25,Pro-B,L10.1_P25_Pro-B
C36_CAAGGCCAGCTAGGCA-1,L10.1_P25,Pro-B,L10.1_P25_Pro-B
C36_CAAGTTGCACTTCGAA-1,L10.1_P25,Pro-B,L10.1_P25_Pro-B
C36_CAAGTTGTCAACGGGA-1,L10.1_P25,Pro-B,L10.1_P25_Pro-B
C36_CACACAATCCGCAAGC-1,L10.1_P25,Pro-B,L10.1_P25_Pro-B
C36_CACACCTCACGAGAGT-1,L10.1_P25,Pro-B,L10.1_P25_Pro-B
C36_CACAGGCAGCTGAAAT-1,L10.1_P25,Pro-B,L10.1_P25_Pro-B
C36_CACATTTCAAGTTCTG-1,L10.1_P25,Pro-B,L10.1_P25_Pro-B
C36_CACATTTCAGATCTGT-1,L10.1_P25,Pro-B,L10.1_P25_Pro-B
C36_CACATTTGTATGAATG-1,L10.1_P25,Pro-B,L10.1_P25_Pro-B
C36_CACCACTGTGCTGTAT-1,L10.1_P25,Pro-B,L10.1_P25_Pro-B
C36_CACCAGGCACGGTAGA-1,L10.1_P25,Pro-B,L10.1_P25_Pro-B
C36_CACCAGGCAGCGTTCG-1,L10.1_P25,Pro-B,L10.1_P25_Pro-B
C36_CACCTTGGTGTTGGGA-1,L10.1_P25,Pro-B,L10.1_P25_Pro-B
C36_CAGAATCTCTGCTGCT-1,L10.1_P25,Pro-B,L10.1_P25_Pro-B
C36_CAGAGAGCATCACGTA-1,L10.1_P25,Pro-B,L10.1_P25_Pro-B
C36_CAGAGAGGTACGCTGC-1,L10.1_P25,Pro-B,L10.1_P25_Pro-B
C36_CAGAGAGTCACCGGGT-1,L10.1_P25,Pro-B,L10.1_P25_Pro-B
C36_CAGATCAAGCGTGAGT-1,L10.1_P25,Pro-B,L10.1_P25_Pro-B
C36_CAGATCACAATGGATA-1,L10.1_P25,Pro-B,L10.1_P25_Pro-B
C36_CAGATCACACGAAATA-1,L10.1_P25,Pro-B,L10.1_P25_Pro-B
C36_CAGCATATCCAAGCCG-1,L10.1_P25,Pro-B,L10.1_P25_Pro-B
C36_CAGCCGATCACCCTCA-1,L10.1_P25,Pro-B,L10.1_P25_Pro-B
C36_CAGGTGCGTAGTAGTA-1,L10.1_P25,Pro-B,L10.1_P25_Pro-B
C36_CATCAGAGTCTCTTTA-1,L10.1_P25,Pro-B,L10.1_P25_Pro-B
C36_CATCCACCAAGCGAGT-1,L10.1_P25,Pro-B,L10.1_P25_Pro-B
C36_CATCGAAGTCAAACTC-1,L10.1_P25,Pro-B,L10.1_P25_Pro-B
C36_CATGACACAATGGAGC-1,L10.1_P25,Pro-B,L10.1_P25_Pro-B
C36_CATGACAGTATGCTTG-1,L10.1_P25,Pro-B,L10.1_P25_Pro-B
C36_CATGACAGTCGCGTGT-1,L10.1_P25,Pro-B,L10.1_P25_Pro-B
C36_CATGACAGTGGTAACG-1,L10.1_P25,Pro-B,L10.1_P25_Pro-B
C36_CATGACAGTGGTCTCG-1,L10.1_P25,Pro-B,L10.1_P25_Pro-B
C36_CATGACAGTTGTGGCC-1,L10.1_P25,Pro-B,L10.1_P25_Pro-B
C36_CATGCCTGTGGTCCGT-1,L10.1_P25,Pro-B,L10.1_P25_Pro-B
C36_CATGGCGAGAACAACT-1,L10.1_P25,Pro-B,L10.1_P25_Pro-B
C36_CATGGCGAGATATACG-1,L10.1_P25,Pro-B,L10.1_P25_Pro-B
C36_CATTATCCACCGAATT-1,L10.1_P25,Pro-B,L10.1_P25_Pro-B
C36_CATTCGCCACGGCTAC-1,L10.1_P25,Pro-B,L10.1_P25_Pro-B
C36_CATTCGCCACGGTGTC-1,L10.1_P25,Pro-B,L10.1_P25_Pro-B
C36_CCAATCCAGAAAGTGG-1,L10.1_P25,Pro-B,L10.1_P25_Pro-B
C36_CCACTACAGAAGCCCA-1,L10.1_P25,Pro-B,L10.1_P25_Pro-B
C36_CCACTACCAAGCCGCT-1,L10.1_P25,Pro-B,L10.1_P25_Pro-B
C36_CCAGCGAAGAGTAAGG-1,L10.1_P25,Pro-B,L10.1_P25_Pro-B
C36_CCAGCGACATGAAGTA-1,L10.1_P25,Pro-B,L10.1_P25_Pro-B
C36_CCAGCGATCCGCGTTT-1,L10.1_P25,Pro-B,L10.1_P25_Pro-B
C36_CCAGCGATCTTGAGGT-1,L10.1_P25,Pro-B,L10.1_P25_Pro-B
C36_CCATGTCAGTCGAGTG-1,L10.1_P25,Pro-B,L10.1_P25_Pro-B
C36_CCCTCCTAGCCCTAAT-1,L10.1_P25,Pro-B,L10.1_P25_Pro-B
C36_CCCTCCTAGTATGACA-1,L10.1_P25,Pro-B,L10.1_P25_Pro-B
C36_CCGGGATAGGCGCTCT-1,L10.1_P25,Pro-B,L10.1_P25_Pro-B
C36_CCGGGATCAGATGAGC-1,L10.1_P25,Pro-B,L10.1_P25_Pro-B
C36_CCGGGATGTGTAACGG-1,L10.1_P25,Pro-B,L10.1_P25_Pro-B
C36_CCGGGATGTTCGCGAC-1,L10.1_P25,Pro-B,L10.1_P25_Pro-B
C36_CCGTACTCATCGGACC-1,L10.1_P25,Pro-B,L10.1_P25_Pro-B
C36_CCGTACTGTTCTGGTA-1,L10.1_P25,Pro-B,L10.1_P25_Pro-B
C36_CCGTTCAGTACACCGC-1,L10.1_P25,Pro-B,L10.1_P25_Pro-B
C36_CCTACACTCGGATGGA-1,L10.1_P25,Pro-B,L10.1_P25_Pro-B
C36_CCTAGCTCAAACTGTC-1,L10.1_P25,Pro-B,L10.1_P25_Pro-B
C36_CCTATTACATGTCTCC-1,L10.1_P25,Pro-B,L10.1_P25_Pro-B
C36_CCTCTGAAGAATCTCC-1,L10.1_P25,Pro-B,L10.1_P25_Pro-B
C36_CCTCTGAAGGGTTTCT-1,L10.1_P25,Pro-B,L10.1_P25_Pro-B
C36_CCTCTGAAGTAATCCC-1,L10.1_P25,Pro-B,L10.1_P25_Pro-B
C36_CCTTCCCCAGCGATCC-1,L10.1_P25,Pro-B,L10.1_P25_Pro-B
C36_CCTTCCCTCCCTAACC-1,L10.1_P25,Pro-B,L10.1_P25_Pro-B
C36_CGAATGTGTACCGGCT-1,L10.1_P25,Pro-B,L10.1_P25_Pro-B
C36_CGAATGTTCCAACCAA-1,L10.1_P25,Pro-B,L10.1_P25_Pro-B
C36_CGACCTTCAAGTTAAG-1,L10.1_P25,Pro-B,L10.1_P25_Pro-B
C36_CGACCTTCATGGGAAC-1,L10.1_P25,Pro-B,L10.1_P25_Pro-B
C36_CGACCTTTCATCGATG-1,L10.1_P25,Pro-B,L10.1_P25_Pro-B
C36_CGATGGCGTCTCATCC-1,L10.1_P25,Pro-B,L10.1_P25_Pro-B
C36_CGATTGATCAAGCCTA-1,L10.1_P25,Pro-B,L10.1_P25_Pro-B
C36_CGATTGATCAGAGCTT-1,L10.1_P25,Pro-B,L10.1_P25_Pro-B
C36_CGCCAAGTCCCAACGG-1,L10.1_P25,Pro-B,L10.1_P25_Pro-B
C36_CGCGGTAGTTGATTCG-1,L10.1_P25,Pro-B,L10.1_P25_Pro-B
C36_CGCGGTATCCGAACGC-1,L10.1_P25,Pro-B,L10.1_P25_Pro-B
C36_CGCGTTTAGAGTCGGT-1,L10.1_P25,Pro-B,L10.1_P25_Pro-B
C36_CGCGTTTCACGCCAGT-1,L10.1_P25,Pro-B,L10.1_P25_Pro-B
C36_CGCGTTTGTAGCGTCC-1,L10.1_P25,Pro-B,L10.1_P25_Pro-B
C36_CGCTTCAGTATATGGA-1,L10.1_P25,Pro-B,L10.1_P25_Pro-B
C36_CGGACACCAGAGTGTG-1,L10.1_P25,Pro-B,L10.1_P25_Pro-B
C36_CGGACGTGTTCTGGTA-1,L10.1_P25,Pro-B,L10.1_P25_Pro-B
C36_CGGACTGGTCATCCCT-1,L10.1_P25,Pro-B,L10.1_P25_Pro-B
C36_CGGCTAGCAGCTGCTG-1,L10.1_P25,Pro-B,L10.1_P25_Pro-B
C36_CGGCTAGGTAGCTTGT-1,L10.1_P25,Pro-B,L10.1_P25_Pro-B
C36_CGGCTAGGTGAGGCTA-1,L10.1_P25,Pro-B,L10.1_P25_Pro-B
C36_CGGGTCACATCGGGTC-1,L10.1_P25,Pro-B,L10.1_P25_Pro-B
C36_CGGTTAACAAGAGTCG-1,L10.1_P25,Pro-B,L10.1_P25_Pro-B
C36_CGTAGCGAGGCCCTTG-1,L10.1_P25,Pro-B,L10.1_P25_Pro-B
C36_CGTAGCGGTCCGACGT-1,L10.1_P25,Pro-B,L10.1_P25_Pro-B
C36_CGTCACTTCTTGACGA-1,L10.1_P25,Pro-B,L10.1_P25_Pro-B
C36_CGTCCATTCTTATCTG-1,L10.1_P25,Pro-B,L10.1_P25_Pro-B
C36_CGTGAGCAGGGCACTA-1,L10.1_P25,Pro-B,L10.1_P25_Pro-B
C36_CGTGTAAAGGAATCGC-1,L10.1_P25,Pro-B,L10.1_P25_Pro-B
C36_CGTGTAACACTTAAGC-1,L10.1_P25,Pro-B,L10.1_P25_Pro-B
C36_CGTGTAACATCGACGC-1,L10.1_P25,Pro-B,L10.1_P25_Pro-B
C36_CGTGTCTGTGCTCTTC-1,L10.1_P25,Pro-B,L10.1_P25_Pro-B
C36_CGTTGGGCAAGCCGCT-1,L10.1_P25,Pro-B,L10.1_P25_Pro-B
C36_CGTTGGGCACCTCGGA-1,L10.1_P25,Pro-B,L10.1_P25_Pro-B
C36_CGTTGGGGTACCGAGA-1,L10.1_P25,Pro-B,L10.1_P25_Pro-B
C36_CTAATGGCAATAGCAA-1,L10.1_P25,Pro-B,L10.1_P25_Pro-B
C36_CTACACCCATCTGGTA-1,L10.1_P25,Pro-B,L10.1_P25_Pro-B
C36_CTAGCCTGTAGCTTGT-1,L10.1_P25,Pro-B,L10.1_P25_Pro-B
C36_CTAGCCTGTGACGGTA-1,L10.1_P25,Pro-B,L10.1_P25_Pro-B
C36_CTCCTAGCATGGTCTA-1,L10.1_P25,Pro-B,L10.1_P25_Pro-B
C36_CTCCTAGGTTGGGACA-1,L10.1_P25,Pro-B,L10.1_P25_Pro-B
C36_CTCGAAAGTTCCCGAG-1,L10.1_P25,Pro-B,L10.1_P25_Pro-B
C36_CTCGGAGCACTAAGTC-1,L10.1_P25,Pro-B,L10.1_P25_Pro-B
C36_CTCGGAGGTCTCTCTG-1,L10.1_P25,Pro-B,L10.1_P25_Pro-B
C36_CTCGTCAAGAGGTAGA-1,L10.1_P25,Pro-B,L10.1_P25_Pro-B
C36_CTCGTCACAATCACAC-1,L10.1_P25,Pro-B,L10.1_P25_Pro-B
C36_CTCGTCATCCTGCCAT-1,L10.1_P25,Pro-B,L10.1_P25_Pro-B
C36_CTCTAATTCCAAGTAC-1,L10.1_P25,Pro-B,L10.1_P25_Pro-B
C36_CTCTACGGTGGCCCTA-1,L10.1_P25,Pro-B,L10.1_P25_Pro-B
C36_CTCTACGTCAACGGCC-1,L10.1_P25,Pro-B,L10.1_P25_Pro-B
C36_CTCTGGTCAAGTTGTC-1,L10.1_P25,Pro-B,L10.1_P25_Pro-B
C36_CTGAAGTAGTGACATA-1,L10.1_P25,Pro-B,L10.1_P25_Pro-B
C36_CTGAAGTTCCTCGCAT-1,L10.1_P25,Pro-B,L10.1_P25_Pro-B
C36_CTGATAGAGGACGAAA-1,L10.1_P25,Pro-B,L10.1_P25_Pro-B
C36_CTGCCTATCCACGTTC-1,L10.1_P25,Pro-B,L10.1_P25_Pro-B
C36_CTGCCTATCTGGTATG-1,L10.1_P25,Pro-B,L10.1_P25_Pro-B
C36_CTGCTGTCAGCAGTTT-1,L10.1_P25,Pro-B,L10.1_P25_Pro-B
C36_CTGCTGTCATACGCTA-1,L10.1_P25,Pro-B,L10.1_P25_Pro-B
C36_CTGCTGTGTTATTCTC-1,L10.1_P25,Pro-B,L10.1_P25_Pro-B
C36_CTGTGCTAGCTACCGC-1,L10.1_P25,Pro-B,L10.1_P25_Pro-B
C36_CTTAACTGTCATCGGC-1,L10.1_P25,Pro-B,L10.1_P25_Pro-B
C36_CTTAACTGTGAACCTT-1,L10.1_P25,Pro-B,L10.1_P25_Pro-B
C36_CTTAGGAAGAGGTTAT-1,L10.1_P25,Pro-B,L10.1_P25_Pro-B
C36_CTTAGGACATGGTCAT-1,L10.1_P25,Pro-B,L10.1_P25_Pro-B
C36_CTTCTCTGTCAGGACA-1,L10.1_P25,Pro-B,L10.1_P25_Pro-B
C36_CTTCTCTTCGGCGCAT-1,L10.1_P25,Pro-B,L10.1_P25_Pro-B
C36_CTTTGCGAGTAGTGCG-1,L10.1_P25,Pro-B,L10.1_P25_Pro-B
C36_GAAATGACAAACCTAC-1,L10.1_P25,Pro-B,L10.1_P25_Pro-B
C36_GAAATGAGTAACGCGA-1,L10.1_P25,Pro-B,L10.1_P25_Pro-B
C36_GAACATCGTCCAGTAT-1,L10.1_P25,Pro-B,L10.1_P25_Pro-B
C36_GAACCTAGTTCCTCCA-1,L10.1_P25,Pro-B,L10.1_P25_Pro-B
C36_GAACGGAGTGCGCTTG-1,L10.1_P25,Pro-B,L10.1_P25_Pro-B
C36_GAATAAGAGCGTAGTG-1,L10.1_P25,Pro-B,L10.1_P25_Pro-B
C36_GAATGAAGTAGCGCTC-1,L10.1_P25,Pro-B,L10.1_P25_Pro-B
C36_GACACGCTCTTAACCT-1,L10.1_P25,Pro-B,L10.1_P25_Pro-B
C36_GACAGAGTCGCGATCG-1,L10.1_P25,Pro-B,L10.1_P25_Pro-B
C36_GACCAATAGAGTAAGG-1,L10.1_P25,Pro-B,L10.1_P25_Pro-B
C36_GACGTGCTCGAGGTAG-1,L10.1_P25,Pro-B,L10.1_P25_Pro-B
C36_GACGTTATCAGGATCT-1,L10.1_P25,Pro-B,L10.1_P25_Pro-B
C36_GACTAACCACGGCTAC-1,L10.1_P25,Pro-B,L10.1_P25_Pro-B
C36_GACTGCGCACCGCTAG-1,L10.1_P25,Pro-B,L10.1_P25_Pro-B
C36_GACTGCGGTCTCCATC-1,L10.1_P25,Pro-B,L10.1_P25_Pro-B
C36_GACTGCGGTCTCTTTA-1,L10.1_P25,Pro-B,L10.1_P25_Pro-B
C36_GACTGCGTCCGAATGT-1,L10.1_P25,Pro-B,L10.1_P25_Pro-B
C36_GAGCAGAAGAGCTGCA-1,L10.1_P25,Pro-B,L10.1_P25_Pro-B
C36_GAGCAGACAATAGCGG-1,L10.1_P25,Pro-B,L10.1_P25_Pro-B
C36_GATCAGTGTATCTGCA-1,L10.1_P25,Pro-B,L10.1_P25_Pro-B
C36_GATTCAGCAATCTACG-1,L10.1_P25,Pro-B,L10.1_P25_Pro-B
C36_GCAAACTAGGGAGTAA-1,L10.1_P25,Pro-B,L10.1_P25_Pro-B
C36_GCAAACTGTAGTAGTA-1,L10.1_P25,Pro-B,L10.1_P25_Pro-B
C36_GCACTCTAGGGCTTGA-1,L10.1_P25,Pro-B,L10.1_P25_Pro-B
C36_GCATACATCTAACTCT-1,L10.1_P25,Pro-B,L10.1_P25_Pro-B
C36_GCATGATCAATCCGAT-1,L10.1_P25,Pro-B,L10.1_P25_Pro-B
C36_GCATGATTCACTTCAT-1,L10.1_P25,Pro-B,L10.1_P25_Pro-B
C36_GCATGATTCTGCCAGG-1,L10.1_P25,Pro-B,L10.1_P25_Pro-B
C36_GCATGTAAGACCCACC-1,L10.1_P25,Pro-B,L10.1_P25_Pro-B
C36_GCATGTAGTAGAAAGG-1,L10.1_P25,Pro-B,L10.1_P25_Pro-B
C36_GCATGTATCTCGTTTA-1,L10.1_P25,Pro-B,L10.1_P25_Pro-B
C36_GCCAAATCAGTGAGTG-1,L10.1_P25,Pro-B,L10.1_P25_Pro-B
C36_GCCTCTAGTGACTCAT-1,L10.1_P25,Pro-B,L10.1_P25_Pro-B
C36_GCGCAACCAAAGGCGT-1,L10.1_P25,Pro-B,L10.1_P25_Pro-B
C36_GCGCAACGTGTATGGG-1,L10.1_P25,Pro-B,L10.1_P25_Pro-B
C36_GCGCAACTCTGAAAGA-1,L10.1_P25,Pro-B,L10.1_P25_Pro-B
C36_GCGCAGTGTGTTGGGA-1,L10.1_P25,Pro-B,L10.1_P25_Pro-B
C36_GCGGGTTCAATGACCT-1,L10.1_P25,Pro-B,L10.1_P25_Pro-B
C36_GCTCCTATCGCCCTTA-1,L10.1_P25,Pro-B,L10.1_P25_Pro-B
C36_GCTGCGACAACTGCTA-1,L10.1_P25,Pro-B,L10.1_P25_Pro-B
C36_GCTGGGTAGTGAAGTT-1,L10.1_P25,Pro-B,L10.1_P25_Pro-B
C36_GCTTCCACAGATTGCT-1,L10.1_P25,Pro-B,L10.1_P25_Pro-B
C36_GCTTCCAGTATGGTTC-1,L10.1_P25,Pro-B,L10.1_P25_Pro-B
C36_GGAAAGCAGCTAACAA-1,L10.1_P25,Pro-B,L10.1_P25_Pro-B
C36_GGACAAGCATGACATC-1,L10.1_P25,Pro-B,L10.1_P25_Pro-B
C36_GGACATTAGGAGTAGA-1,L10.1_P25,Pro-B,L10.1_P25_Pro-B
C36_GGAGCAAAGTAAGTAC-1,L10.1_P25,Pro-B,L10.1_P25_Pro-B
C36_GGAGCAAGTAGGGACT-1,L10.1_P25,Pro-B,L10.1_P25_Pro-B
C36_GGAGCAATCGAACTGT-1,L10.1_P25,Pro-B,L10.1_P25_Pro-B
C36_GGAGCAATCGGTGTTA-1,L10.1_P25,Pro-B,L10.1_P25_Pro-B
C36_GGATGTTGTATTACCG-1,L10.1_P25,Pro-B,L10.1_P25_Pro-B
C36_GGATGTTGTCAGTGGA-1,L10.1_P25,Pro-B,L10.1_P25_Pro-B
C36_GGATTACGTGTGCGTC-1,L10.1_P25,Pro-B,L10.1_P25_Pro-B
C36_GGCAATTCAGTAAGCG-1,L10.1_P25,Pro-B,L10.1_P25_Pro-B
C36_GGCAATTGTGATAAGT-1,L10.1_P25,Pro-B,L10.1_P25_Pro-B
C36_GGCAATTTCTAACTTC-1,L10.1_P25,Pro-B,L10.1_P25_Pro-B
C36_GGCTGGTCACATGTGT-1,L10.1_P25,Pro-B,L10.1_P25_Pro-B
C36_GGGAATGGTTCAGGCC-1,L10.1_P25,Pro-B,L10.1_P25_Pro-B
C36_GGGACCTGTGACGGTA-1,L10.1_P25,Pro-B,L10.1_P25_Pro-B
C36_GGGACCTTCTGAGTGT-1,L10.1_P25,Pro-B,L10.1_P25_Pro-B
C36_GGGCATCAGTGTCCAT-1,L10.1_P25,Pro-B,L10.1_P25_Pro-B
C36_GGGTCTGGTCTAACGT-1,L10.1_P25,Pro-B,L10.1_P25_Pro-B
C36_GGGTCTGTCCACGTGG-1,L10.1_P25,Pro-B,L10.1_P25_Pro-B
C36_GGGTTGCAGTATCTCG-1,L10.1_P25,Pro-B,L10.1_P25_Pro-B
C36_GGTGAAGCAAAGGCGT-1,L10.1_P25,Pro-B,L10.1_P25_Pro-B
C36_GGTGAAGTCTGCGTAA-1,L10.1_P25,Pro-B,L10.1_P25_Pro-B
C36_GGTGCGTTCAACCATG-1,L10.1_P25,Pro-B,L10.1_P25_Pro-B
C36_GTAACTGCACATCCGG-1,L10.1_P25,Pro-B,L10.1_P25_Pro-B
C36_GTAGTCATCCTTAATC-1,L10.1_P25,Pro-B,L10.1_P25_Pro-B
C36_GTATTCTGTCATGCCG-1,L10.1_P25,Pro-B,L10.1_P25_Pro-B
C36_GTCAAGTCAGGACGTA-1,L10.1_P25,Pro-B,L10.1_P25_Pro-B
C36_GTCACGGGTGGTAACG-1,L10.1_P25,Pro-B,L10.1_P25_Pro-B
C36_GTCACGGGTTCCCTTG-1,L10.1_P25,Pro-B,L10.1_P25_Pro-B
C36_GTCGTAATCACTGGGC-1,L10.1_P25,Pro-B,L10.1_P25_Pro-B
C36_GTCTCGTCACGGCGTT-1,L10.1_P25,Pro-B,L10.1_P25_Pro-B
C36_GTCTTCGCAGATCGGA-1,L10.1_P25,Pro-B,L10.1_P25_Pro-B
C36_GTGAAGGAGATCCGAG-1,L10.1_P25,Pro-B,L10.1_P25_Pro-B
C36_GTGAAGGGTCGCTTTC-1,L10.1_P25,Pro-B,L10.1_P25_Pro-B
C36_GTGAAGGTCCAACCAA-1,L10.1_P25,Pro-B,L10.1_P25_Pro-B
C36_GTGCAGCTCCTGTAGA-1,L10.1_P25,Pro-B,L10.1_P25_Pro-B
C36_GTGCTTCTCTTGTTTG-1,L10.1_P25,Pro-B,L10.1_P25_Pro-B
C36_GTGGGTCAGTACTTGC-1,L10.1_P25,Pro-B,L10.1_P25_Pro-B
C36_GTGGGTCCACAGCCCA-1,L10.1_P25,Pro-B,L10.1_P25_Pro-B
C36_GTGGGTCTCACTATTC-1,L10.1_P25,Pro-B,L10.1_P25_Pro-B
C36_GTGGGTCTCTTGTCAT-1,L10.1_P25,Pro-B,L10.1_P25_Pro-B
C36_GTGTGCGTCGGTCCGA-1,L10.1_P25,Pro-B,L10.1_P25_Pro-B
C36_GTGTTAGTCTTCTGGC-1,L10.1_P25,Pro-B,L10.1_P25_Pro-B
C36_GTTACAGAGTCGCCGT-1,L10.1_P25,Pro-B,L10.1_P25_Pro-B
C36_GTTACAGGTACCGCTG-1,L10.1_P25,Pro-B,L10.1_P25_Pro-B
C36_GTTCTCGTCTGCGGCA-1,L10.1_P25,Pro-B,L10.1_P25_Pro-B
C36_TAAGAGAAGTGGCACA-1,L10.1_P25,Pro-B,L10.1_P25_Pro-B
C36_TAAGTGCCAGTCAGCC-1,L10.1_P25,Pro-B,L10.1_P25_Pro-B
C36_TAAGTGCCATGAACCT-1,L10.1_P25,Pro-B,L10.1_P25_Pro-B
C36_TACAGTGGTATATCCG-1,L10.1_P25,Pro-B,L10.1_P25_Pro-B
C36_TACAGTGGTCGGGTCT-1,L10.1_P25,Pro-B,L10.1_P25_Pro-B
C36_TACCTATCAGTATGCT-1,L10.1_P25,Pro-B,L10.1_P25_Pro-B
C36_TACCTATGTAGCTGCC-1,L10.1_P25,Pro-B,L10.1_P25_Pro-B
C36_TACCTTACACTACAGT-1,L10.1_P25,Pro-B,L10.1_P25_Pro-B
C36_TACGGATAGAGTACCG-1,L10.1_P25,Pro-B,L10.1_P25_Pro-B
C36_TACGGATTCCTTTCGG-1,L10.1_P25,Pro-B,L10.1_P25_Pro-B
C36_TACGGTATCACGCGGT-1,L10.1_P25,Pro-B,L10.1_P25_Pro-B
C36_TACGGTATCCCTCAGT-1,L10.1_P25,Pro-B,L10.1_P25_Pro-B
C36_TACTCATGTTCGTTGA-1,L10.1_P25,Pro-B,L10.1_P25_Pro-B
C36_TACTTGTGTAGCTCCG-1,L10.1_P25,Pro-B,L10.1_P25_Pro-B
C36_TAGAGCTCAAACTGTC-1,L10.1_P25,Pro-B,L10.1_P25_Pro-B
C36_TAGAGCTTCCAGTAGT-1,L10.1_P25,Pro-B,L10.1_P25_Pro-B
C36_TAGTGGTCACGTCAGC-1,L10.1_P25,Pro-B,L10.1_P25_Pro-B
C36_TAGTTGGTCTCTTATG-1,L10.1_P25,Pro-B,L10.1_P25_Pro-B
C36_TATCAGGAGGGCTTCC-1,L10.1_P25,Pro-B,L10.1_P25_Pro-B
C36_TATGCCCTCCAGGGCT-1,L10.1_P25,Pro-B,L10.1_P25_Pro-B
C36_TCAACGACAAATCCGT-1,L10.1_P25,Pro-B,L10.1_P25_Pro-B
C36_TCAACGATCCACGACG-1,L10.1_P25,Pro-B,L10.1_P25_Pro-B
C36_TCACAAGCAGGGCATA-1,L10.1_P25,Pro-B,L10.1_P25_Pro-B
C36_TCAGCAAGTCCTCCAT-1,L10.1_P25,Pro-B,L10.1_P25_Pro-B
C36_TCAGGATGTGTCCTCT-1,L10.1_P25,Pro-B,L10.1_P25_Pro-B
C36_TCCACACAGGACAGCT-1,L10.1_P25,Pro-B,L10.1_P25_Pro-B
C36_TCCACACTCAATACCG-1,L10.1_P25,Pro-B,L10.1_P25_Pro-B
C36_TCCCGATAGTCCGTAT-1,L10.1_P25,Pro-B,L10.1_P25_Pro-B
C36_TCGCGAGTCAACCAAC-1,L10.1_P25,Pro-B,L10.1_P25_Pro-B
C36_TCGCGTTAGGAGCGTT-1,L10.1_P25,Pro-B,L10.1_P25_Pro-B
C36_TCGCGTTGTAACGCGA-1,L10.1_P25,Pro-B,L10.1_P25_Pro-B
C36_TCGGGACAGTGGGTTG-1,L10.1_P25,Pro-B,L10.1_P25_Pro-B
C36_TCGGGACGTCTCTTAT-1,L10.1_P25,Pro-B,L10.1_P25_Pro-B
C36_TCGTACCTCTAGCACA-1,L10.1_P25,Pro-B,L10.1_P25_Pro-B
C36_TCGTAGACAATGACCT-1,L10.1_P25,Pro-B,L10.1_P25_Pro-B
C36_TCTATTGCACTACAGT-1,L10.1_P25,Pro-B,L10.1_P25_Pro-B
C36_TCTCATACAGAGTGTG-1,L10.1_P25,Pro-B,L10.1_P25_Pro-B
C36_TCTGAGATCAATAAGG-1,L10.1_P25,Pro-B,L10.1_P25_Pro-B
C36_TCTGAGATCATTCACT-1,L10.1_P25,Pro-B,L10.1_P25_Pro-B
C36_TCTTCGGGTCTGGAGA-1,L10.1_P25,Pro-B,L10.1_P25_Pro-B
C36_TCTTCGGGTGCTGTAT-1,L10.1_P25,Pro-B,L10.1_P25_Pro-B
C36_TCTTCGGGTTGTTTGG-1,L10.1_P25,Pro-B,L10.1_P25_Pro-B
C36_TCTTTCCAGATGGGTC-1,L10.1_P25,Pro-B,L10.1_P25_Pro-B
C36_TGAAAGACAGGACGTA-1,L10.1_P25,Pro-B,L10.1_P25_Pro-B
C36_TGACAACAGGCCCGTT-1,L10.1_P25,Pro-B,L10.1_P25_Pro-B
C36_TGACAACTCACAACGT-1,L10.1_P25,Pro-B,L10.1_P25_Pro-B
C36_TGACGGCCAAAGGCGT-1,L10.1_P25,Pro-B,L10.1_P25_Pro-B
C36_TGACTTTAGAATGTTG-1,L10.1_P25,Pro-B,L10.1_P25_Pro-B
C36_TGACTTTAGGCAGGTT-1,L10.1_P25,Pro-B,L10.1_P25_Pro-B
C36_TGAGAGGGTCTTGCGG-1,L10.1_P25,Pro-B,L10.1_P25_Pro-B
C36_TGAGAGGGTTCCACTC-1,L10.1_P25,Pro-B,L10.1_P25_Pro-B
C36_TGAGCCGGTGACTCAT-1,L10.1_P25,Pro-B,L10.1_P25_Pro-B
C36_TGATTTCCAGGCAGTA-1,L10.1_P25,Pro-B,L10.1_P25_Pro-B
C36_TGCACCTAGAGATGAG-1,L10.1_P25,Pro-B,L10.1_P25_Pro-B
C36_TGCACCTCACCGTTGG-1,L10.1_P25,Pro-B,L10.1_P25_Pro-B
C36_TGCCCATGTAGGCATG-1,L10.1_P25,Pro-B,L10.1_P25_Pro-B
C36_TGCGGGTTCCGCAGTG-1,L10.1_P25,Pro-B,L10.1_P25_Pro-B
C36_TGCGTGGTCAAGATCC-1,L10.1_P25,Pro-B,L10.1_P25_Pro-B
C36_TGCTGCTCATACGCCG-1,L10.1_P25,Pro-B,L10.1_P25_Pro-B
C36_TGGACGCAGCCACCTG-1,L10.1_P25,Pro-B,L10.1_P25_Pro-B
C36_TGGACGCGTACATGTC-1,L10.1_P25,Pro-B,L10.1_P25_Pro-B
C36_TGGCTGGGTCAACTGT-1,L10.1_P25,Pro-B,L10.1_P25_Pro-B
C36_TGGGCGTAGCGACGTA-1,L10.1_P25,Pro-B,L10.1_P25_Pro-B
C36_TGGGCGTCAACCGCCA-1,L10.1_P25,Pro-B,L10.1_P25_Pro-B
C36_TGGGCGTCAGCCAGAA-1,L10.1_P25,Pro-B,L10.1_P25_Pro-B
C36_TGGTTAGAGACCTTTG-1,L10.1_P25,Pro-B,L10.1_P25_Pro-B
C36_TGGTTAGCAGCGATCC-1,L10.1_P25,Pro-B,L10.1_P25_Pro-B
C36_TGGTTAGTCTGAGGGA-1,L10.1_P25,Pro-B,L10.1_P25_Pro-B
C36_TGGTTCCTCGGTGTCG-1,L10.1_P25,Pro-B,L10.1_P25_Pro-B
C36_TGGTTCCTCTGGAGCC-1,L10.1_P25,Pro-B,L10.1_P25_Pro-B
C36_TGTATTCCAAGCGCTC-1,L10.1_P25,Pro-B,L10.1_P25_Pro-B
C36_TGTGTTTCACAGGCCT-1,L10.1_P25,Pro-B,L10.1_P25_Pro-B
C36_TGTGTTTCATCCCATC-1,L10.1_P25,Pro-B,L10.1_P25_Pro-B
C36_TGTTCCGAGCGACGTA-1,L10.1_P25,Pro-B,L10.1_P25_Pro-B
C36_TGTTCCGCAGGGTACA-1,L10.1_P25,Pro-B,L10.1_P25_Pro-B
C36_TTCCCAGTCCTTTACA-1,L10.1_P25,Pro-B,L10.1_P25_Pro-B
C36_TTCGAAGGTGGTCCGT-1,L10.1_P25,Pro-B,L10.1_P25_Pro-B
C36_TTCGGTCCATATGCTG-1,L10.1_P25,Pro-B,L10.1_P25_Pro-B
C36_TTCTACATCGCAGGCT-1,L10.1_P25,Pro-B,L10.1_P25_Pro-B
C36_TTCTCAAAGCATGGCA-1,L10.1_P25,Pro-B,L10.1_P25_Pro-B
C36_TTCTCAATCTCACATT-1,L10.1_P25,Pro-B,L10.1_P25_Pro-B
C36_TTCTTAGAGCTGAACG-1,L10.1_P25,Pro-B,L10.1_P25_Pro-B
C36_TTCTTAGCACTTCGAA-1,L10.1_P25,Pro-B,L10.1_P25_Pro-B
C36_TTGAACGAGCAATATG-1,L10.1_P25,Pro-B,L10.1_P25_Pro-B
C36_TTGACTTAGGCTACGA-1,L10.1_P25,Pro-B,L10.1_P25_Pro-B
C36_TTGCGTCTCCTATTCA-1,L10.1_P25,Pro-B,L10.1_P25_Pro-B
C36_TTGGCAAGTTATGCGT-1,L10.1_P25,Pro-B,L10.1_P25_Pro-B
C36_TTTATGCAGTTATCGC-1,L10.1_P25,Pro-B,L10.1_P25_Pro-B
C36_TTTATGCTCGTACGGC-1,L10.1_P25,Pro-B,L10.1_P25_Pro-B
C36_TTTGCGCCACTTCTGC-1,L10.1_P25,Pro-B,L10.1_P25_Pro-B
C36_TTTGCGCTCATTTGGG-1,L10.1_P25,Pro-B,L10.1_P25_Pro-B
C36_TTTGCGCTCGAACTGT-1,L10.1_P25,Pro-B,L10.1_P25_Pro-B
C36_TTTGGTTCAGCTGTAT-1,L10.1_P25,Pro-B,L10.1_P25_Pro-B
C36_TTTGGTTCATCTATGG-1,L10.1_P25,Pro-B,L10.1_P25_Pro-B
C36_TTTGGTTGTCCAGTAT-1,L10.1_P25,Pro-B,L10.1_P25_Pro-B
C36_TTTGTCACATATACGC-1,L10.1_P25,Pro-B,L10.1_P25_Pro-B
C36_TTTGTCACATATGCTG-1,L10.1_P25,Pro-B,L10.1_P25_Pro-B
C36_TTTGTCAGTTAGTGGG-1,L10.1_P25,Pro-B,L10.1_P25_Pro-B
C25_AAACCTGGTGCTAGCC-1,L18.6_P5,Pro-B,L18.6_P5_Pro-B
C25_AAACGGGGTGGTAACG-1,L18.6_P5,Pro-B,L18.6_P5_Pro-B
C25_AAAGCAAGTAAGTGGC-1,L18.6_P5,Pro-B,L18.6_P5_Pro-B
C25_AAAGTAGTCTGATACG-1,L18.6_P5,Pro-B,L18.6_P5_Pro-B
C25_AACACGTCATTCTCAT-1,L18.6_P5,Pro-B,L18.6_P5_Pro-B
C25_AAGACCTAGAGCTATA-1,L18.6_P5,Pro-B,L18.6_P5_Pro-B
C25_AAGGAGCCACAGTCGC-1,L18.6_P5,Pro-B,L18.6_P5_Pro-B
C25_ACAGCTATCGCCAAAT-1,L18.6_P5,Pro-B,L18.6_P5_Pro-B
C25_ACCGTAAGTTGAACTC-1,L18.6_P5,Pro-B,L18.6_P5_Pro-B
C25_ACGAGGACAAGCCCAC-1,L18.6_P5,Pro-B,L18.6_P5_Pro-B
C25_ACGGCCACATACTCTT-1,L18.6_P5,Pro-B,L18.6_P5_Pro-B
C25_ACGTCAATCGGACAAG-1,L18.6_P5,Pro-B,L18.6_P5_Pro-B
C25_ACTTTCAAGAAACCTA-1,L18.6_P5,Pro-B,L18.6_P5_Pro-B
C25_ACTTTCAAGTTGTAGA-1,L18.6_P5,Pro-B,L18.6_P5_Pro-B
C25_AGAGCGAGTGTTAAGA-1,L18.6_P5,Pro-B,L18.6_P5_Pro-B
C25_AGAGCGATCATTCACT-1,L18.6_P5,Pro-B,L18.6_P5_Pro-B
C25_AGAGCTTAGGCAAAGA-1,L18.6_P5,Pro-B,L18.6_P5_Pro-B
C25_AGAGTGGAGGTGGGTT-1,L18.6_P5,Pro-B,L18.6_P5_Pro-B
C25_AGAGTGGTCTTCGGTC-1,L18.6_P5,Pro-B,L18.6_P5_Pro-B
C25_AGCTTGACAGACAAAT-1,L18.6_P5,Pro-B,L18.6_P5_Pro-B
C25_AGTTGGTAGCGATTCT-1,L18.6_P5,Pro-B,L18.6_P5_Pro-B
C25_ATCGAGTTCGGCATCG-1,L18.6_P5,Pro-B,L18.6_P5_Pro-B
C25_ATCTACTAGCTGGAAC-1,L18.6_P5,Pro-B,L18.6_P5_Pro-B
C25_ATCTGCCGTGCCTGGT-1,L18.6_P5,Pro-B,L18.6_P5_Pro-B
C25_ATGGGAGCACTGTTAG-1,L18.6_P5,Pro-B,L18.6_P5_Pro-B
C25_ATTGGTGAGTCAATAG-1,L18.6_P5,Pro-B,L18.6_P5_Pro-B
C25_CAACCTCCAAGTCTGT-1,L18.6_P5,Pro-B,L18.6_P5_Pro-B
C25_CAACCTCCAATGCCAT-1,L18.6_P5,Pro-B,L18.6_P5_Pro-B
C25_CACACAAGTGATAAAC-1,L18.6_P5,Pro-B,L18.6_P5_Pro-B
C25_CACCAGGGTATAGTAG-1,L18.6_P5,Pro-B,L18.6_P5_Pro-B
C25_CACCAGGTCAACGGGA-1,L18.6_P5,Pro-B,L18.6_P5_Pro-B
C25_CACCTTGGTGAGTGAC-1,L18.6_P5,Pro-B,L18.6_P5_Pro-B
C25_CAGCATACACTGCCAG-1,L18.6_P5,Pro-B,L18.6_P5_Pro-B
C25_CAGCCGACAAGTTAAG-1,L18.6_P5,Pro-B,L18.6_P5_Pro-B
C25_CATATGGGTCAAAGAT-1,L18.6_P5,Pro-B,L18.6_P5_Pro-B
C25_CATCCACGTGCCTGTG-1,L18.6_P5,Pro-B,L18.6_P5_Pro-B
C25_CATCGGGTCGATAGAA-1,L18.6_P5,Pro-B,L18.6_P5_Pro-B
C25_CATGACACAAGCCATT-1,L18.6_P5,Pro-B,L18.6_P5_Pro-B
C25_CATGGCGAGACAAGCC-1,L18.6_P5,Pro-B,L18.6_P5_Pro-B
C25_CATGGCGTCGGCGGTT-1,L18.6_P5,Pro-B,L18.6_P5_Pro-B
C25_CCAATCCGTAAGTGTA-1,L18.6_P5,Pro-B,L18.6_P5_Pro-B
C25_CCACTACGTAGGGACT-1,L18.6_P5,Pro-B,L18.6_P5_Pro-B
C25_CCGTTCATCGCGATCG-1,L18.6_P5,Pro-B,L18.6_P5_Pro-B
C25_CCTACCACAGTTTACG-1,L18.6_P5,Pro-B,L18.6_P5_Pro-B
C25_CCTTTCTCATGGGAAC-1,L18.6_P5,Pro-B,L18.6_P5_Pro-B
C25_CGACTTCAGTGTTGAA-1,L18.6_P5,Pro-B,L18.6_P5_Pro-B
C25_CGATGGCTCAGAGGTG-1,L18.6_P5,Pro-B,L18.6_P5_Pro-B
C25_CGCCAAGTCGTTTAGG-1,L18.6_P5,Pro-B,L18.6_P5_Pro-B
C25_CGCTATCCACCGGAAA-1,L18.6_P5,Pro-B,L18.6_P5_Pro-B
C25_CGCTTCATCCTCAATT-1,L18.6_P5,Pro-B,L18.6_P5_Pro-B
C25_CGGAGTCTCTGATTCT-1,L18.6_P5,Pro-B,L18.6_P5_Pro-B
C25_CGGCTAGAGAACAACT-1,L18.6_P5,Pro-B,L18.6_P5_Pro-B
C25_CGTCAGGCATAAGACA-1,L18.6_P5,Pro-B,L18.6_P5_Pro-B
C25_CGTCAGGCATCTATGG-1,L18.6_P5,Pro-B,L18.6_P5_Pro-B
C25_CGTGTCTGTCTGATTG-1,L18.6_P5,Pro-B,L18.6_P5_Pro-B
C25_CTACACCTCTTGAGGT-1,L18.6_P5,Pro-B,L18.6_P5_Pro-B
C25_CTAGTGATCCCAAGAT-1,L18.6_P5,Pro-B,L18.6_P5_Pro-B
C25_CTCACACTCTACCTGC-1,L18.6_P5,Pro-B,L18.6_P5_Pro-B
C25_CTCATTACAGGTCGTC-1,L18.6_P5,Pro-B,L18.6_P5_Pro-B
C25_CTCATTAGTGTGAATA-1,L18.6_P5,Pro-B,L18.6_P5_Pro-B
C25_CTCGAAAGTATCGCAT-1,L18.6_P5,Pro-B,L18.6_P5_Pro-B
C25_CTCGGGAAGAGGTAGA-1,L18.6_P5,Pro-B,L18.6_P5_Pro-B
C25_CTCGTCATCTGATACG-1,L18.6_P5,Pro-B,L18.6_P5_Pro-B
C25_CTCTAATGTATAGGTA-1,L18.6_P5,Pro-B,L18.6_P5_Pro-B
C25_CTGAAACGTTGATTGC-1,L18.6_P5,Pro-B,L18.6_P5_Pro-B
C25_CTGCTGTGTCTAAACC-1,L18.6_P5,Pro-B,L18.6_P5_Pro-B
C25_CTTACCGTCCACTGGG-1,L18.6_P5,Pro-B,L18.6_P5_Pro-B
C25_CTTACCGTCTCTTATG-1,L18.6_P5,Pro-B,L18.6_P5_Pro-B
C25_CTTGGCTAGGCCCTTG-1,L18.6_P5,Pro-B,L18.6_P5_Pro-B
C25_GACACGCAGCCGGTAA-1,L18.6_P5,Pro-B,L18.6_P5_Pro-B
C25_GACAGAGAGTATGACA-1,L18.6_P5,Pro-B,L18.6_P5_Pro-B
C25_GAGTCCGGTACAAGTA-1,L18.6_P5,Pro-B,L18.6_P5_Pro-B
C25_GATCGCGCATGTAGTC-1,L18.6_P5,Pro-B,L18.6_P5_Pro-B
C25_GATCGCGGTGATAAGT-1,L18.6_P5,Pro-B,L18.6_P5_Pro-B
C25_GATGCTAGTCAAACTC-1,L18.6_P5,Pro-B,L18.6_P5_Pro-B
C25_GATTCAGCATCCTAGA-1,L18.6_P5,Pro-B,L18.6_P5_Pro-B
C25_GCAATCACACCTTGTC-1,L18.6_P5,Pro-B,L18.6_P5_Pro-B
C25_GCACATAGTCTCACCT-1,L18.6_P5,Pro-B,L18.6_P5_Pro-B
C25_GCATGCGCACGGTGTC-1,L18.6_P5,Pro-B,L18.6_P5_Pro-B
C25_GCATGTATCCGTACAA-1,L18.6_P5,Pro-B,L18.6_P5_Pro-B
C25_GCCTCTACACGGCTAC-1,L18.6_P5,Pro-B,L18.6_P5_Pro-B
C25_GCGACCAAGCCGCCTA-1,L18.6_P5,Pro-B,L18.6_P5_Pro-B
C25_GCGACCAGTTACGGAG-1,L18.6_P5,Pro-B,L18.6_P5_Pro-B
C25_GCGAGAAAGAGCTTCT-1,L18.6_P5,Pro-B,L18.6_P5_Pro-B
C25_GCGCCAATCAGGTAAA-1,L18.6_P5,Pro-B,L18.6_P5_Pro-B
C25_GCTCTGTTCTGATACG-1,L18.6_P5,Pro-B,L18.6_P5_Pro-B
C25_GCTGCAGGTATAAACG-1,L18.6_P5,Pro-B,L18.6_P5_Pro-B
C25_GCTGCAGTCGTCACGG-1,L18.6_P5,Pro-B,L18.6_P5_Pro-B
C25_GCTGCGAAGAACAACT-1,L18.6_P5,Pro-B,L18.6_P5_Pro-B
C25_GGACAGACAGTCAGAG-1,L18.6_P5,Pro-B,L18.6_P5_Pro-B
C25_GGACGTCCAGGTCGTC-1,L18.6_P5,Pro-B,L18.6_P5_Pro-B
C25_GGAGCAAAGGAATGGA-1,L18.6_P5,Pro-B,L18.6_P5_Pro-B
C25_GGATGTTGTCGGATCC-1,L18.6_P5,Pro-B,L18.6_P5_Pro-B
C25_GGGACCTGTCCATCCT-1,L18.6_P5,Pro-B,L18.6_P5_Pro-B
C25_GGGCATCGTTTAGGAA-1,L18.6_P5,Pro-B,L18.6_P5_Pro-B
C25_GGTGAAGAGTGTACTC-1,L18.6_P5,Pro-B,L18.6_P5_Pro-B
C25_GTACTTTGTGTGACCC-1,L18.6_P5,Pro-B,L18.6_P5_Pro-B
C25_GTCGTAAGTGAGGCTA-1,L18.6_P5,Pro-B,L18.6_P5_Pro-B
C25_GTGAAGGGTGTCTGAT-1,L18.6_P5,Pro-B,L18.6_P5_Pro-B
C25_GTGCTTCCATCACGAT-1,L18.6_P5,Pro-B,L18.6_P5_Pro-B
C25_GTGCTTCTCCATTCTA-1,L18.6_P5,Pro-B,L18.6_P5_Pro-B
C25_GTGGGTCCACGGCTAC-1,L18.6_P5,Pro-B,L18.6_P5_Pro-B
C25_GTTCATTAGAGTGACC-1,L18.6_P5,Pro-B,L18.6_P5_Pro-B
C25_GTTCATTAGTGAAGAG-1,L18.6_P5,Pro-B,L18.6_P5_Pro-B
C25_GTTCATTTCAGTTGAC-1,L18.6_P5,Pro-B,L18.6_P5_Pro-B
C25_GTTTCTACATTGCGGC-1,L18.6_P5,Pro-B,L18.6_P5_Pro-B
C25_TACGGTAGTTGCCTCT-1,L18.6_P5,Pro-B,L18.6_P5_Pro-B
C25_TACTCGCCATTCTCAT-1,L18.6_P5,Pro-B,L18.6_P5_Pro-B
C25_TACTTACAGAGACTTA-1,L18.6_P5,Pro-B,L18.6_P5_Pro-B
C25_TATGCCCCAGAGTGTG-1,L18.6_P5,Pro-B,L18.6_P5_Pro-B
C25_TCATTACGTATGAATG-1,L18.6_P5,Pro-B,L18.6_P5_Pro-B
C25_TCGCGTTCAAGAGTCG-1,L18.6_P5,Pro-B,L18.6_P5_Pro-B
C25_TCGTAGACATACGCCG-1,L18.6_P5,Pro-B,L18.6_P5_Pro-B
C25_TCGTAGAGTACAGTGG-1,L18.6_P5,Pro-B,L18.6_P5_Pro-B
C25_TCTCTAACATCGATTG-1,L18.6_P5,Pro-B,L18.6_P5_Pro-B
C25_TGACAACCACAGGTTT-1,L18.6_P5,Pro-B,L18.6_P5_Pro-B
C25_TGACTTTTCATGCATG-1,L18.6_P5,Pro-B,L18.6_P5_Pro-B
C25_TGAGCATCACCCATGG-1,L18.6_P5,Pro-B,L18.6_P5_Pro-B
C25_TGAGCATGTCGTTGTA-1,L18.6_P5,Pro-B,L18.6_P5_Pro-B
C25_TGCACCTCACGGTAAG-1,L18.6_P5,Pro-B,L18.6_P5_Pro-B
C25_TGCGCAGAGCTAGTCT-1,L18.6_P5,Pro-B,L18.6_P5_Pro-B
C25_TGCGTGGGTTAAGAAC-1,L18.6_P5,Pro-B,L18.6_P5_Pro-B
C25_TGGACGCTCGATAGAA-1,L18.6_P5,Pro-B,L18.6_P5_Pro-B
C25_TGTATTCAGGAGTTGC-1,L18.6_P5,Pro-B,L18.6_P5_Pro-B
C25_TGTTCCGTCATGTCCC-1,L18.6_P5,Pro-B,L18.6_P5_Pro-B
C25_TTAGGCACATCCCACT-1,L18.6_P5,Pro-B,L18.6_P5_Pro-B
C25_TTCGAAGAGGCATTGG-1,L18.6_P5,Pro-B,L18.6_P5_Pro-B
C25_TTCGGTCCAGATCCAT-1,L18.6_P5,Pro-B,L18.6_P5_Pro-B
C25_TTCGGTCTCTACCAGA-1,L18.6_P5,Pro-B,L18.6_P5_Pro-B
C25_TTCTACAAGCGTCAAG-1,L18.6_P5,Pro-B,L18.6_P5_Pro-B
C25_TTGACTTCAGCTGTAT-1,L18.6_P5,Pro-B,L18.6_P5_Pro-B
C25_TTGCCGTCACGACTCG-1,L18.6_P5,Pro-B,L18.6_P5_Pro-B
C25_TTGGCAAAGGTGCTAG-1,L18.6_P5,Pro-B,L18.6_P5_Pro-B
C25_TTTACTGGTGACGGTA-1,L18.6_P5,Pro-B,L18.6_P5_Pro-B
C25_TTTACTGGTTCATGGT-1,L18.6_P5,Pro-B,L18.6_P5_Pro-B
C25_TTTGGTTCACCCTATC-1,L18.6_P5,Pro-B,L18.6_P5_Pro-B
