segment,variable,group_1,group_2,n_pairs,median_group_1,median_group_2,median_paired_difference_group_2_minus_group_1,p_value_paired_wilcoxon,p_value_unpaired_wilcoxon_sensitivity,p_adjust_bh_paired,significant_bh_q_0_05,marker
TRAV,TRAV1-1,Naïve CD4 T,Naïve CD8 T,20,1.4456667872327356,3.330837285409213,1.382615321090511,0.0020703865311326153,0.0019533482730293853,0.009271730987246062,TRUE,*
TRAV,TRAV1-2,Naïve CD4 T,Naïve CD8 T,20,1.6517447483941372,6.147670025188917,4.516438729325349,9.569173157059457e-5,1.2346350154956733e-7,0.0019453233842362941,TRUE,*
TRAV,TRAV2,Naïve CD4 T,Naïve CD8 T,20,2.351115978306216,0.8957069901053304,-1.618292849361831,2.3574535856443876e-4,9.146616090815644e-6,0.0024281771932137194,TRUE,*
TRAV,TRAV3,Naïve CD4 T,Naïve CD8 T,20,3.2955724972260994,3.7369177098296733,0.7893630303619816,0.04999986301138252,0.027476159496321383,0.11704513386755452,FALSE,
TRAV,TRAV4,Naïve CD4 T,Naïve CD8 T,20,1.71982126738834,2.1686872909698995,0.32412446376785353,0.13054070066070977,0.3103795608247748,0.2561084222486306,FALSE,
TRAV,TRAV5,Naïve CD4 T,Naïve CD8 T,20,1.9955042966429226,3.5303142736808324,1.5259007616009916,0.0020703865311326153,1.6981914398079184e-4,0.009271730987246062,TRUE,*
TRAV,TRAV6,Naïve CD4 T,Naïve CD8 T,20,0.7686840693724298,0.6912662090007627,-0.21814309724870862,0.13054070066070977,0.13642879027716392,0.2561084222486306,FALSE,
TRAV,TRAV7,Naïve CD4 T,Naïve CD8 T,20,0,0,0,1,1,1,FALSE,
TRAV,TRAVA,Naïve CD4 T,Naïve CD8 T,20,0,0,0,1,1,1,FALSE,
TRAV,TRAV8-1,Naïve CD4 T,Naïve CD8 T,20,1.4582759886228094,1.7341734173417338,0.3245142322543513,0.028293051072653036,0.12302091872320044,0.07458513547003949,FALSE,
TRAV,TRAV9-1,Naïve CD4 T,Naïve CD8 T,20,0,0,0,0.059058229090536735,0.019798992920099675,0.13369225486429195,FALSE,
TRAV,TRAV10,Naïve CD4 T,Naïve CD8 T,20,1.629946562225832,1.7494270435446904,-0.015562862642380715,0.9851072844923568,0.7971508794219793,1,FALSE,
TRAV,TRAV11,Naïve CD4 T,Naïve CD8 T,20,0,0,0,1,1,1,FALSE,
TRAV,TRAV12-1,Naïve CD4 T,Naïve CD8 T,20,3.709820472826253,5.308477483479207,1.5600549270794404,0.0038123896181273286,0.007404455089700919,0.014817967194985467,TRUE,*
TRAV,TRAV8-2,Naïve CD4 T,Naïve CD8 T,20,1.4755885825404542,1.0892381265286752,-0.2986513821584543,0.02896510115341339,0.014340967740137251,0.07458513547003949,FALSE,
TRAV,TRAV8-3,Naïve CD4 T,Naïve CD8 T,20,4.939724037763253,2.93376363915783,-2.2103144390135854,1.5109307838728498e-4,2.3556591362307387e-6,0.0019453233842362941,TRUE,*
TRAV,TRAVB,Naïve CD4 T,Naïve CD8 T,20,0,0,0,1,1,1,FALSE,
TRAV,TRAV13-1,Naïve CD4 T,Naïve CD8 T,20,5.844681634155318,5.132469974080969,-0.783031783031783,0.2548506570124593,0.1894609167695379,0.46459500304926205,FALSE,
TRAV,TRAV14-1,Naïve CD4 T,Naïve CD8 T,20,0,0,0,1,1,1,FALSE,
TRAV,TRAV11-1,Naïve CD4 T,Naïve CD8 T,20,0,0,0,1,1,1,FALSE,
TRAV,TRAV12-2,Naïve CD4 T,Naïve CD8 T,20,3.227846531584038,4.6350988528191355,1.1493121029891415,0.0020703865311326153,0.001625257546252067,0.009271730987246062,TRUE,*
TRAV,TRAV8-4,Naïve CD4 T,Naïve CD8 T,20,3.778414097788656,1.7639297532615061,-2.0308166067871403,4.819288967181603e-4,1.4135686039997913e-5,0.0033092450907980337,TRUE,*
TRAV,TRAV8-5,Naïve CD4 T,Naïve CD8 T,20,0,0,0,1,1,1,FALSE,
TRAV,TRAV13-2,Naïve CD4 T,Naïve CD8 T,20,2.008711690792616,2.639138913891389,0.45506714336941856,0.038268876452229664,0.05651653736796191,0.09498058492963025,FALSE,
TRAV,TRAV14/DV4,Naïve CD4 T,Naïve CD8 T,20,1.6270764182115143,4.202289611496773,2.5216951552512836,9.569173157059457e-5,4.5389721881869586e-7,0.0019453233842362941,TRUE,*
TRAV,TRAV9-2,Naïve CD4 T,Naïve CD8 T,20,5.521631478569278,1.5724497760979417,-4.2894752889859005,9.569173157059457e-5,6.795615128173368e-8,0.0019453233842362941,TRUE,*
TRAV,TRAV15,Naïve CD4 T,Naïve CD8 T,20,0,0,0,1,1,1,FALSE,
TRAV,TRAV12-3,Naïve CD4 T,Naïve CD8 T,20,2.125481695568401,1.1997281522347485,-0.8227645270994074,0.0023453407228774515,0.005329367664391745,0.01020058395355424,TRUE,*
TRAV,TRAV8-6,Naïve CD4 T,Naïve CD8 T,20,2.0149936886933544,1.381219852754506,-0.5259958345332226,0.006797230872264168,0.01793861287032468,0.022225866026768546,TRUE,*
TRAV,TRAV16,Naïve CD4 T,Naïve CD8 T,20,1.0062628825114952,0.8201241450735388,-0.20563234173599115,0.06709766642451728,0.09588417831743531,0.14862493853172645,FALSE,
TRAV,TRAV17,Naïve CD4 T,Naïve CD8 T,20,3.085529393419616,3.4476693051890943,0.20383707782957128,0.5135488935001347,0.47348062777220584,0.820256297341626,FALSE,
TRAV,TRAV18,Naïve CD4 T,Naïve CD8 T,20,0,0,0,1,0.34211225261696365,1,FALSE,
TRAV,TRAV19,Naïve CD4 T,Naïve CD8 T,20,2.3584753421120577,5.189221860437911,2.8768963862090304,1.2992610033373933e-4,3.2931059077322265e-5,0.0019453233842362941,TRUE,*
TRAV,TRAVC,Naïve CD4 T,Naïve CD8 T,20,0,0,0,1,1,1,FALSE,
TRAV,TRAV20,Naïve CD4 T,Naïve CD8 T,20,2.3719740413593784,1.8936493928750235,-0.4037181046037668,0.05452622107729229,0.01141737626064914,0.12620675889800237,FALSE,
TRAV,TRAV21,Naïve CD4 T,Naïve CD8 T,20,4.093170511080959,4.5248538011695905,0.288834763143627,0.28733726835203194,0.3234817459216912,0.5147084980914659,FALSE,
TRAV,TRAV8-6-1,Naïve CD4 T,Naïve CD8 T,20,0,0,0,1,1,1,FALSE,
TRAV,TRAV22,Naïve CD4 T,Naïve CD8 T,20,1.2609808265220384,1.0363247863247864,-0.2134994880145558,0.3411055649969926,0.26716009017173825,0.5954893761811906,FALSE,
TRAV,TRAV23/DV6,Naïve CD4 T,Naïve CD8 T,20,2.806180228724023,0.783974264525318,-1.7729368421599132,2.3574535856443876e-4,1.1034231991042948e-5,0.0024281771932137194,TRUE,*
TRAV,TRAV24,Naïve CD4 T,Naïve CD8 T,20,0.8531902801458255,1.314647516631144,0.37282709789504126,0.08256929153247906,0.0763619445546534,0.17535334078031636,FALSE,
TRAV,TRAV25,Naïve CD4 T,Naïve CD8 T,20,1.2902559867877788,1.0385277658200602,0,0.8276225183871474,0.6550586436843919,1,FALSE,
TRAV,TRAV26-1,Naïve CD4 T,Naïve CD8 T,20,4.817528204704052,1.199964394779727,-3.447293506150089,9.569173157059457e-5,9.122158275817747e-8,0.0019453233842362941,TRUE,*
TRAV,TRAV8-7,Naïve CD4 T,Naïve CD8 T,20,0,0,0,1,1,1,FALSE,
TRAV,TRAV27,Naïve CD4 T,Naïve CD8 T,20,2.1056453770592056,2.1293946511671837,-0.095094841328349,0.7228440497409845,0.5792183523134169,1,FALSE,
TRAV,TRAV28,Naïve CD4 T,Naïve CD8 T,20,0,0,0,1,1,1,FALSE,
TRAV,TRAV29/DV5,Naïve CD4 T,Naïve CD8 T,20,5.135916767786322,7.210222997469047,2.257914074481715,0.02896510115341339,0.015478602442838583,0.07458513547003949,FALSE,
TRAV,TRAV30,Naïve CD4 T,Naïve CD8 T,20,1.0635058721183124,0.9162868793475654,-0.02960598215850263,0.5869442919769576,0.8497483688370123,0.8801850843121217,FALSE,
TRAV,TRAV31,Naïve CD4 T,Naïve CD8 T,20,0,0,0,1,1,1,FALSE,
TRAV,TRAV32,Naïve CD4 T,Naïve CD8 T,20,0,0,0,1,1,1,FALSE,
TRAV,TRAV33,Naïve CD4 T,Naïve CD8 T,20,0,0,0,1,1,1,FALSE,
TRAV,TRAV26-2,Naïve CD4 T,Naïve CD8 T,20,0.709838678624358,0.7228957636566332,0,0.5136556425100474,0.6898057090340184,0.820256297341626,FALSE,
TRAV,TRAV34,Naïve CD4 T,Naïve CD8 T,20,0.15661462512326435,0,-0.10518044180666321,0.11655195774607748,0.04514783752643162,0.23771983461081148,FALSE,
TRAV,TRAV35,Naïve CD4 T,Naïve CD8 T,20,2.2693667630986822,1.4457915273132664,-0.9084868699868254,0.006797230872264168,3.7475238873465125e-4,0.022225866026768546,TRUE,*
TRAV,TRAV36/DV7,Naïve CD4 T,Naïve CD8 T,20,1.147774749425936,0.6864679491696615,-0.5884617594724155,0.0893877005990799,0.06384240259938127,0.1878965951368414,FALSE,
TRAV,TRAV37,Naïve CD4 T,Naïve CD8 T,20,0,0,0,1,1,1,FALSE,
TRAV,TRAV38-1,Naïve CD4 T,Naïve CD8 T,20,1.7780409142607856,1.148228221894115,-0.30989727505328546,0.0421303587106273,0.07854971505446676,0.1009169057487119,FALSE,
TRAV,TRAV38-2/DV8,Naïve CD4 T,Naïve CD8 T,20,2.700358119981315,2.0594038475089844,-0.7287550127907331,8.339489878162445e-4,0.025632348562057275,0.004404961320260164,TRUE,*
TRAV,TRAV39,Naïve CD4 T,Naïve CD8 T,20,0.665926570714767,1.0320423450459604,0.36110788572244507,0.13054070066070977,0.07407596950162001,0.2561084222486306,FALSE,
TRAV,TRAV40,Naïve CD4 T,Naïve CD8 T,20,0.13433196685816565,0,-0.03154509315735672,0.0023768350959738034,0.00380653605619695,0.01020058395355424,TRUE,*
TRAV,TRAV41,Naïve CD4 T,Naïve CD8 T,20,1.9254607563065278,0.8316044260027663,-1.093934191179216,7.787981361213576e-4,4.810373465654124e-4,0.004404961320260164,TRUE,*
TRAV,TRAV46,Naïve CD4 T,Naïve CD8 T,20,0,0,0,1,1,1,FALSE,
TRAJ,TRAJ61,Naïve CD4 T,Naïve CD8 T,20,0,0,0,1,1,1,FALSE,
TRAJ,TRAJ60,Naïve CD4 T,Naïve CD8 T,20,0,0,0,1,1,1,FALSE,
TRAJ,TRAJ59,Naïve CD4 T,Naïve CD8 T,20,0,0,0,1,1,1,FALSE,
TRAJ,TRAJ58,Naïve CD4 T,Naïve CD8 T,20,0.9160015089549289,0.4577521957964312,-0.4588718892986917,0.009442022561504271,0.0017087945875165688,0.029556443559623374,TRUE,*
TRAJ,TRAJ57,Naïve CD4 T,Naïve CD8 T,20,1.0789618274518182,0.6271794116202545,-0.3726818980470252,0.005414436660454234,0.004401103200526118,0.0195679640711153,TRUE,*
TRAJ,TRAJ56,Naïve CD4 T,Naïve CD8 T,20,0.8959012216614846,0.4792080101028324,-0.36156089009614634,0.0026533654828535852,0.0011910708020886863,0.011154965091180379,TRUE,*
TRAJ,TRAJ55,Naïve CD4 T,Naïve CD8 T,20,0,0,0,1,1,1,FALSE,
TRAJ,TRAJ54,Naïve CD4 T,Naïve CD8 T,20,1.8293665059834212,0.8225464549882735,-1.1286866289484625,0.0038123896181273286,1.5984175617061522e-4,0.014817967194985467,TRUE,*
TRAJ,TRAJ53,Naïve CD4 T,Naïve CD8 T,20,2.7340447468811218,1.3702239789196309,-1.310705973243572,0.005414436660454234,5.029097905937432e-4,0.0195679640711153,TRUE,*
TRAJ,TRAJ52,Naïve CD4 T,Naïve CD8 T,20,2.2997245081868405,1.6178229665071768,-0.359803212293507,0.038268876452229664,0.022244812915040345,0.09498058492963025,FALSE,
TRAJ,TRAJ51,Naïve CD4 T,Naïve CD8 T,20,0,0,0,1,1,1,FALSE,
TRAJ,TRAJ50,Naïve CD4 T,Naïve CD8 T,20,0.49648536836872614,0.4067852437417655,-0.10603848160380058,0.2226886323838522,0.37744581815515776,0.4095880202774424,FALSE,
TRAJ,TRAJ49,Naïve CD4 T,Naïve CD8 T,20,3.7428417277461126,3.5226494009782843,-0.2513073128629628,0.5628210544183154,0.7149798814655983,0.8588232385938739,FALSE,
TRAJ,TRAJ48,Naïve CD4 T,Naïve CD8 T,20,3.1907627020113942,1.959289431033012,-1.146048554941556,0.0018252941314766582,1.1555893419312311e-4,0.008744432350795153,TRUE,*
TRAJ,TRAJ47,Naïve CD4 T,Naïve CD8 T,20,2.006585569263509,1.8127834602236357,0.09394571263359441,0.8082669740051833,0.7971881138618718,1,FALSE,
TRAJ,TRAJ46,Naïve CD4 T,Naïve CD8 T,20,0.09465319213746887,0,-0.0071646326803419536,0.06921297151319152,0.047177461366811176,0.15167949076295162,FALSE,
TRAJ,TRAJ45,Naïve CD4 T,Naïve CD8 T,20,2.4655318172968963,3.0616169216620683,0.6478937168290997,0.11259455156096579,0.04112359406047488,0.23194477621558954,FALSE,
TRAJ,TRAJ44,Naïve CD4 T,Naïve CD8 T,20,1.7376987892905413,1.4005016722408028,-0.6902275038404252,0.021678215270968332,0.0105666314354456,0.06034746413269563,FALSE,
TRAJ,TRAJ43,Naïve CD4 T,Naïve CD8 T,20,1.6239729315565807,2.5483829895594603,1.0082825847662527,0.017758060988086945,0.007708939898342002,0.05225943662208444,FALSE,
TRAJ,TRAJ42,Naïve CD4 T,Naïve CD8 T,20,3.2232067832862272,3.153409090909091,0.07561343964306722,0.8373145543608991,0.9676330910208911,1,FALSE,
TRAJ,TRAJ41,Naïve CD4 T,Naïve CD8 T,20,1.3539168665067947,1.8310187457061535,0.3234401997481181,0.14030923357671488,0.2502079087112104,0.27267643506418177,FALSE,
TRAJ,TRAJ40,Naïve CD4 T,Naïve CD8 T,20,4.360744386891026,3.5804993542832544,-0.8851864691248235,0.007601272165390897,0.029433273016760356,0.024466594782351952,TRUE,*
TRAJ,TRAJ39,Naïve CD4 T,Naïve CD8 T,20,2.1306272857691297,2.1475625823451914,0.053905666704533006,0.9553426002355359,0.786765171721284,1,FALSE,
TRAJ,TRAJ38,Naïve CD4 T,Naïve CD8 T,20,1.5201340651867685,0.7246376811594203,-0.6456608354841248,3.634818682017534e-4,4.0621559222210943e-4,0.0031658432378335864,TRUE,*
TRAJ,TRAJ37,Naïve CD4 T,Naïve CD8 T,20,3.009497234052969,1.5528057059379565,-1.240839162416593,0.006070455780693262,0.0022360392578161465,0.021213159155366097,TRUE,*
TRAJ,TRAJ36,Naïve CD4 T,Naïve CD8 T,20,1.3242397534963484,1.4049414936331308,0.042281895139301806,0.42217567399356537,0.48176457042174425,0.7013563616344716,FALSE,
TRAJ,TRAJ35,Naïve CD4 T,Naïve CD8 T,20,1.1448363015141232,0.95646136539408,0.0020945602135814534,0.8082669740051833,0.273195109614754,1,FALSE,
TRAJ,TRAJ34,Naïve CD4 T,Naïve CD8 T,20,1.9687816826602518,2.944522352117575,0.682139873793528,4.819288967181603e-4,1.891469319352932e-4,0.0033092450907980337,TRUE,*
TRAJ,TRAJ33,Naïve CD4 T,Naïve CD8 T,20,2.3907180561369987,3.436283932059937,1.1415568931988829,0.0048231096157771965,0.005560459932137414,0.01806473783363823,TRUE,*
TRAJ,TRAJ32,Naïve CD4 T,Naïve CD8 T,20,1.8964104108122575,1.469467073274759,-0.4615455153775295,0.006797230872264168,0.0011153458756497053,0.022225866026768546,TRUE,*
TRAJ,TRAJ31,Naïve CD4 T,Naïve CD8 T,20,2.432381454225373,2.6036682615629982,0.15961838315738852,0.21106423187706097,0.4093558557421741,0.3917047906907618,FALSE,
TRAJ,TRAJ30,Naïve CD4 T,Naïve CD8 T,20,1.7448389760528489,2.6630434782608696,0.7410764553088834,4.188113763123475e-4,0.002447545555808584,0.0033092450907980337,TRUE,*
TRAJ,TRAJ29,Naïve CD4 T,Naïve CD8 T,20,2.6396995611058323,2.13768115942029,-0.58521368241330185,0.5379017473312591,0.1198555659592477,0.8331410522574388,FALSE,
TRAJ,TRAJ28,Naïve CD4 T,Naïve CD8 T,20,2.1439071732366624,2.6935387408658515,0.20148129493970135,0.4009167592852902,0.10751135969600566,0.6769578066620474,FALSE,
TRAJ,TRAJ27,Naïve CD4 T,Naïve CD8 T,20,1.8988173373760682,1.2352885015970003,-0.37961759656714983,0.025519870957756135,0.02561158208177682,0.06827394048438654,FALSE,
TRAJ,TRAJ26,Naïve CD4 T,Naïve CD8 T,20,1.6210012658300719,3.7394361698244074,2.157527132265646,3.634818682017534e-4,9.747975903084579e-6,0.0031658432378335864,TRUE,*
TRAJ,TRAJ25,Naïve CD4 T,Naïve CD8 T,20,0,0,0,0.7874064906662693,0.6547323117618753,1,FALSE,
TRAJ,TRAJ24,Naïve CD4 T,Naïve CD8 T,20,1.8207827794384857,2.505317479688971,0.6489596356466077,0.023906627118881585,0.08833709065125683,0.06479954192749483,FALSE,
TRAJ,TRAJ23,Naïve CD4 T,Naïve CD8 T,20,2.6848243716346714,2.777335643315845,-0.004109390370774069,0.614267673184373,0.8924088480585519,0.9103535300430275,FALSE,
TRAJ,TRAJ22,Naïve CD4 T,Naïve CD8 T,20,2.4282890947954394,1.2760080355861674,-1.0778769376906983,5.801974175567779e-4,1.7686506064548753e-4,0.0037350208755217574,TRUE,*
TRAJ,TRAJ21,Naïve CD4 T,Naïve CD8 T,20,1.67427119880688,2.2624269005847952,0.4928188269581567,0.11259455156096579,0.04829662491174333,0.23194477621558954,FALSE,
TRAJ,TRAJ20,Naïve CD4 T,Naïve CD8 T,20,2.578234687229572,5.175553613053613,2.4814357379243495,1.5109307838728498e-4,3.9873588961566445e-6,0.0019453233842362941,TRUE,*
TRAJ,TRAJ19,Naïve CD4 T,Naïve CD8 T,20,0,0,0,1,1,1,FALSE,
TRAJ,TRAJ18,Naïve CD4 T,Naïve CD8 T,20,1.3217680900287312,1.1356019592678526,-0.07060926234983766,0.9553426002355359,0.5978453896644239,1,FALSE,
TRAJ,TRAJ17,Naïve CD4 T,Naïve CD8 T,20,1.9140962743478895,1.131595025811196,-0.6784757849562226,0.03491905408172664,0.028440216831441496,0.08880648322019367,FALSE,
TRAJ,TRAJ16,Naïve CD4 T,Naïve CD8 T,20,0.7830731256163217,1.1325159039605994,0.5402462804479718,0.006797230872264168,0.004318364105000571,0.022225866026768546,TRUE,*
TRAJ,TRAJ15,Naïve CD4 T,Naïve CD8 T,20,1.766873181263494,2.486348266721617,0.45710957639954664,0.15063055879143034,0.11355139298344047,0.2873138436206912,FALSE,
TRAJ,TRAJ14,Naïve CD4 T,Naïve CD8 T,20,0,0,0,1,0.34211225261696365,1,FALSE,
TRAJ,TRAJ13,Naïve CD4 T,Naïve CD8 T,20,2.2649636269997107,2.131040048421265,-0.276607103486198,0.5628210544183154,0.5249674713729339,0.8588232385938739,FALSE,
TRAJ,TRAJ12,Naïve CD4 T,Naïve CD8 T,20,1.166747690811862,1.7626221698344877,0.6403302026386886,0.02067181153648895,0.03478114199272035,0.05833415310296882,FALSE,
TRAJ,TRAJ11,Naïve CD4 T,Naïve CD8 T,20,1.3411640453286902,1.9136487440734387,0.517009054164445,0.023906627118881585,0.02474451569252557,0.06479954192749483,FALSE,
TRAJ,TRAJ10,Naïve CD4 T,Naïve CD8 T,20,1.7458163726820441,1.0737812911725957,-0.5571270625883756,6.727150364716939e-4,0.0012135575982187763,0.00419937265191421,TRUE,*
TRAJ,TRAJ9,Naïve CD4 T,Naïve CD8 T,20,2.91100907235659,2.2700151876762855,-0.550809522657765,0.019632832750172205,0.002923689313127614,0.05617171592410381,FALSE,
TRAJ,TRAJ8,Naïve CD4 T,Naïve CD8 T,20,2.05975682515854,2.146592940917003,0.053086749171230796,0.9553426002355359,0.8710631990792786,1,FALSE,
TRAJ,TRAJ7,Naïve CD4 T,Naïve CD8 T,20,0.8712601849856751,0.8187929061784897,0,0.5135916823370115,0.5423927069713388,0.820256297341626,FALSE,
TRAJ,TRAJ6,Naïve CD4 T,Naïve CD8 T,20,2.5183586010853647,2.440290402657613,-0.07948880978536832,0.7794813238029825,0.9353194228772207,1,FALSE,
TRAJ,TRAJ5,Naïve CD4 T,Naïve CD8 T,20,1.764731919103815,1.403985507246377,-0.4743185735832792,0.04999986301138252,0.01141737626064914,0.11704513386755452,FALSE,
TRAJ,TRAJ4,Naïve CD4 T,Naïve CD8 T,20,1.8316570403801655,1.8705633157774217,-0.5045786382308458,0.5379017473312591,0.9030712457625188,0.8331410522574388,FALSE,
TRAJ,TRAJ3,Naïve CD4 T,Naïve CD8 T,20,1.442912433478471,1.223368177465688,-0.17067258255774775,0.15063055879143034,0.4567393951590682,0.2873138436206912,FALSE,
TRAJ,TRAJ2,Naïve CD4 T,Naïve CD8 T,20,0,0,0,1,1,1,FALSE,
TRAJ,TRAJ1,Naïve CD4 T,Naïve CD8 T,20,0,0,0,1,1,1,FALSE,
TRBV,TRBV1,Naïve CD4 T,Naïve CD8 T,20,0,0,0,1,1,1,FALSE,
TRBV,TRBV2,Naïve CD4 T,Naïve CD8 T,20,2.9315893419641146,2.679425837320574,-0.22293514847285767,0.7509949671586461,0.44876620401449907,1,FALSE,
TRBV,TRBV3-1,Naïve CD4 T,Naïve CD8 T,20,3.230275283905107,1.9293478260869568,-1.2097739374838234,4.819288967181603e-4,2.7378407782910347e-4,0.0033092450907980337,TRUE,*
TRBV,TRBV4-1,Naïve CD4 T,Naïve CD8 T,20,2.3085516336653953,5.857843137254902,3.3072081193226284,9.569173157059457e-5,1.4289335349618287e-7,0.0019453233842362941,TRUE,*
TRBV,TRBV5-1,Naïve CD4 T,Naïve CD8 T,20,9.238485280151947,4.997918562891151,-4.1477626404097,9.569173157059457e-5,2.040713909624457e-5,0.0019453233842362941,TRUE,*
TRBV,TRBV6-1,Naïve CD4 T,Naïve CD8 T,20,3.007409670766175,1.6199432387624926,-1.22840227633331,0.0033829222537458408,0.0014809771857968639,0.013664352632777318,TRUE,*
TRBV,TRBV7-1,Naïve CD4 T,Naïve CD8 T,20,0,0,0,1,1,1,FALSE,
TRBV,TRBV4-2,Naïve CD4 T,Naïve CD8 T,20,1.999895702962036,1.747926893529689,0.19513085864364887,0.9553426002355359,0.8180656001813177,1,FALSE,
TRBV,TRBV6-2,Naïve CD4 T,Naïve CD8 T,20,1.9547220902303601,1.4539731754868108,-0.267535718979705,0.12130822847739044,0.3647291591384031,0.2449950496700238,FALSE,
TRBV,TRBV3-2,Naïve CD4 T,Naïve CD8 T,20,0,0,0,1,1,1,FALSE,
TRBV,TRBV4-3,Naïve CD4 T,Naïve CD8 T,20,0.911595009570872,1.4539731754868108,0.0036539617064812457,0.01444518208961183,0.2399804931131838,0.04376040456558877,TRUE,*
TRBV,TRBV6-3,Naïve CD4 T,Naïve CD8 T,20,0,0,0,1,1,1,FALSE,
TRBV,TRBV7-2,Naïve CD4 T,Naïve CD8 T,20,3.872206205577598,1.567732471494445,-1.9918312224610768,2.0352486806761083e-4,2.2205129858923598e-4,0.002329229045662657,TRUE,*
TRBV,TRBV8-1,Naïve CD4 T,Naïve CD8 T,20,0,0,0,1,1,1,FALSE,
TRBV,TRBV5-2,Naïve CD4 T,Naïve CD8 T,20,0,0,0,1,1,1,FALSE,
TRBV,TRBV6-4,Naïve CD4 T,Naïve CD8 T,20,0.37067081167727206,0.28738471673254284,0,0.40797822235249753,0.2713884948365766,0.6832806000375162,FALSE,
TRBV,TRBV7-3,Naïve CD4 T,Naïve CD8 T,20,2.505634623791713,2.5429581001578416,0.25125557855748815,0.5135488935001347,0.7149798814655983,0.820256297341626,FALSE,
TRBV,TRBV8-2,Naïve CD4 T,Naïve CD8 T,20,0,0,0,1,1,1,FALSE,
TRBV,TRBV5-3,Naïve CD4 T,Naïve CD8 T,20,0,0,0,1,1,1,FALSE,
TRBV,TRBV9,Naïve CD4 T,Naïve CD8 T,20,3.810266049297819,7.9700103458436065,3.8325922889297925,8.339489878162445e-4,2.595984039587203e-5,0.004404961320260164,TRUE,*
TRBV,TRBV10-1,Naïve CD4 T,Naïve CD8 T,20,0.4507764209256746,0.36954343396302547,0,0.8870686942118248,0.859646911270782,1,FALSE,
TRBV,TRBV11-1,Naïve CD4 T,Naïve CD8 T,20,0.39069944730322087,0.07246376811594203,-0.18839837053751696,0.0421303587106273,0.007698206536022224,0.1009169057487119,FALSE,
TRBV,TRBV12-1,Naïve CD4 T,Naïve CD8 T,20,0,0,0,1,1,1,FALSE,
TRBV,TRBV10-2,Naïve CD4 T,Naïve CD8 T,20,0.6350186693275823,0.5767435296161195,-0.08341628951611967,0.7022383152218972,0.464440620839474,1,FALSE,
TRBV,TRBV11-2,Naïve CD4 T,Naïve CD8 T,20,2.151897687722692,2.5741323417238746,0.6350417717516607,0.3603751875449334,0.17192970543827338,0.6238427616324058,FALSE,
TRBV,TRBV12-2,Naïve CD4 T,Naïve CD8 T,20,0,0,0,1,1,1,FALSE,
TRBV,TRBV6-5,Naïve CD4 T,Naïve CD8 T,20,3.3734881235731287,4.836011153897225,1.531150874221805,8.339489878162445e-4,1.7923823281582713e-4,0.004404961320260164,TRUE,*
TRBV,TRBV7-4,Naïve CD4 T,Naïve CD8 T,20,0,0,0,0.589638551626567,0.1954859695984505,0.8801850843121217,FALSE,
TRBV,TRBV5-4,Naïve CD4 T,Naïve CD8 T,20,2.3741690408357075,1.8120254463369585,-0.46476075176998705,0.016042061916394457,0.008021643946725776,0.04789369209822113,TRUE,*
TRBV,TRBV6-6,Naïve CD4 T,Naïve CD8 T,20,1.7104544704194233,0.9858452950558214,-0.8809752276949759,8.339489878162445e-4,1.791149024215869e-5,0.004404961320260164,TRUE,*
TRBV,TRBV7-5,Naïve CD4 T,Naïve CD8 T,20,0,0,0,1,1,1,FALSE,
TRBV,TRBV5-5,Naïve CD4 T,Naïve CD8 T,20,0.7230989037994473,0.5236282992005257,-0.09125984610199339,0.20660344266812514,0.29097089685256194,0.38691190172394346,FALSE,
TRBV,TRBV6-7,Naïve CD4 T,Naïve CD8 T,20,0,0,0,0.2807126652684958,0.8617479277008719,0.5072527109237731,FALSE,
TRBV,TRBV7-6,Naïve CD4 T,Naïve CD8 T,20,0.6154025336415274,1.002295881762089,0.4490068234987474,3.6883610537867024e-4,0.0017735120237748329,0.0031658432378335864,TRUE,*
TRBV,TRBV5-6,Naïve CD4 T,Naïve CD8 T,20,1.2917349978859074,2.143064627559352,0.9442511141297064,0.0418880664903521,0.002336832946004365,0.1009169057487119,FALSE,
TRBV,TRBV6-8,Naïve CD4 T,Naïve CD8 T,20,0,0,0,0.37109336952269756,0.16258685072635493,0.6370436176806308,FALSE,
TRBV,TRBV7-7,Naïve CD4 T,Naïve CD8 T,20,0.19367728581773958,0,-0.14971366910984452,0.006075613544498057,0.041096419246778725,0.021213159155366097,TRUE,*
TRBV,TRBV5-7,Naïve CD4 T,Naïve CD8 T,20,0,0,0,1,0.34211225261696365,1,FALSE,
TRBV,TRBV6-9,Naïve CD4 T,Naïve CD8 T,20,0,0,0,0.5838824207703652,0.32360383545576393,0.8801850843121217,FALSE,
TRBV,TRBV7-8,Naïve CD4 T,Naïve CD8 T,20,0.570945106068802,0.9117161716171617,0.1596315255516291,0.08002605579207943,0.10116669375385864,0.17172257805383712,FALSE,
TRBV,TRBV5-8,Naïve CD4 T,Naïve CD8 T,20,0.42161978298007385,0.267795686589423,-0.03154197259588756,0.4590839818766905,0.19629729817812452,0.7565704021327858,FALSE,
TRBV,TRBV7-9,Naïve CD4 T,Naïve CD8 T,20,3.1780976450114995,4.560578407974168,1.662930281962273,0.0014131909300410506,7.400635983539081e-5,0.007100422721669669,TRUE,*
TRBV,TRBV13,Naïve CD4 T,Naïve CD8 T,20,0.28732047629617535,1.3732565873892935,0.9987784123509817,2.70614852562536e-4,2.874788788217322e-5,0.0026546028394229724,TRUE,*
TRBV,TRBV10-3,Naïve CD4 T,Naïve CD8 T,20,3.812483812483812,1.823062312765451,-1.9319583815831947,1.2992610033373933e-4,3.0691009218571095e-6,0.0019453233842362941,TRUE,*
TRBV,TRBV11-3,Naïve CD4 T,Naïve CD8 T,20,1.0258028590070936,0.3334134640509213,-0.514945040854504,8.908778281587584e-4,0.0020527027096860174,0.0045880208150176054,TRUE,*
TRBV,TRBV12-3,Naïve CD4 T,Naïve CD8 T,20,2.5373256380901212,2.030294108024994,-0.764152663460314,0.010549187712342279,0.010995945515094172,0.03243481595138074,TRUE,*
TRBV,TRBV12-4,Naïve CD4 T,Naïve CD8 T,20,1.599632565576838,3.1940919767507765,1.574302591811388,9.569173157059457e-5,1.4148797008425904e-5,0.0019453233842362941,TRUE,*
TRBV,TRBV12-5,Naïve CD4 T,Naïve CD8 T,20,0.5523083727418092,0.5148509618772461,0.06840737462546809,0.3837502695176734,0.8919900660168623,0.6533269051292622,FALSE,
TRBV,TRBV14,Naïve CD4 T,Naïve CD8 T,20,0.6111629837120033,0.5549194717960462,-0.08346776487028906,0.6407443182104053,0.7556318329327644,0.9428094967953108,FALSE,
TRBV,TRBV15,Naïve CD4 T,Naïve CD8 T,20,0.8285687059271964,0.891182559980514,0.06561116413361218,0.30458604753525,0.44878748468783686,0.5362797076261666,FALSE,
TRBV,TRBV16,Naïve CD4 T,Naïve CD8 T,20,0.020193861066235864,0.03787878787878788,0,0.05708333882482989,0.24159378340266527,0.13065741997683286,FALSE,
TRBV,TRBV17,Naïve CD4 T,Naïve CD8 T,20,0,0,0,1,1,1,FALSE,
TRBV,TRBV18,Naïve CD4 T,Naïve CD8 T,20,2.3524090776066195,0.6257284382284383,-1.8426882213646918,4.188113763123475e-4,2.1799103962118867e-6,0.0033092450907980337,TRUE,*
TRBV,TRBV19,Naïve CD4 T,Naïve CD8 T,20,5.043238136763316,4.994994279176201,0.07583678976495589,0.8960408400097029,0.9676346083712113,1,FALSE,
TRBV,TRBV20-1,Naïve CD4 T,Naïve CD8 T,20,10.077244021570156,5.542200854700854,-5.785775541684528,1.2992610033373933e-4,3.415575693503733e-7,0.0019453233842362941,TRUE,*
TRBV,TRBV21-1,Naïve CD4 T,Naïve CD8 T,20,0,0,0,1,1,1,FALSE,
TRBV,TRBV22-1,Naïve CD4 T,Naïve CD8 T,20,0,0,0,1,1,1,FALSE,
TRBV,TRBV23-1,Naïve CD4 T,Naïve CD8 T,20,0,0,0,1,1,1,FALSE,
TRBV,TRBV24-1,Naïve CD4 T,Naïve CD8 T,20,1.948586611707179,1.289353528774516,-0.3986694412285643,0.019632832750172205,0.2732626203890451,0.05617171592410381,FALSE,
TRBV,TRBV25-1,Naïve CD4 T,Naïve CD8 T,20,0.9806785829130753,0.8277767628790647,-0.32510054678134337,0.17299522589736777,0.21818946678191423,0.32694510582438313,FALSE,
TRBV,TRBVA,Naïve CD4 T,Naïve CD8 T,20,0,0,0,1,1,1,FALSE,
TRBV,TRBV26,Naïve CD4 T,Naïve CD8 T,20,0,0,0,1,1,1,FALSE,
TRBV,TRBVB,Naïve CD4 T,Naïve CD8 T,20,0,0,0,1,1,1,FALSE,
TRBV,TRBV27,Naïve CD4 T,Naïve CD8 T,20,2.3021060275962237,7.4381435377286,5.39498467638792,9.569173157059457e-5,6.795615128173368e-8,0.0019453233842362941,TRUE,*
TRBV,TRBVC,Naïve CD4 T,Naïve CD8 T,20,0,0,0,1,1,1,FALSE,
TRBV,TRBV28,Naïve CD4 T,Naïve CD8 T,20,5.82828603139369,5.257505491823285,0.11413520632133478,0.8879903097315875,0.9676285376891584,1,FALSE,
TRBV,TRBV29-1,Naïve CD4 T,Naïve CD8 T,20,1.3929390905298291,2.145004334235562,0.8406636460296256,0.06709766642451728,0.09075583225249892,0.14862493853172645,FALSE,
TRBV,TRBV30,Naïve CD4 T,Naïve CD8 T,20,3.0575182597650046,3.2468021068472535,-0.15510170296545822,0.8879903097315875,0.786765171721284,1,FALSE,
TRBD,TRBD1,Naïve CD4 T,Naïve CD8 T,20,74.81942078364565,76.24542124542126,1.0963253465133818,0.5379017473312591,0.5792005559990376,0.8331410522574388,FALSE,
TRBD,TRBD2,Naïve CD4 T,Naïve CD8 T,20,25.180579216354346,23.754578754578752,-1.0963253465133764,0.5379017473312591,0.5792005559990376,0.8331410522574388,FALSE,
TRBJ,TRBJ1-1,Naïve CD4 T,Naïve CD8 T,20,8.446070594022874,9.99118628625754,1.751988446947931,4.819288967181603e-4,3.38194810029338e-4,0.0033092450907980337,TRUE,*
TRBJ,TRBJ1-2,Naïve CD4 T,Naïve CD8 T,20,11.366810194344232,8.788664654847228,-2.955136954572947,1.2992610033373933e-4,4.6804032386338567e-5,0.0019453233842362941,TRUE,*
TRBJ,TRBJ1-3,Naïve CD4 T,Naïve CD8 T,20,3.1952036977487754,2.0770555316401205,-0.9709631283545984,5.538303768609214e-4,1.0365634956657119e-4,0.003680292181720962,TRUE,*
TRBJ,TRBJ1-4,Naïve CD4 T,Naïve CD8 T,20,3.713553979511426,2.161835748792271,-1.404360876469235,1.5109307838728498e-4,7.5550591221755e-6,0.0019453233842362941,TRUE,*
TRBJ,TRBJ1-5,Naïve CD4 T,Naïve CD8 T,20,5.656963894080199,5.003677681179253,-0.6206946740488695,0.07617870959795525,0.20358146825719148,0.1651875176545135,FALSE,
TRBJ,TRBJ1-6,Naïve CD4 T,Naïve CD8 T,20,3.9618883405672154,2.9657704042715483,-1.1994769824817884,0.0029979578809506678,2.2220262013680656e-4,0.012351586469516751,TRUE,*
TRBJ,TRBJ2-1,Naïve CD4 T,Naïve CD8 T,20,11.241815364622383,15.212848297213622,5.159760937784692,1.1157661052000199e-4,9.277956784594508e-5,0.0019453233842362941,TRUE,*
TRBJ,TRBJ2-2,Naïve CD4 T,Naïve CD8 T,20,7.473084537216753,8.0150628774378,0.3798990369113917,0.30458604753525,0.27328512018107504,0.5362797076261666,FALSE,
TRBJ,TRBJ2-2P,Naïve CD4 T,Naïve CD8 T,20,0,0,0,1,1,1,FALSE,
TRBJ,TRBJ2-3,Naïve CD4 T,Naïve CD8 T,20,14.716883209850028,12.636785866368255,-1.6394823336248407,0.009469540169588071,0.001625257546252067,0.029556443559623374,TRUE,*
TRBJ,TRBJ2-4,Naïve CD4 T,Naïve CD8 T,20,2.247461364448682,1.17122530194972,-1.073123705512728,0.0016071245871007091,1.293110037766988e-4,0.007882563451017763,TRUE,*
TRBJ,TRBJ2-5,Naïve CD4 T,Naïve CD8 T,20,9.338832155014401,6.180197436275232,-2.227699539644533,0.0048231096157771965,0.004318364105000571,0.01806473783363823,TRUE,*
TRBJ,TRBJ2-6,Naïve CD4 T,Naïve CD8 T,20,1.6718743379556957,1.2096095751596496,-0.4982939220058533,1.7547615521564466e-4,0.0014779329417885486,0.0021263581161425175,TRUE,*
TRBJ,TRBJ2-7,Naïve CD4 T,Naïve CD8 T,20,16.94260033816855,24.39903846153846,7.252142045464998,7.285418001698792e-4,0.0030566292281747924,0.004404961320260164,TRUE,*
