,Liver,Spleen,PBMC
CD79B,0.7337090710865142,-0.11991332299809764,-0.09287955741572072
BACH2,0.8826254366811734,-0.6370962072007779,0.13370378817005207
FOS,1.0096042814501702,0.06928145572415212,-0.24160078859398543
NIBAN3,0.7078820921426988,0.12250976421537145,-0.20241691546327772
TCL1A,0.6020541188877373,-0.07505812907875993,-0.08146051500073517
CD24,0.816267468584873,0.04848100498253012,-0.20050405552461031
CD38,0.9623706946099376,-0.1396736560656663,-0.13305242460133762
MZB1,0.8001208394054146,0.09070266501875274,-0.213795817888774
PTMA,0.4801942033778096,-0.3982611465267176,0.09668239890653892
RCSD1,0.651416325557215,-0.04266781593033394,-0.11639512345684785
PCDH9,0.8350494976621801,-0.4616794616293417,0.054419398715243004
PDE4D,0.7903639230490256,-0.29012866955359645,-0.02039771592768102
ZEB2,0.771764041969053,-0.394737387170233,0.032254554988161335
CMTM7,0.7486294706415604,-0.21986548446148546,-0.04689617444277166
H3F3B,0.5067851425828052,-0.43964638471392403,0.1131304138218716
AFF3,0.5825639666288475,-0.2965196692640902,0.030840003614986445
SSBP2,0.8131653267633119,-0.24075208924773797,-0.05363703973149412
VPREB3,0.5026234888782167,0.010396428503202368,-0.10415533288918263
SYK,0.5373812380883716,0.0455481293462257,-0.13448612671630458
IGLC1,0.7340999326481963,-0.1166367756667807,-0.09503622570298209
ACTB,-0.2289813620065291,0.5877842033220567,-0.24671049967839304
ACTG1,0.04455498817124352,0.5676655084870834,-0.29520177947509124
HLA-DRB5,-0.008737713159625389,0.6160182299272822,-0.3076379668878015
COTL1,-0.6963268228421194,0.5409373214040232,-0.12300886015483668
IFI30,-0.5474132521264081,0.5514806663141878,-0.15950489253148922
ZFP36L1,-0.30928417280746157,0.5116170983573172,-0.19425360614823864
RAC2,-0.4197516013668186,0.4569220395035916,-0.1416267633274284
LCP1,-0.5408466815020015,0.5017871659553683,-0.1376733691554563
MS4A1,-1.0737626427167555,0.45644043380525356,-0.0031618373217153534
RPS4Y1,0.0055528713503448885,0.5435273206488886,-0.2724135685036235
ARPC1B,-0.48155541894619414,0.47624527586050736,-0.13546515274788976
GAPDH,-0.4412370088059821,0.4555149845873211,-0.14657970782474766
RPL3,-0.6623460700511499,0.24763516088786736,0.02363400212080001
TMSB4X,-0.6164525291567632,0.2663523377152755,-0.007828867036296544
ABRACL,-0.27702503444246135,0.47814412049455485,-0.17792288967426018
CD1C,-0.5976298139781496,0.4964959152311314,-0.11522633992333689
CORO1A,-0.5726562448495894,0.3687839380494435,-0.06054347377514881
PTPN6,-0.07266411290754568,0.43556620149060843,-0.19593709402512713
TUBB,-0.05818719555880939,0.4459406786840121,-0.21352049732742678
RPS18,-1.016136055432352,0.24815443535831067,0.0967384277631385
RPS29,-1.0102728585250502,-0.4975483283096366,0.4646235449161977
RPL37,-0.9322459086529711,-0.40159261462715795,0.4024396574024351
JUND,-0.5477595348688492,-0.7827148238756192,0.5125521009077181
RPS27,-0.8517031865591675,-0.4229603037709026,0.39236487614721244
RPL37A,-0.9257125177529929,-0.4405213125769786,0.42112233588343156
RPL13A,-0.7761865670052498,-0.40491215918023976,0.37686863049558333
TXNIP,-0.7378728284162283,-0.536004251656257,0.4298886954407719
RPL21,-0.8460119824012615,-0.31726404306849065,0.3448361873787865
TPT1,-0.6908125433435667,-0.370602136828431,0.3373003444058182
RPL38,-0.7791071114617066,-0.42169191418240054,0.3773406249099397
RPL34,-0.8245778678951052,-0.2797295008944569,0.31847944477455437
RPS2,-1.1755466248878412,-0.1402005579362528,0.32707427146344664
GNAS,-0.5277802288379819,-0.4928553296007566,0.35960210971903867
RPL39,-0.9450197403289381,-0.2226098279656074,0.3146547199935354
RPL23A,-0.9944093070502246,-0.18406629016323706,0.30793425560911025
KLF2,-0.6284643588002236,-0.4482095267306473,0.36926368598778997
RPLP2,-0.8365225652268528,-0.22116929780736466,0.2946484731676007
CD52,-0.8989242755245869,-0.23793537006160026,0.3142751545441471
RPS21,-1.0674375708758923,-0.12652473098416936,0.29410129804438795
CXCR4,0.041106432392096354,-0.725438225894572,0.35307092923746297
