Cell type,B17.4_P3,B18.0_P4,B18.6_P5,B20.9_P7,B21.7_P8,B22.4_P9,B23.4_P10,B24.6_P11,B26.9_P12,B31.3_P15,B33.3_P17,B34.1_P18,B36.1_P19,B37.9_P20,B38.1_P21,B39.1_P22
Lymphocytes,84.400000000000006,32.100000000000001,56.399999999999999,33.600000000000001,54.100000000000001,41.399999999999999,54.5,46.299999999999997,82.400000000000006,32,62.200000000000003,57.200000000000003,54.899999999999999,61.899999999999999,51.600000000000001,63.399999999999999
Single Cells,95.400000000000006,97.700000000000003,96,97.299999999999997,97.299999999999997,96.799999999999997,96.299999999999997,95.299999999999997,94.599999999999994,94.799999999999997,95.599999999999994,96.299999999999997,98.5,96.799999999999997,96.599999999999994,96.299999999999997
Live,99.799999999999997,95.599999999999994,97.700000000000003,98.599999999999994,94.200000000000003,95.700000000000003,96.700000000000003,83.5,96.200000000000003,96.200000000000003,96.099999999999994,93.599999999999994,92.099999999999994,96.900000000000006,93.900000000000006,92.799999999999997
B,0.040000000000000001,6.6600000000000001,7.1500000000000004,6.6299999999999999,0.98999999999999999,2.21,2.46,14.300000000000001,0.40000000000000002,4.46,1.3700000000000001,5.0499999999999998,3.1000000000000001,2.8900000000000001,4.0099999999999998,5.25
CXCR5+B,0.82999999999999996,63.299999999999997,23.5,68.599999999999994,14.9,60.5,51.600000000000001,22.600000000000001,51.399999999999999,44.100000000000001,81.400000000000006,88.299999999999997,87.599999999999994,92.599999999999994,90.099999999999994,92.799999999999997
CXCR5-B,99.200000000000003,36.700000000000003,76.5,31.399999999999999,85.099999999999994,39.5,48.399999999999999,77.400000000000006,48.600000000000001,55.899999999999999,18.600000000000001,11.699999999999999,12.4,7.3600000000000003,9.9100000000000001,7.1900000000000004
NK,0.14999999999999999,2.1099999999999999,24.899999999999999,5.21,2.5,2.21,3.02,16.600000000000001,0.68000000000000005,8.9100000000000001,2.7999999999999998,10.6,8.9900000000000002,4.9299999999999997,12.9,5.9800000000000004
Activated NK,6.8700000000000001,35.200000000000003,4.0599999999999996,30.199999999999999,76.599999999999994,43.200000000000003,55.200000000000003,47.600000000000001,57.299999999999997,56.399999999999999,31.199999999999999,22.800000000000001,68.599999999999994,27.699999999999999,66.599999999999994,22.600000000000001
Immature NK,16.600000000000001,16,8.6300000000000008,22.199999999999999,14.300000000000001,11.1,25.5,23.5,8.8000000000000007,16.5,17.800000000000001,7.7400000000000002,5.46,20.300000000000001,17.800000000000001,4.75
Inhibitory NK,9.5700000000000003,2.04,0.65000000000000002,0.66000000000000003,22.699999999999999,1.6799999999999999,1.0700000000000001,2.6699999999999999,5.79,1.9399999999999999,1.3899999999999999,1.3799999999999999,2.6499999999999999,0.85999999999999999,1.8500000000000001,1.8
Mature NK,83.400000000000006,84,91.400000000000006,77.799999999999997,85.700000000000003,88.900000000000006,74.5,76.5,91.200000000000003,83.5,82.200000000000003,92.299999999999997,94.5,79.700000000000003,82.200000000000003,95.299999999999997
NKp30+NK,1.24,15.699999999999999,3.5800000000000001,25.199999999999999,14.699999999999999,20.300000000000001,22.100000000000001,23.800000000000001,50.100000000000001,22.600000000000001,34.100000000000001,9.3599999999999994,9.7599999999999998,12.5,18.699999999999999,20.300000000000001
NKp46+NK,85.5,64.799999999999997,86.400000000000006,93.700000000000003,41,70.599999999999994,84.200000000000003,88.599999999999994,87.400000000000006,83,84.799999999999997,77.099999999999994,45.799999999999997,84.099999999999994,79.599999999999994,81.200000000000003
NKT,0.0081399999999999997,0.12,0.20000000000000001,0.078,0.021000000000000001,0.11,0.11,0.17999999999999999,0.021000000000000001,0.14000000000000001,0.075999999999999998,0.075999999999999998,0.20999999999999999,0.29999999999999999,0.17000000000000001,0.14000000000000001
Activated NKT,22.399999999999999,37.799999999999997,31,54.399999999999999,62.700000000000003,54.5,60,71.5,66.299999999999997,73.400000000000006,54.5,49.200000000000003,38,37.200000000000003,67.099999999999994,48.5
Inhibitory NKT,14.300000000000001,37.100000000000001,9.9299999999999997,11.9,33.299999999999997,19.600000000000001,21.899999999999999,9.6600000000000001,17.600000000000001,20.800000000000001,15.9,11.1,33,15,24.399999999999999,11.300000000000001
CD3-CD56-CD19-cell,99.700000000000003,68.700000000000003,71.200000000000003,56.899999999999999,98.5,92.299999999999997,77.099999999999994,73.299999999999997,99.200000000000003,88.900000000000006,92,66.900000000000006,76.900000000000006,83.200000000000003,72.400000000000006,57
CD4+ISP,0.075999999999999998,2.2200000000000002,2.71,5.8600000000000003,0.042999999999999997,0.63,5.6200000000000001,5.5999999999999996,0.035000000000000003,3.4199999999999999,2.6099999999999999,3.6400000000000001,4.1200000000000001,1.71,4.71,3.1699999999999999
CD8+ISP,0.057000000000000002,0.45000000000000001,3.8100000000000001,0.97999999999999998,0.045999999999999999,0.20000000000000001,1.04,1.1699999999999999,0.070000000000000007,0.87,1.3100000000000001,4.4900000000000002,1.5700000000000001,0.85999999999999999,1.1299999999999999,9.25
EDP,0.00016899999999999999,0.024,0.036999999999999998,0.014999999999999999,0,0.014999999999999999,0.025000000000000001,0.0031800000000000001,0.00046299999999999998,0.010999999999999999,0.035999999999999997,0.072999999999999995,0.047,0.076999999999999999,0.0083599999999999994,0.16
T,1.49,73,46.600000000000001,78.299999999999997,3.0299999999999998,64.700000000000003,84.900000000000006,18.699999999999999,6.7400000000000002,47,77,73,75.5,75.900000000000006,71.400000000000006,80.799999999999997
DNT,,2.71,2.77,28.100000000000001,3.3999999999999999,2.96,1.8400000000000001,2.79,1.55,2.23,1.6599999999999999,2.2000000000000002,3.8799999999999999,2.4900000000000002,1.8400000000000001,12.5
CD4+T,78.5,72.299999999999997,70.599999999999994,62.5,71.799999999999997,77.799999999999997,73.200000000000003,67.5,74,84.5,85.799999999999997,79.099999999999994,81.299999999999997,64.700000000000003,73.200000000000003,68.200000000000003
Anergic CD4+T,13.199999999999999,0.62,2.54,0.85999999999999999,0.82999999999999996,1.2,0.13,0.53000000000000003,1.21,0.39000000000000001,0.68999999999999995,1.1899999999999999,0.72999999999999998,3.27,0.46999999999999997,1.73
Central memory-like CD4+T,0,15.300000000000001,19.600000000000001,16.899999999999999,8.6899999999999995,23.899999999999999,10.6,16.600000000000001,6.2699999999999996,12.5,13.1,6.1699999999999999,5.7599999999999998,9.8499999999999996,9.0399999999999991,18.300000000000001
Effective memory-like CD4+T,0,9.3599999999999994,4.6699999999999999,5.0599999999999996,3.5099999999999998,2.8900000000000001,3.1400000000000001,3.1200000000000001,2.0499999999999998,1.71,1.24,1.1899999999999999,0.59999999999999998,0.63,1.3300000000000001,1.4299999999999999
Functional CD4+T,86.799999999999997,99.400000000000006,97.5,99.099999999999994,99.200000000000003,98.799999999999997,99.900000000000006,99.5,98.799999999999997,99.599999999999994,99.299999999999997,98.799999999999997,99.299999999999997,96.700000000000003,99.5,98.299999999999997
Naive CD4+T,92.299999999999997,71.299999999999997,74.099999999999994,76.400000000000006,86.099999999999994,72.400000000000006,84.200000000000003,79.299999999999997,89.099999999999994,85,85.200000000000003,91.900000000000006,92.799999999999997,89.299999999999997,89.200000000000003,79.700000000000003
Terminal differentiated CD4+T,7.7199999999999998,4.0099999999999998,1.6499999999999999,1.6200000000000001,1.73,0.75,2.0099999999999998,0.96999999999999997,2.6299999999999999,0.76000000000000001,0.55000000000000004,0.69999999999999996,0.81000000000000005,0.17000000000000001,0.38,0.56999999999999995
Terminal senescent CD4+T,1.24,0.00315,0.037999999999999999,0.017999999999999999,0.037999999999999999,0.00148,0.00189,0.012,0.00197,0.0021800000000000001,0.012999999999999999,0.014999999999999999,0.062,0.035000000000000003,0.014,0.0014
Tfh,1.04,0.13,0.12,0.34999999999999998,0.56000000000000005,0.17000000000000001,0.19,0.46000000000000002,0.12,0.23000000000000001,0.12,0.20999999999999999,0.20999999999999999,0.17999999999999999,0.13,0.16
Tfh1,68.5,8.6400000000000006,4.9400000000000004,3.48,0,0.87,2.54,32.899999999999999,6.7400000000000002,1.3999999999999999,2.1600000000000001,0.62,1.9299999999999999,0.28000000000000003,1.3700000000000001,2.0499999999999998
Tfh2,0,32.100000000000001,27.199999999999999,39.299999999999997,13.6,56.5,20.100000000000001,8.3900000000000006,9.5500000000000007,8.8800000000000008,12.9,2.8999999999999999,0.95999999999999996,3.7599999999999998,8.9000000000000004,7.5999999999999996
Th,98.5,99.799999999999997,99.799999999999997,99.599999999999994,99.299999999999997,99.799999999999997,99.700000000000003,99.5,99.900000000000006,99.700000000000003,99.900000000000006,99.799999999999997,99.799999999999997,99.799999999999997,99.799999999999997,99.799999999999997
Th1,90.799999999999997,5.9800000000000004,3.4399999999999999,2.2799999999999998,0.69999999999999996,1.3700000000000001,1.78,1.4199999999999999,1.3400000000000001,0.40999999999999998,0.34000000000000002,0.28000000000000003,0.12,0.12,0.33000000000000002,0.26000000000000001
Th2,0.10000000000000001,7.3899999999999997,3.96,6.9199999999999999,3.1099999999999999,5.79,3.3399999999999999,4.9900000000000002,1.3600000000000001,2.48,2.3799999999999999,1.26,0.47999999999999998,0.78000000000000003,2.6699999999999999,1.1100000000000001
Treg,9.7599999999999998,7.7199999999999998,8.5899999999999999,6.5800000000000001,4.9400000000000004,8.9299999999999997,7.54,6.4800000000000004,9.0999999999999996,6.21,4.9000000000000004,3.4500000000000002,3.2400000000000002,2.1499999999999999,1.5,2.77
CD8+T,18.199999999999999,24.399999999999999,26,9.1999999999999993,23.899999999999999,18.600000000000001,24.600000000000001,29.300000000000001,24.100000000000001,12.5,12.1,18.199999999999999,14.5,32.399999999999999,24.699999999999999,18.699999999999999
Activated(CD38+HLA-DR+) CD8+T,0.12,0.76000000000000001,0.17999999999999999,0.26000000000000001,4.6699999999999999,2.1499999999999999,1.6799999999999999,5.4500000000000002,0.5,2.0299999999999998,0.71999999999999997,0.55000000000000004,1.5800000000000001,0.77000000000000002,2.29,0.90000000000000002
Activated(HLA-DR+) CD8+T,0.25,0.65000000000000002,0.14999999999999999,0.22,3.9100000000000001,1.79,1.3200000000000001,4.5099999999999998,0.44,1.6899999999999999,0.64000000000000001,0.48999999999999999,1.25,0.60999999999999999,1.75,0.90000000000000002
Anergic CD8+T,36.899999999999999,6.79,34.399999999999999,11.199999999999999,4.1699999999999999,5.29,3.5699999999999998,7.4000000000000004,8.7899999999999991,11.4,19.300000000000001,15,16.5,71.400000000000006,29.699999999999999,29.199999999999999
Central memory-like CD8+T,0,7.6299999999999999,17.600000000000001,7.9500000000000002,8.2300000000000004,11.800000000000001,2.1699999999999999,12.800000000000001,2.8700000000000001,7.9900000000000002,7.0700000000000003,2.54,1.8100000000000001,9.1199999999999992,5.0599999999999996,15.4
Effective memory-like CD8+T,0.17999999999999999,1.46,2.1000000000000001,0.85999999999999999,2.2200000000000002,0.98999999999999999,0.52000000000000002,2.6000000000000001,0.94999999999999996,4.3499999999999996,1.71,0.68000000000000005,1.02,2.73,2.25,2.7599999999999998
Functional CD8+T,61.899999999999999,92.900000000000006,64.400000000000006,88.400000000000006,95.700000000000003,94.400000000000006,96.299999999999997,92.5,90.799999999999997,88.200000000000003,80.099999999999994,84.299999999999997,82.900000000000006,27.5,69.5,69.900000000000006
Inhibitory CD8+T,13,3.8100000000000001,1.1000000000000001,0.94999999999999996,22.399999999999999,2.6099999999999999,2.29,4.8200000000000003,4.2199999999999998,3.9700000000000002,3.0099999999999998,1.3700000000000001,3.3900000000000001,1.0600000000000001,3.3300000000000001,0.45000000000000001
Naive CD8+T,94.5,87.599999999999994,78.299999999999997,89.799999999999997,86.299999999999997,85.299999999999997,95,81,92.200000000000003,83.5,88.400000000000006,94.200000000000003,94.400000000000006,86.900000000000006,90.599999999999994,77.299999999999997
Terminal differentiated CD8+T,5.29,3.27,1.9099999999999999,1.4199999999999999,3.2200000000000002,1.8400000000000001,2.2799999999999998,3.6000000000000001,4.0099999999999998,4.1399999999999997,2.8399999999999999,2.5499999999999998,2.79,1.27,2.0600000000000001,4.54
Terminal senescent CD8+T,5.9000000000000004,0.023,0.19,0.25,0,0.019,0.017000000000000001,0.014,0.02,0.043999999999999997,0.065000000000000002,0.096000000000000002,0.20000000000000001,0.27000000000000002,0.12,0.049000000000000002
LDP,0.14999999999999999,0.58999999999999997,0.56999999999999995,0.12,0.96999999999999997,0.56000000000000005,0.32000000000000001,0.46000000000000002,0.37,0.70999999999999996,0.42999999999999999,0.47999999999999998,0.27000000000000002,0.40000000000000002,0.26000000000000001,0.53000000000000003
γδT,94.099999999999994,1.8100000000000001,1.1499999999999999,1.8100000000000001,1.8600000000000001,0.87,1.1899999999999999,1.5,0.69999999999999996,1.79,1,1.5800000000000001,3.79,1.8400000000000001,1.29,1.3700000000000001
Vδ1,0.19,7.0999999999999996,10.199999999999999,9.5500000000000007,11.800000000000001,15.6,14,6.8399999999999999,38.700000000000003,36.600000000000001,69.299999999999997,68.299999999999997,73.200000000000003,73.099999999999994,67.099999999999994,74.5
Activated Vδ1,6.25,38.899999999999999,27.5,50.399999999999999,75,44.100000000000001,33.299999999999997,60.799999999999997,46.600000000000001,47,28.199999999999999,28.199999999999999,31.100000000000001,21.5,39.600000000000001,33.399999999999999
Inhibitory Vδ1,25,30.100000000000001,12.800000000000001,18.699999999999999,58.299999999999997,26.300000000000001,32.100000000000001,29.399999999999999,35,43.399999999999999,29.600000000000001,22.800000000000001,27.399999999999999,19.600000000000001,53.700000000000003,19.100000000000001
NKp30+Vδ1,0,10.6,1.8300000000000001,4.0899999999999999,4.1699999999999999,6.7800000000000002,4.1699999999999999,13.699999999999999,0.90000000000000002,4.6600000000000001,2.3900000000000001,1.05,0.53000000000000003,0.79000000000000004,1.1499999999999999,1.9099999999999999
NKp46+Vδ1,37.5,2.6499999999999999,3.6699999999999999,3.8399999999999999,0,3.3900000000000001,2.9199999999999999,9.8000000000000007,1.26,5.0800000000000001,1.4199999999999999,1.05,0.38,0.65000000000000002,1.6100000000000001,1.3500000000000001
Vδ2,2.2400000000000002,41.700000000000003,15.4,23,18.100000000000001,26.699999999999999,28,31.899999999999999,7.4000000000000004,16.5,1.72,1.3300000000000001,1.05,1.1899999999999999,0.62,0.34999999999999998
Activated Vδ2,58.200000000000003,65.799999999999997,46.700000000000003,66.799999999999997,83.799999999999997,78.200000000000003,68.900000000000006,71.400000000000006,77.400000000000006,79.599999999999994,65.400000000000006,73.799999999999997,50.5,62.600000000000001,75,53.299999999999997
Inhibitory Vδ2,45.5,32.600000000000001,15.199999999999999,10.9,56.799999999999997,18.300000000000001,31.800000000000001,33.200000000000003,21.699999999999999,21,22.600000000000001,13.1,22.699999999999999,15.1,16.699999999999999,0
NKp30+Vδ2,0,16,9.0899999999999999,10.800000000000001,21.600000000000001,8.4199999999999999,6.8700000000000001,23.100000000000001,11.300000000000001,8.7799999999999994,6.4500000000000002,6.5599999999999996,1.03,5.04,8.3300000000000001,13.300000000000001
NKp46+Vδ2,14.800000000000001,0.59999999999999998,1.8200000000000001,1.8,8.1099999999999994,1.49,1.5600000000000001,18.899999999999999,8.4900000000000002,5.96,0,0,0,0.71999999999999997,16.699999999999999,0
