col,ID,Z28_treat,Z48_treat,Z67_treat,Z99_treat,Z3_treat,Z79_treat,Z43_treat,Z53_treat,Z47_treat,Z7_treat,Z36_treat,z38_treat,Z42_treat,Z98_treat,z33_treat,Z70_treat,Z52_treat,Z50_treat,Z96_treat
Week,PCW,12,17.4,18,18.6,20.9,21.7,22.4,23.4,24.6,26.9,29.1,31.3,32.4,33.3,34.1,36.1,37.9,38.1,39.1
Single live cells,B,0.16,0.04,6.66,7.15,6.63,0.99,2.21,2.46,14.3,0.4,5.75,4.46,8.38,1.37,5.05,3.1,2.89,4.01,5.25
B,CXCR5-B,91.8,99.2,36.7,76.5,31.4,85.1,39.5,48.4,77.4,48.6,49.6,55.9,18,18.6,11.7,12.4,7.36,9.91,7.19
B,CXCR5+B,8.16,0.83,63.3,23.5,68.6,14.9,60.5,51.6,22.6,51.4,50.4,44.1,82,81.4,88.3,87.6,92.6,90.1,92.8
Single live cells,NK ,0.01,0.15,2.23,25.7,5.36,2.65,2.3,3.14,17.3,0.7,8.22,9.27,27.3,2.95,11,9.44,5.05,13.2,6.21
NK ,PD-1+NK,0,43.4,15.8,3.22,1.98,46.2,12.9,8.18,16.6,31.9,14.2,17,8.31,6.95,8.92,14,4.04,13.1,7.65
NK ,NKP30+NK,100,6.82,39.1,19.6,48.3,32.4,45.5,45.9,48.3,76.6,23.9,46.4,24.9,63.5,27.9,25.8,38.7,41.6,51.5
NK ,CD56dimNK,100,83.7,89.2,91.2,77.7,85.3,89,75,75.9,90.5,86.4,83.7,92.8,82.8,92.4,94.2,85.7,82.1,95.3
NK ,CD56brightNK,0,15.2,10.1,8.09,21.2,14.4,10.3,24.1,21.9,8.27,13.2,15.8,6.72,16.6,7.33,4.73,14.3,17,4.46
NK ,NKG2D+NK,0,0.54,7.68,0.26,4.64,40.7,8.7,17.7,16.8,13.9,4.26,16.3,1.28,5.5,2.21,29.1,3.62,24.8,2.97
NK ,NKP46+NK,100,78.2,56.2,86.4,92,40.3,62.5,83.6,87.1,85,79.9,79.5,90.8,83.7,77.7,46.3,87,79.6,85
Single live cells,NKT,0,0.01,0.21,0.26,0.12,0.04,0.17,0.15,0.2,0.03,0.05,0.2,0.26,0.1,0.11,0.33,0.38,0.24,0.2
NKT,NKG2D+NKT,0,39.7,46.4,41,63.6,69.7,63.6,63.2,77.6,71.9,66.7,70.7,38.2,60.2,53.8,43.7,41.2,69.6,52.2
NKT,PD-1+NKT,0,38.5,36.3,12,23,35.6,20.2,25,13.4,21,33.3,22.4,26.7,18.1,14.7,34.1,20.4,25.4,15.9
Single live cells,T,0.1,1.49,73,46.6,78.4,3.02,64.6,84.9,18.7,6.72,50.6,47,47.2,77,73,75.5,75.9,71,80.8
CD3+T,CD3+CD4+CD8+,17.2,0.15,0.59,0.57,0.12,0.97,0.56,0.31,0.46,0.37,0.16,0.71,0.45,0.43,0.48,0.27,0.4,0.25,0.53
CD3+T,CD3+CD4-CD8-,75.9,3.07,2.7,2.77,28.2,3.37,2.96,1.84,2.79,1.54,1.05,2.23,3.27,1.66,2.2,3.88,2.49,1.61,12.5
CD3+T,gamma deltaT,20.7,94.1,1.81,1.15,1.81,1.87,0.87,1.18,1.5,0.7,1.09,1.79,2.25,1,1.58,3.79,1.84,1.27,1.37
gammadeltaT,Vdelta2,0,2.21,31.6,13.6,19.2,17.2,22.2,23.5,28.1,5.94,3.03,14,3.81,1.48,1.2,0.75,0.99,0.42,0.28
gammadeltaT,Vdelta1,0,0.19,7,10,9.54,11.8,15.5,13.9,6.59,38.5,24.2,36.5,57.6,69.1,68.2,73.2,73,66.3,74.5
Vdelta1,PD-1+Vdelta1,0,75,34.2,17.8,13.8,70.8,35,39.9,42.9,43.6,62.5,49.5,35.2,36.7,28.7,34.7,26.2,63.1,26.6
Vdelta1,NKG2D+Vdelta1,0,6.25,36.9,23.4,49.4,75,40.2,32.1,61.2,43.9,50,46.5,24.1,26.8,26.2,29.6,20.3,38.2,32
CD3+T,CD8+T,0,18.2,24.4,26,9.2,23.9,18.6,24.7,29.3,24.1,18.2,12.5,27,12.1,18.2,14.5,32.4,24.7,18.7
CD8+T,CCR7+CD45RA-CD8+T,0,0,7.62,17.6,7.98,8.2,11.8,2.17,12.8,2.85,16.5,7.99,3.84,7.07,2.54,1.81,9.12,5.02,15.4
CD8+T,CCR7+CD45RA+CD8+T,0,94.6,87.7,78.3,89.7,86.4,85.3,95,81,92.2,78.7,83.5,89.1,88.4,94.2,94.4,86.9,91.1,77.3
CD8+T,CD28+CD8+T,0,93.1,99.2,95.5,98.6,97.8,99.4,99.3,97.3,98.8,96.7,96.2,98.3,95.9,98.6,97.9,81.1,94.2,94.6
CD8+T,PD-1+CD8+T,0,13,3.81,1.1,0.95,22.4,2.61,2.29,4.81,4.22,2.89,3.97,2.4,3.01,1.37,3.39,1.06,3.21,0.45
CD8+T,CD38+HLA-DR+CD8+T,0,0.12,0.76,0.18,0.26,4.67,2.15,1.68,5.45,0.49,0.72,2.03,0.69,0.72,0.55,1.58,0.77,2.29,0.9
CD8+T,HLA-DR+CD8+T,0,0.18,0.65,0.15,0.22,3.91,1.79,1.32,4.51,0.44,0.54,1.69,0.6,0.64,0.49,1.25,0.61,1.75,0.9
CD8+T,CCR7-CD45RA-CD8+T,0,0.12,1.46,2.1,0.86,2.22,0.99,0.52,2.61,0.95,3.25,4.35,2.16,1.71,0.68,1.02,2.73,1.97,2.76
CD8+T,CCR7-CD45RA+CD8+T,0,5.29,3.27,1.91,1.44,3.22,1.84,2.28,3.6,4.01,1.63,4.14,4.89,2.84,2.55,2.79,1.27,1.95,4.54
CD8+T,CD28-CD8+T,0,6.33,0.69,4.09,1.26,0.57,0.49,0.54,2.3,1.03,2.89,3.55,1.6,3.79,1.21,1.86,17.7,5.39,5.04
CD3+T,CD4+T,3.45,78.6,72.2,70.6,62.5,71.8,77.8,73.2,67.5,74,80.6,84.5,69.3,85.8,79.1,81.3,64.7,73.4,68.2
CD4+T,CXCL5+CD4+T,0,1.07,0.13,0.13,0.35,0.56,0.17,0.19,0.46,0.12,0.2,0.24,0.3,0.12,0.21,0.21,0.18,0.13,0.16
CD4+T,CXCL5-CD4+T,100,98.5,99.8,99.8,99.6,99.3,99.8,99.7,99.5,99.8,99.8,99.7,99.6,99.8,99.8,99.7,99.8,99.8,99.8
CD4+T,Th1,100,87.2,5.39,6.02,3.36,2.46,2.88,2.42,2.83,2.09,0.53,0.71,1.3,0.5,0.48,0.24,0.24,0.55,0.44
CD4+T,Th2,0,0.01,8.88,5.36,8.35,4.72,7.47,5.04,5.51,1.97,2.99,3.58,5.96,2.75,1.61,0.74,1.05,2.72,1.53
CD4+T,CCR7+CD45RA-CD4+T,0,0,15.3,19.6,17,8.69,23.9,10.6,16.6,6.25,17.1,12.5,9.09,13.1,6.17,5.76,9.85,8.99,18.3
CD4+T,CCR7+CD45RA+CD4+T,100,92.3,71.3,74.1,76.3,86.1,72.4,84.2,79.3,89.1,80.9,85,85.7,85.2,91.9,92.8,89.3,89.4,79.7
CD4+T,CD28+CD4+T,100,86.8,99.4,97.5,99.1,99.2,98.8,99.9,99.5,98.8,98.7,99.6,98.8,99.3,98.8,99.3,96.7,99.6,98.3
CD4+T,CCR7-CD45RA-CD4+T,0,0,9.38,4.67,5.09,3.5,2.89,3.14,3.12,2.03,1.55,1.71,3.18,1.24,1.19,0.6,0.63,1.27,1.43
CD4+T,CCR7-CD45RA+CD4+T,0,7.72,4.02,1.65,1.64,1.73,0.75,2.01,0.97,2.63,0.41,0.76,2.01,0.55,0.7,0.81,0.17,0.35,0.57
CD4+T,CD28-CD4+T,0,13.2,0.62,2.54,0.88,0.8,1.2,0.13,0.53,1.18,1.31,0.39,1.17,0.69,1.19,0.73,3.27,0.43,1.73
CD4+T,Treg,0,9.76,7.73,8.59,6.59,4.94,8.93,7.54,6.48,9.08,5.85,6.21,8.17,4.91,3.45,3.24,2.15,1.43,2.77
Single live cells,CD56-CD3-,99.7,98.3,24.6,27.6,16.2,94.3,32.8,11.8,64.1,92.5,41,43.7,25.4,19.8,15.8,14.8,18.8,15.2,12.2
CD56-CD3-cells,CD19-CD56-CD3-,99.7,99.7,68.6,70.4,56.3,98.5,92.4,76.9,73.2,99.2,85.8,88.8,63.4,91.9,66,75.9,82.9,71.8,53.7
CD19-CD56-CD3-cells,CD19-CD56-CD3-CD8-CD4-,100,99.9,97.7,94.6,94.1,99.9,99.4,94,93.6,99.9,96.8,95.9,93.1,96.7,92.9,95.3,98.1,94.7,92.2
CD19-CD56-CD3-cells,CD19-CD56-CD3-CD8-CD4+,0,0.05,1.96,2.47,5.16,0.04,0.46,5.23,5.46,0.02,2.66,3.34,1.99,2.23,3.4,3.48,1.35,4.48,1.98
CD19-CD56-CD3-cells,CD19-CD56-CD3-CD4-CD8+,0.02,0.06,0.35,2.88,0.76,0.04,0.16,0.77,0.91,0.07,0.57,0.72,4.91,1.02,3.66,1.22,0.49,0.83,5.7
