upcollumn,ID,B25_treat,B20_treat,B8_treat,B9_treat,C27_treat,C25_treat,C21_treat,C9_treat,C10_treat,D27_treat,D26_treat,D20_treat,D8_treat,D9_treat
Week,GW,20.60 ,24.00 ,26.60 ,26.60 ,12.00 ,20.60 ,24.00 ,26.60 ,26.60 ,12.00 ,20.60 ,24.00 ,26.60 ,26.60 
CD45+cells,B,13.5,25.4,32.7,23.7,7.7,15.5,18.6,29.8,40,0.6,0.85,0.6,0.66,0.46
B,CXCR5-B,18.1,4.88,12,10.8,64.6,59,57.6,83.3,92.5,84.5,19.4,49.7,53.2,42.8
B,CXCR5+B,81.9,95.1,88,89.2,35.3,40.9,42.4,16.7,7.47,15.5,80.6,50.3,46.8,57.2
CD45+cells,NK ,22.9,13.6,12.6,16.4,11,23.4,31.2,27.5,10.5,2.52,0.56,0.28,0.18,0.062
NK ,PD-1+NK,4.39,4.97,7.5,4.8,20.2,15.7,15.8,8.61,5.94,9.92,7.59,11.6,15.5,4.18
NK ,NKP30+NK,20.4,38.5,57.9,58.1,80.5,51.1,44.7,52.5,65.7,24,36.6,18.6,21,28
NK ,CD56dimNK,14.3,22.7,14.9,4.87,13.4,9.18,18.8,9.92,12,21.1,14.7,34.7,36.1,27.8
NK ,CD56brightNK,84.8,76.2,84.2,93.9,85.1,89.7,80,89.6,86.9,77.7,83.5,64.1,62.8,70.6
NK ,NKG2D+NK,12.6,25.3,65,36.6,65.4,41.8,24.6,57.5,36.8,16.1,20,6.85,12.5,2.89
NK ,NKP46+NK,91.4,68.4,68.3,93.4,82.6,89.3,76.1,88.8,92.7,64.5,75.7,50.9,55.5,69.6
CD45+cells,NKT,2.36,1.27,0.51,1.22,0.036,0.55,0.64,0.37,0.12,1.83,0.46,1.03,0.64,0.048
NKT,NKG2D+NKT,43,46.9,80.1,44.7,77.3,78.1,62.4,51.9,83.2,21.6,43.9,5.13,18.3,27
NKT,PD-1+NKT,27.2,31,37.1,33.3,50,25.1,19.6,16,19.5,41.5,68,46.3,51.2,59.6
CD45+cells,T,45.9,38.3,37.2,33.3,0.42,5.52,4.14,4.01,2.1,41.1,69.5,58.3,60.4,51.5
CD3+T,CD3+CD4+CD8+,1.21,1.27,1.2,0.92,7.75,1.44,0.71,0.95,1.5,29.7,10.3,19.1,13,12.1
CD3+T,gamma deltaT,6.58,3.28,1.44,4.97,5.43,9.22,5.77,2.47,5.59,9.78,1.83,1,0.86,0.82
gamma deltaT,Vdelta2,25.1,15.5,8.63,26.3,28.6,32.8,22.9,17.9,36.1,25.6,12.5,9.92,6.09,20.5
Vdelta2,PD-1+Vdelta2,57.7,64.4,72.6,61.8,100,64.5,59.5,48.9,37.8,84.8,85.5,88.5,95.5,90.3
Vdelta2,NKG2D+Vdelta2,88.5,87.2,94,92.2,100,93.9,93.1,95.6,95.1,69.7,91.5,57.3,81.8,52.7
gamma deltaT,Vdelta1,9.71,14.4,23.3,3.87,7.14,5.37,6.99,7.94,2.34,9.59,18.1,26.5,37.8,11.4
Vdelta1,PD-1+Vdelta1,72.4,71.4,73.5,79.1,100,79.5,62.5,70,66.7,89.2,92.8,92.2,95.5,94
Vdelta1,NKG2D+Vdelta1,89.8,87,91.2,92.1,100,93.6,92.5,90,91.7,78.4,77.4,57.3,66.7,72.6
CD3+T,CD8+T,37.3,35.9,23.3,40,24,36.4,36.8,23.2,41.2,12.7,26.2,17.6,17.1,23.9
CD8+T,CCR7+CD45RA-CD8+T,6.09,12.6,8.16,11.8,33.9,6.85,2.66,1.9,9.48,23,28.6,38.6,34.7,34
CD8+T,CCR7+CD45RA+CD8+T,63.4,65,71.5,59.3,24.2,66.6,69.3,80.7,64.7,11.6,37.4,20.5,36.2,18.4
CD8+T,CD28+CD8+T,83.7,85.8,87.4,87.3,90.3,92,87.1,91.4,88.9,85.4,96.5,95.9,94.9,93.6
CD8+T,PD-1+CD8+T,8.05,7.33,6.28,11,29,8.91,5.62,4.65,4.98,47.1,14,19.3,12.5,12
CD8+T,CD38+HLA-DR+CD8+T,28.1,18.2,9.66,17.1,33.9,34.2,26.6,10.8,9.67,41.7,33,21.4,17,6.95
CD8+T,HLA-DR+CD8+T,26.7,16.5,8.96,17.5,35.5,33.5,25.7,11.7,11.4,43.1,31.2,18.9,15.2,7.04
CD8+T,CCR7-CD45RA-CD8+T,10.8,12.9,12,17.3,24.2,8.37,4.83,6.12,10.1,51.1,23.9,36.2,24.7,43.6
CD8+T,CCR7-CD45RA+CD8+T,19.7,9.4,8.39,11.6,17.7,18.2,23.2,11.3,15.7,14.4,10,4.67,4.48,3.97
CD8+T,CD28-CD8+T,15.4,13.5,11.8,12.2,9.68,6.9,11.7,8.19,10,12.8,3.22,3.58,4.41,5.73
CD3+T,CD4+T,48.7,56.4,72.9,52.7,46.9,53.9,52.4,72.5,45.2,50.6,58.1,31.5,59.7,11.7
CD4+T,CXCL5+CD4+T,6.07,5.66,5.89,12.8,46.3,25,17.3,21,10.6,19.4,28.4,3.81,8.85,2.35
CD4+T,Tfh2,8.13,18.4,18.4,13.8,16.1,13.3,8.02,12.2,10,19.6,16.4,19.3,24,15.9
CD4+T,Tfh1,27.4,16.1,9.25,19,17.9,11.8,12.2,12.2,34.9,9.79,2.23,8,2.77,6.64
CD4+T,CXCL5-CD4+T,94.2,94.5,94.3,87.7,52.1,75.5,83.1,79.7,89.6,81,72.6,96.4,91.6,97.7
CD4+T,Th1,5.99,0.78,0.4,2.11,1.59,2.29,0.67,0.75,3.04,1.67,1.51,0.89,0.35,1.68
CD4+T,Th2,9.4,10.8,5.62,11.3,11.1,14.5,11.1,7.93,15,7.61,9.36,7.22,8.92,9.22
CD4+T,CCR7+CD45RA-CD4+T,15.1,29.2,19.8,26.4,36.4,11.3,5.37,5.1,16.3,40.2,34.2,39.7,43,44.6
CD4+T,CCR7+CD45RA+CD4+T,58.9,49.6,67.3,51.9,30.6,66.4,75.9,84,54,18,30.2,13.5,20.9,16.5
CD4+T,CD28+CD4+T,97,97.6,98.9,99.4,100,99.1,98.6,98.5,98.2,97.5,99.6,98.8,98.7,99.2
CD4+T,CCR7-CD45RA+CD4+T,8.12,2.96,2.57,2.85,8.26,8.3,7.08,5.56,12.5,2.45,2.45,1.88,1.44,1.17
CD4+T,CCR7-CD45RA-CD4+T,17.9,18.2,10.4,18.9,24.8,14,11.6,5.29,17.3,39.3,33.1,44.9,34.7,37.8
CD4+T,CD28-CD4+T,2.98,2.38,1.14,0.56,0,0.87,1.37,1.54,1.76,2.45,0.38,1.16,1.32,0.85
CD4+T,Treg,17.7,14.5,10.8,18.6,36.4,15.5,9.47,10.4,21.3,6.06,19.4,15.8,18.2,20.3
CD45+cells,CD56-CD3-,31.1,48,50.1,50.1,88.4,70.9,64.3,68.4,87.3,55.1,29.4,41.4,40.2,47.6
CD56-CD3-cells,CD19-CD56-CD3-,45.7,32.7,22.2,37.4,88.4,73.4,65.5,40.3,29.6,98.4,96.5,97.2,97.3,98.4
CD19-CD56-CD3-cells,CD19-CD56-CD3-CD8-CD4-,88.2,85.1,92.4,85.2,96,93.4,93.9,92.5,92.6,12.3,21.1,21.9,13.2,61.9
CD19-CD56-CD3-cells,CD19-CD56-CD3-CD8-CD4+,7.02,10.7,5.11,7.51,3.73,6.15,5.73,6.82,5.66,27.8,29.8,12.9,21.7,7.96
CD19-CD56-CD3-cells,CD19-CD56-CD3-CD4-CD8+,4.74,4.1,2.39,7.31,0.12,0.41,0.35,0.66,1.66,0.62,0.79,12.7,2.88,9.52
CD19-CD56-CD3-cells,CD19-CD56-CD3-CD4+CD8+,0.068,0.088,0.087,0.024,0.13,7.41E-03,0.016,0.016,0.04,59.3,48.3,52.4,62.2,20.6
