MainID,Main_Organ,clone_size,count,proportion
S18.6_P5,Spleen,1,1536,0.9846153846153847
S18.6_P5,Spleen,2,24,0.015384615384615385
S18.6_P5,Spleen,3,0,0.0
S18.6_P5,Spleen,4,0,0.0
S18.6_P5,Spleen,5,0,0.0
S18.6_P5,Spleen,6,0,0.0
S18.6_P5,Spleen,>=7,0,0.0
S24.6_P11,Spleen,1,828,0.9963898916967509
S24.6_P11,Spleen,2,3,0.0036101083032490976
S24.6_P11,Spleen,3,0,0.0
S24.6_P11,Spleen,4,0,0.0
S24.6_P11,Spleen,5,0,0.0
S24.6_P11,Spleen,6,0,0.0
S24.6_P11,Spleen,>=7,0,0.0
L10.1_P25,Liver,1,46,0.9583333333333334
L10.1_P25,Liver,2,2,0.041666666666666664
L10.1_P25,Liver,3,0,0.0
L10.1_P25,Liver,4,0,0.0
L10.1_P25,Liver,5,0,0.0
L10.1_P25,Liver,6,0,0.0
L10.1_P25,Liver,>=7,0,0.0
L18.6_P5,Liver,1,688,0.9971014492753624
L18.6_P5,Liver,2,2,0.002898550724637681
L18.6_P5,Liver,3,0,0.0
L18.6_P5,Liver,4,0,0.0
L18.6_P5,Liver,5,0,0.0
L18.6_P5,Liver,6,0,0.0
L18.6_P5,Liver,>=7,0,0.0
L24.6_P11,Liver,1,281,0.9929328621908127
L24.6_P11,Liver,2,2,0.007067137809187279
L24.6_P11,Liver,3,0,0.0
L24.6_P11,Liver,4,0,0.0
L24.6_P11,Liver,5,0,0.0
L24.6_P11,Liver,6,0,0.0
L24.6_P11,Liver,>=7,0,0.0
T10.0_P1,Thymus,1,1828,0.9707912904938927
T10.0_P1,Thymus,2,38,0.0201805629314923
T10.0_P1,Thymus,3,9,0.004779607010090282
T10.0_P1,Thymus,4,8,0.004248539564524694
T10.0_P1,Thymus,5,0,0.0
T10.0_P1,Thymus,6,0,0.0
T10.0_P1,Thymus,>=7,0,0.0
T10.1_P25,Thymus,1,2844,0.9713114754098361
T10.1_P25,Thymus,2,59,0.020150273224043717
T10.1_P25,Thymus,3,9,0.0030737704918032786
T10.1_P25,Thymus,4,0,0.0
T10.1_P25,Thymus,5,10,0.0034153005464480873
T10.1_P25,Thymus,6,6,0.0020491803278688526
T10.1_P25,Thymus,>=7,0,0.0
T18.6_P5,Thymus,1,1467,0.9563233376792699
T18.6_P5,Thymus,2,28,0.018252933507170794
T18.6_P5,Thymus,3,12,0.007822685788787484
T18.6_P5,Thymus,4,4,0.002607561929595828
T18.6_P5,Thymus,5,5,0.003259452411994785
T18.6_P5,Thymus,6,0,0.0
T18.6_P5,Thymus,>=7,18,0.011734028683181226
T24.6_P11,Thymus,1,1605,0.988909426987061
T24.6_P11,Thymus,2,12,0.0073937153419593345
T24.6_P11,Thymus,3,6,0.0036968576709796672
T24.6_P11,Thymus,4,0,0.0
T24.6_P11,Thymus,5,0,0.0
T24.6_P11,Thymus,6,0,0.0
T24.6_P11,Thymus,>=7,0,0.0
B11.6_P24,PBMC,1,766,0.9683944374209861
B11.6_P24,PBMC,2,19,0.02402022756005057
B11.6_P24,PBMC,3,6,0.007585335018963337
B11.6_P24,PBMC,4,0,0.0
B11.6_P24,PBMC,5,0,0.0
B11.6_P24,PBMC,6,0,0.0
B11.6_P24,PBMC,>=7,0,0.0
B17.4_P3,PBMC,1,158,1.0
B17.4_P3,PBMC,2,0,0.0
B17.4_P3,PBMC,3,0,0.0
B17.4_P3,PBMC,4,0,0.0
B17.4_P3,PBMC,5,0,0.0
B17.4_P3,PBMC,6,0,0.0
B17.4_P3,PBMC,>=7,0,0.0
B18.0_P4,PBMC,1,4387,0.993208059769074
B18.0_P4,PBMC,2,30,0.006791940230925968
B18.0_P4,PBMC,3,0,0.0
B18.0_P4,PBMC,4,0,0.0
B18.0_P4,PBMC,5,0,0.0
B18.0_P4,PBMC,6,0,0.0
B18.0_P4,PBMC,>=7,0,0.0
B18.6_P5,PBMC,1,2191,0.9909543193125283
B18.6_P5,PBMC,2,20,0.009045680687471733
B18.6_P5,PBMC,3,0,0.0
B18.6_P5,PBMC,4,0,0.0
B18.6_P5,PBMC,5,0,0.0
B18.6_P5,PBMC,6,0,0.0
B18.6_P5,PBMC,>=7,0,0.0
B20.9_P7,PBMC,1,1902,0.9952904238618524
B20.9_P7,PBMC,2,9,0.004709576138147566
B20.9_P7,PBMC,3,0,0.0
B20.9_P7,PBMC,4,0,0.0
B20.9_P7,PBMC,5,0,0.0
B20.9_P7,PBMC,6,0,0.0
B20.9_P7,PBMC,>=7,0,0.0
B21.7_P8,PBMC,1,306,0.9776357827476039
B21.7_P8,PBMC,2,7,0.022364217252396165
B21.7_P8,PBMC,3,0,0.0
B21.7_P8,PBMC,4,0,0.0
B21.7_P8,PBMC,5,0,0.0
B21.7_P8,PBMC,6,0,0.0
B21.7_P8,PBMC,>=7,0,0.0
B22.4_P9,PBMC,1,3218,0.9907635467980296
B22.4_P9,PBMC,2,26,0.008004926108374385
B22.4_P9,PBMC,3,0,0.0
B22.4_P9,PBMC,4,4,0.0012315270935960591
B22.4_P9,PBMC,5,0,0.0
B22.4_P9,PBMC,6,0,0.0
B22.4_P9,PBMC,>=7,0,0.0
B22.4_P23,PBMC,1,4179,0.9921652421652422
B22.4_P23,PBMC,2,27,0.00641025641025641
B22.4_P23,PBMC,3,6,0.0014245014245014246
B22.4_P23,PBMC,4,0,0.0
B22.4_P23,PBMC,5,0,0.0
B22.4_P23,PBMC,6,0,0.0
B22.4_P23,PBMC,>=7,0,0.0
B23.4_P10,PBMC,1,4996,0.9934380592563133
B23.4_P10,PBMC,2,27,0.005368860608470869
B23.4_P10,PBMC,3,6,0.0011930801352157488
B23.4_P10,PBMC,4,0,0.0
B23.4_P10,PBMC,5,0,0.0
B23.4_P10,PBMC,6,0,0.0
B23.4_P10,PBMC,>=7,0,0.0
B24.6_P11,PBMC,1,322,0.9938271604938271
B24.6_P11,PBMC,2,2,0.006172839506172839
B24.6_P11,PBMC,3,0,0.0
B24.6_P11,PBMC,4,0,0.0
B24.6_P11,PBMC,5,0,0.0
B24.6_P11,PBMC,6,0,0.0
B24.6_P11,PBMC,>=7,0,0.0
B26.9_P12,PBMC,1,1440,0.995850622406639
B26.9_P12,PBMC,2,6,0.004149377593360996
B26.9_P12,PBMC,3,0,0.0
B26.9_P12,PBMC,4,0,0.0
B26.9_P12,PBMC,5,0,0.0
B26.9_P12,PBMC,6,0,0.0
B26.9_P12,PBMC,>=7,0,0.0
B29.1_P13,PBMC,1,670,0.9463276836158192
B29.1_P13,PBMC,2,38,0.05367231638418079
B29.1_P13,PBMC,3,0,0.0
B29.1_P13,PBMC,4,0,0.0
B29.1_P13,PBMC,5,0,0.0
B29.1_P13,PBMC,6,0,0.0
B29.1_P13,PBMC,>=7,0,0.0
B31.3_P15,PBMC,1,1488,0.9834765366820886
B31.3_P15,PBMC,2,22,0.014540647719762063
B31.3_P15,PBMC,3,3,0.0019828155981493722
B31.3_P15,PBMC,4,0,0.0
B31.3_P15,PBMC,5,0,0.0
B31.3_P15,PBMC,6,0,0.0
B31.3_P15,PBMC,>=7,0,0.0
B32.4_P16,PBMC,1,1221,0.9975490196078431
B32.4_P16,PBMC,2,3,0.0024509803921568627
B32.4_P16,PBMC,3,0,0.0
B32.4_P16,PBMC,4,0,0.0
B32.4_P16,PBMC,5,0,0.0
B32.4_P16,PBMC,6,0,0.0
B32.4_P16,PBMC,>=7,0,0.0
B33.3_P17,PBMC,1,3446,0.9925115207373272
B33.3_P17,PBMC,2,26,0.007488479262672811
B33.3_P17,PBMC,3,0,0.0
B33.3_P17,PBMC,4,0,0.0
B33.3_P17,PBMC,5,0,0.0
B33.3_P17,PBMC,6,0,0.0
B33.3_P17,PBMC,>=7,0,0.0
B34.1_P18,PBMC,1,841,0.9964454976303317
B34.1_P18,PBMC,2,3,0.0035545023696682463
B34.1_P18,PBMC,3,0,0.0
B34.1_P18,PBMC,4,0,0.0
B34.1_P18,PBMC,5,0,0.0
B34.1_P18,PBMC,6,0,0.0
B34.1_P18,PBMC,>=7,0,0.0
B36.1_P19,PBMC,1,1538,0.9954692556634305
B36.1_P19,PBMC,2,4,0.0025889967637540453
B36.1_P19,PBMC,3,3,0.001941747572815534
B36.1_P19,PBMC,4,0,0.0
B36.1_P19,PBMC,5,0,0.0
B36.1_P19,PBMC,6,0,0.0
B36.1_P19,PBMC,>=7,0,0.0
B37.9_P20,PBMC,1,4056,0.9958261723545299
B37.9_P20,PBMC,2,14,0.003437269825681316
B37.9_P20,PBMC,3,3,0.0007365578197888534
B37.9_P20,PBMC,4,0,0.0
B37.9_P20,PBMC,5,0,0.0
B37.9_P20,PBMC,6,0,0.0
B37.9_P20,PBMC,>=7,0,0.0
B38.1_P21,PBMC,1,1910,0.9922077922077922
B38.1_P21,PBMC,2,15,0.007792207792207792
B38.1_P21,PBMC,3,0,0.0
B38.1_P21,PBMC,4,0,0.0
B38.1_P21,PBMC,5,0,0.0
B38.1_P21,PBMC,6,0,0.0
B38.1_P21,PBMC,>=7,0,0.0
B39.1_P22,PBMC,1,3199,0.9962628464652756
B39.1_P22,PBMC,2,12,0.003737153534724385
B39.1_P22,PBMC,3,0,0.0
B39.1_P22,PBMC,4,0,0.0
B39.1_P22,PBMC,5,0,0.0
B39.1_P22,PBMC,6,0,0.0
B39.1_P22,PBMC,>=7,0,0.0
