panel	script
b_M01b	Main_Figure_01/b_M01b/01_Code/01_plot_sample_overview_and_cell_counts.R
c_M01c	Main_Figure_01/c_M01c/01_Code/01_define_umap_plot_functions.R
c_M01c	Main_Figure_01/c_M01c/01_Code/02_define_umap_arrow_layer.R
c_M01c	Main_Figure_01/c_M01c/01_Code/03_plot_atlas_cell_types_and_tissues.R
d_M01d	Main_Figure_01/d_M01d/01_Code/01_define_umap_plot_functions.R
d_M01d	Main_Figure_01/d_M01d/01_Code/02_define_umap_arrow_layer.R
d_M01d	Main_Figure_01/d_M01d/01_Code/03_plot_atlas_cell_types_and_tissues.R
e_M01e	Main_Figure_01/e_M01e/01_Code/01_calculate_tissue_cell_type_fractions.R
e_M01e	Main_Figure_01/e_M01e/01_Code/02_plot_tissue_cell_type_fractions.R
f_M01f	Main_Figure_01/f_M01f/01_Code/01_count_cells_by_tissue_and_lineage.R
f_M01f	Main_Figure_01/f_M01f/01_Code/02_plot_lineage_composition.R
a_M02a	Main_Figure_02/a_M02a/01_Code/01_count_cells_by_sample.R
a_M02a	Main_Figure_02/a_M02a/01_Code/02_plot_sample_cell_composition.R
b_M02b	Main_Figure_02/b_M02b/01_Code/01_analyze_cell_proportion_age_associations.R
c_M02c	Main_Figure_02/c_M02c/01_Code/01_plot_gene_correlation_heatmaps.R
d_M02d	Main_Figure_02/d_M02d/01_Code/01_assign_hotspot_modules_and_run_go.R
d_M02d	Main_Figure_02/d_M02d/01_Code/02_prepare_selected_go_terms.R
d_M02d	Main_Figure_02/d_M02d/01_Code/03_plot_selected_go_terms.R
e_M02e	Main_Figure_02/e_M02e/01_Code/01_define_expression_clustering.R
e_M02e	Main_Figure_02/e_M02e/01_Code/02_cluster_pbmc_age_profiles.R
e_M02e	Main_Figure_02/e_M02e/01_Code/03_enrich_temporal_programs.R
e_M02e	Main_Figure_02/e_M02e/01_Code/04_plot_temporal_heatmap.R
00_CellChat_Analysis	Main_Figure_03/00_CellChat_Analysis/01_Code/01_run_cellchat_for_28_cell_types.R
00_CellChat_Analysis	Main_Figure_03/00_CellChat_Analysis/01_Code/02_summarize_interaction_strength_and_signaling.R
a_M03a	Main_Figure_03/a_M03a/01_Code/01_plot_cellchat_signaling_roles.R
b_M03b	Main_Figure_03/b_M03b/01_Code/01_plot_differential_interaction_strength.R
c_M03c	Main_Figure_03/c_M03c/01_Code/01_plot_incoming_signaling_changes.R
d_M03d	Main_Figure_03/d_M03d/01_Code/01_prepare_hla_e_receptor_interactions.R
d_M03d	Main_Figure_03/d_M03d/01_Code/02_plot_hla_e_receptor_interactions.R
a_M04a	Main_Figure_04/a_M04a/01_Code/01_define_repertoire_palettes.R
a_M04a	Main_Figure_04/a_M04a/01_Code/02_plot_receptor_pairing_by_sample_and_tissue.R
b_M04b	Main_Figure_04/b_M04b/01_Code/01_define_repertoire_palettes.R
b_M04b	Main_Figure_04/b_M04b/01_Code/02_plot_receptor_pairing_by_sample_and_tissue.R
c_M04c	Main_Figure_04/c_M04c/01_Code/01_classify_receptor_chain_pairing.py
c_M04c	Main_Figure_04/c_M04c/01_Code/02_plot_receptor_chain_pairing_umap.R
d_M04d	Main_Figure_04/d_M04d/01_Code/01_plot_receptor_umap_by_tissue.py
e_M04e	Main_Figure_04/e_M04e/01_Code/01_plot_receptor_gene_usage.R
e_M04e	Main_Figure_04/e_M04e/01_Code/02_test_gene_usage_age_and_cell_type_associations.R
e_M04e	Main_Figure_04/e_M04e/01_Code/03_plot_tcr_gene_usage_with_age_annotations.R
f_M04f	Main_Figure_04/f_M04f/01_Code/01_plot_vj_dj_pair_frequencies_and_age_associations.R
g_M04g	Main_Figure_04/g_M04g/01_Code/01_plot_cdr3_lengths_and_age_associations.R
h_M04h	Main_Figure_04/h_M04h/01_Code/01_plot_dntt_expression_by_age.py
i_M04i	Main_Figure_04/i_M04i/01_Code/01_plot_tcr_clone_sizes_by_sample_and_cell_type.py
i_M04i	Main_Figure_04/i_M04i/01_Code/02_plot_tcr_clone_sizes_by_sample.R
j_M04j	Main_Figure_04/j_M04j/01_Code/01_plot_tcr_clone_sizes_by_sample_and_cell_type.py
j_M04j	Main_Figure_04/j_M04j/01_Code/02_plot_tcr_clone_sizes_by_cell_type.R
a_M05a	Main_Figure_05/a_M05a/01_Code/01_define_repertoire_palettes.R
a_M05a	Main_Figure_05/a_M05a/01_Code/02_plot_receptor_pairing_by_sample_and_tissue.R
b_M05b	Main_Figure_05/b_M05b/01_Code/01_define_repertoire_palettes.R
b_M05b	Main_Figure_05/b_M05b/01_Code/02_plot_receptor_pairing_by_sample_and_tissue.R
c_M05c	Main_Figure_05/c_M05c/01_Code/01_classify_receptor_chain_pairing.py
c_M05c	Main_Figure_05/c_M05c/01_Code/02_plot_receptor_chain_pairing_umap.R
d_M05d	Main_Figure_05/d_M05d/01_Code/01_plot_receptor_umap_by_tissue.py
e_M05e	Main_Figure_05/e_M05e/01_Code/01_plot_receptor_gene_usage.R
e_M05e	Main_Figure_05/e_M05e/01_Code/02_test_gene_usage_age_and_cell_type_associations.R
f_M05f	Main_Figure_05/f_M05f/01_Code/01_plot_vj_dj_pair_frequencies_and_age_associations.R
g_M05g	Main_Figure_05/g_M05g/01_Code/01_plot_cdr3_lengths_and_age_associations.R
h_M05h	Main_Figure_05/h_M05h/01_Code/01_plot_dntt_expression_by_age.py
i_M05i	Main_Figure_05/i_M05i/01_Code/01_extract_bcr_cell_metadata.py
i_M05i	Main_Figure_05/i_M05i/01_Code/02_calculate_igh_dj_frequencies_and_age_correlations.R
i_M05i	Main_Figure_05/i_M05i/01_Code/03_plot_igh_dj_heatmap_with_bh_significance.R
j_M05j	Main_Figure_05/j_M05j/01_Code/01_plot_bcr_isotypes_by_sample.R
k_M05k	Main_Figure_05/k_M05k/01_Code/01_plot_bcr_clone_sizes_by_sample.R
a_M06a	Main_Figure_06/a_M06a/01_Code/01_gate_flow_events_and_compute_umap.py
a_M06a	Main_Figure_06/a_M06a/01_Code/02_plot_flow_umap.py
b_M06b	Main_Figure_06/b_M06b/01_Code/01_plot_flow_cell_composition.R
c_M06c	Main_Figure_06/c_M06c/01_Code/01_plot_flow_age_associations.R
a_M07a	Main_Figure_07/a_M07a/01_Code/01_plot_plasma_protein_age_associations.R
b_M07b	Main_Figure_07/b_M07b/01_Code/01_plot_selected_plasma_proteins.R
c_M07c	Main_Figure_07/c_M07c/01_Code/01_plot_supernatant_protein_age_associations.R
d_M07d	Main_Figure_07/d_M07d/01_Code/01_plot_xcell_age_associations.R
00_MOFA_Analysis	Main_Figure_08/00_MOFA_Analysis/01_Code/01_prepare_single_cell_views.R
00_MOFA_Analysis	Main_Figure_08/00_MOFA_Analysis/01_Code/02_prepare_protein_flow_bulk_views.R
00_MOFA_Analysis	Main_Figure_08/00_MOFA_Analysis/01_Code/03_prepare_repertoire_views.py
00_MOFA_Analysis	Main_Figure_08/00_MOFA_Analysis/01_Code/04_assemble_mofa_views.R
00_MOFA_Analysis	Main_Figure_08/00_MOFA_Analysis/01_Code/05_fit_multiomics_factors.R
00_MOFA_Analysis	Main_Figure_08/00_MOFA_Analysis/01_Code/06_extract_factor_results.R
00_MOFA_Analysis	Main_Figure_08/00_MOFA_Analysis/01_Code/07_enrich_factor3_features.R
00_MOFA_Analysis	Main_Figure_08/00_MOFA_Analysis/01_Code/08_assemble_figure8.R
b_M08b	Main_Figure_08/b_M08b/01_Code/01_plot_variance_explained.R
c_M08c	Main_Figure_08/c_M08c/01_Code/01_plot_factor_age_associations.R
d_M08d	Main_Figure_08/d_M08d/01_Code/01_plot_factor3_age_association.R
e_M08e	Main_Figure_08/e_M08e/01_Code/01_plot_factor3_feature_expression.R
f_M08f	Main_Figure_08/f_M08f/01_Code/01_plot_mofa_factor_go_enrichment.R
a_S01a	Supplementary_Figures/Supplementary_Figure_01/a_S01a/01_Code/01_plot_cell_type_marker_expression.py
b_S01b	Supplementary_Figures/Supplementary_Figure_01/b_S01b/01_Code/01_plot_age_weighted_cell_abundance.R
a_S02a	Supplementary_Figures/Supplementary_Figure_02/a_S02a/01_Code/01_define_umap_plot_functions.R
a_S02a	Supplementary_Figures/Supplementary_Figure_02/a_S02a/01_Code/02_plot_tissue_lineage_and_receptor_umaps.R
b_S02b	Supplementary_Figures/Supplementary_Figure_02/b_S02b/01_Code/01_define_umap_plot_functions.R
b_S02b	Supplementary_Figures/Supplementary_Figure_02/b_S02b/01_Code/02_plot_tissue_lineage_and_receptor_umaps.R
c_S02c	Supplementary_Figures/Supplementary_Figure_02/c_S02c/01_Code/01_define_umap_plot_functions.R
c_S02c	Supplementary_Figures/Supplementary_Figure_02/c_S02c/01_Code/02_plot_tissue_lineage_and_receptor_umaps.R
d_S02d	Supplementary_Figures/Supplementary_Figure_02/d_S02d/01_Code/01_define_umap_plot_functions.R
d_S02d	Supplementary_Figures/Supplementary_Figure_02/d_S02d/01_Code/02_plot_tissue_lineage_and_receptor_umaps.R
a_S03a	Supplementary_Figures/Supplementary_Figure_03/a_S03a/01_Code/01_define_umap_plot_functions.R
a_S03a	Supplementary_Figures/Supplementary_Figure_03/a_S03a/01_Code/02_plot_tissue_lineage_and_receptor_umaps.R
b_S03b	Supplementary_Figures/Supplementary_Figure_03/b_S03b/01_Code/01_define_umap_plot_functions.R
b_S03b	Supplementary_Figures/Supplementary_Figure_03/b_S03b/01_Code/02_plot_tissue_lineage_and_receptor_umaps.R
c_S03c	Supplementary_Figures/Supplementary_Figure_03/c_S03c/01_Code/01_define_umap_plot_functions.R
c_S03c	Supplementary_Figures/Supplementary_Figure_03/c_S03c/01_Code/02_plot_tissue_lineage_and_receptor_umaps.R
d_S03d	Supplementary_Figures/Supplementary_Figure_03/d_S03d/01_Code/01_define_umap_plot_functions.R
d_S03d	Supplementary_Figures/Supplementary_Figure_03/d_S03d/01_Code/02_plot_tissue_lineage_and_receptor_umaps.R
e_S03e	Supplementary_Figures/Supplementary_Figure_03/e_S03e/01_Code/01_define_umap_plot_functions.R
e_S03e	Supplementary_Figures/Supplementary_Figure_03/e_S03e/01_Code/02_plot_tissue_lineage_and_receptor_umaps.R
f_S03f	Supplementary_Figures/Supplementary_Figure_03/f_S03f/01_Code/01_define_umap_plot_functions.R
f_S03f	Supplementary_Figures/Supplementary_Figure_03/f_S03f/01_Code/02_plot_tissue_lineage_and_receptor_umaps.R
g_S03g	Supplementary_Figures/Supplementary_Figure_03/g_S03g/01_Code/01_define_umap_plot_functions.R
g_S03g	Supplementary_Figures/Supplementary_Figure_03/g_S03g/01_Code/02_plot_tissue_lineage_and_receptor_umaps.R
h_S03h	Supplementary_Figures/Supplementary_Figure_03/h_S03h/01_Code/01_define_umap_plot_functions.R
h_S03h	Supplementary_Figures/Supplementary_Figure_03/h_S03h/01_Code/02_plot_tissue_lineage_and_receptor_umaps.R
i_S03i	Supplementary_Figures/Supplementary_Figure_03/i_S03i/01_Code/01_define_umap_plot_functions.R
i_S03i	Supplementary_Figures/Supplementary_Figure_03/i_S03i/01_Code/02_plot_tissue_lineage_and_receptor_umaps.R
a_S04a	Supplementary_Figures/Supplementary_Figure_04/a_S04a/01_Code/01_plot_erythroid_marker_expression.py
a_S05a	Supplementary_Figures/Supplementary_Figure_05/a_S05a/01_Code/01_compare_fetal_and_cord_blood_cell_composition.py
b_S05b	Supplementary_Figures/Supplementary_Figure_05/b_S05b/01_Code/01_compare_fetal_and_cord_blood_cell_composition.py
c_S05c	Supplementary_Figures/Supplementary_Figure_05/c_S05c/01_Code/01_compare_fetal_and_cord_blood_cell_composition.py
d_S05d	Supplementary_Figures/Supplementary_Figure_05/d_S05d/01_Code/01_compare_fetal_and_cord_blood_cell_composition.py
a_S06a	Supplementary_Figures/Supplementary_Figure_06/a_S06a/01_Code/01_analyze_naive_b_cell_differential_expression.py
b_S06b	Supplementary_Figures/Supplementary_Figure_06/b_S06b/01_Code/01_analyze_naive_b_cell_differential_expression.py
a_S07a	Supplementary_Figures/Supplementary_Figure_07/a_S07a/01_Code/01_plot_nk_rna_velocity.py
b_S07b	Supplementary_Figures/Supplementary_Figure_07/b_S07b/01_Code/01_compute_nk_temporal_transitions.py
c_S07c	Supplementary_Figures/Supplementary_Figure_07/c_S07c/01_Code/01_compute_nk_temporal_transitions.py
d_S07d	Supplementary_Figures/Supplementary_Figure_07/d_S07d/01_Code/01_compute_nk_temporal_transitions.py
a_S08a	Supplementary_Figures/Supplementary_Figure_08/a_S08a/01_Code/01_plot_nk_ligand_receptor_heatmap.R
b_S08b	Supplementary_Figures/Supplementary_Figure_08/b_S08b/01_Code/01_plot_nk_ligand_receptor_heatmap.R
a_S09a	Supplementary_Figures/Supplementary_Figure_09/a_S09a/01_Code/01_extract_incoming_interactions.R
a_S09a	Supplementary_Figures/Supplementary_Figure_09/a_S09a/01_Code/02_plot_incoming_interactions.R
b_S09b	Supplementary_Figures/Supplementary_Figure_09/b_S09b/01_Code/01_extract_incoming_interactions.R
b_S09b	Supplementary_Figures/Supplementary_Figure_09/b_S09b/01_Code/02_plot_incoming_interactions.R
a_S10a	Supplementary_Figures/Supplementary_Figure_10/a_S10a/01_Code/01_calculate_junction_length_age_associations.R
a_S10a	Supplementary_Figures/Supplementary_Figure_10/a_S10a/01_Code/02_plot_junction_length_distributions_and_correlations.R
b_S10b	Supplementary_Figures/Supplementary_Figure_10/b_S10b/01_Code/01_calculate_junction_length_age_associations.R
b_S10b	Supplementary_Figures/Supplementary_Figure_10/b_S10b/01_Code/02_plot_junction_length_distributions_and_correlations.R
a_S11a	Supplementary_Figures/Supplementary_Figure_11/a_S11a/01_Code/01_extract_tcr_clone_umap_data.py
a_S11a	Supplementary_Figures/Supplementary_Figure_11/a_S11a/01_Code/02_plot_tcr_clone_size_umap.R
b_S11b	Supplementary_Figures/Supplementary_Figure_11/b_S11b/01_Code/01_plot_tcr_clone_network_by_sample.py
c_S11c	Supplementary_Figures/Supplementary_Figure_11/c_S11c/01_Code/01_plot_tcr_clone_network_by_organ.py
d_S11d	Supplementary_Figures/Supplementary_Figure_11/d_S11d/01_Code/01_count_cells_in_selected_tcr_clones.py
d_S11d	Supplementary_Figures/Supplementary_Figure_11/d_S11d/01_Code/02_plot_top_tcr_clones_by_sample.R
a_S12a	Supplementary_Figures/Supplementary_Figure_12/a_S12a/01_Code/01_calculate_junction_length_age_associations.R
a_S12a	Supplementary_Figures/Supplementary_Figure_12/a_S12a/01_Code/02_plot_junction_length_distributions_and_correlations.R
b_S12b	Supplementary_Figures/Supplementary_Figure_12/b_S12b/01_Code/01_calculate_junction_length_age_associations.R
b_S12b	Supplementary_Figures/Supplementary_Figure_12/b_S12b/01_Code/02_plot_junction_length_distributions_and_correlations.R
c_S12c	Supplementary_Figures/Supplementary_Figure_12/c_S12c/01_Code/01_calculate_junction_length_age_associations.R
c_S12c	Supplementary_Figures/Supplementary_Figure_12/c_S12c/01_Code/02_plot_junction_length_distributions_and_correlations.R
a_S14a	Supplementary_Figures/Supplementary_Figure_14/a_S14a/01_Code/01_gate_flow_events_and_compute_umap.py
a_S14a	Supplementary_Figures/Supplementary_Figure_14/a_S14a/01_Code/02_plot_flow_umap.py
b_S14b	Supplementary_Figures/Supplementary_Figure_14/b_S14b/01_Code/01_gate_flow_events_and_compute_umap.py
b_S14b	Supplementary_Figures/Supplementary_Figure_14/b_S14b/01_Code/02_plot_flow_umap.py
c_S14c	Supplementary_Figures/Supplementary_Figure_14/c_S14c/01_Code/01_gate_flow_events_and_compute_umap.py
c_S14c	Supplementary_Figures/Supplementary_Figure_14/c_S14c/01_Code/02_plot_flow_umap.py
d_S14d	Supplementary_Figures/Supplementary_Figure_14/d_S14d/01_Code/01_gate_flow_events_and_compute_umap.py
d_S14d	Supplementary_Figures/Supplementary_Figure_14/d_S14d/01_Code/02_plot_flow_umap.py
a_S15a	Supplementary_Figures/Supplementary_Figure_15/a_S15a/01_Code/01_aggregate_and_plot_flow_cell_composition.R
b_S15b	Supplementary_Figures/Supplementary_Figure_15/b_S15b/01_Code/01_plot_scrna_cell_composition.R
a_S16a	Supplementary_Figures/Supplementary_Figure_16/a_S16a/01_Code/00_calculate_bulk_tpm_from_counts.R
a_S16a	Supplementary_Figures/Supplementary_Figure_16/a_S16a/01_Code/01_test_gene_expression_sample_order_associations.R
a_S16a	Supplementary_Figures/Supplementary_Figure_16/a_S16a/01_Code/02_plot_gene_age_correlation_bars.R
b_S16b	Supplementary_Figures/Supplementary_Figure_16/b_S16b/01_Code/02_plot_gene_expression_age_scatterplots.R
a_S17a	Supplementary_Figures/Supplementary_Figure_17/a_S17a/01_Code/01_cluster_bulk_age_profiles.R
a_S17a	Supplementary_Figures/Supplementary_Figure_17/a_S17a/01_Code/02_enrich_bulk_programs.R
a_S17a	Supplementary_Figures/Supplementary_Figure_17/a_S17a/01_Code/03_plot_bulk_temporal_heatmap.R
a_S18a	Supplementary_Figures/Supplementary_Figure_18/a_S18a/01_Code/01_plot_mofa_factor_feature_weights.R
