"feature","factor","value","view","sign","normalized_weight","feature_label","view_label"
"HSC_MPP__DDX46","Factor3",-2.45148365542036,"HSC_MPP","negative",-1,"DDX46","HSC/MPP"
"HSC_MPP__SNHG16","Factor3",-2.06552547943014,"HSC_MPP","negative",-0.842561391287745,"SNHG16","HSC/MPP"
"HSC_MPP__CMTM3","Factor3",-1.98338387114863,"HSC_MPP","negative",-0.809054495127169,"CMTM3","HSC/MPP"
"HSC_MPP__CLINT1","Factor3",-1.97093284794799,"HSC_MPP","negative",-0.803975520534331,"CLINT1","HSC/MPP"
"HSC_MPP__PA2G4","Factor3",-1.93157225201787,"HSC_MPP","negative",-0.787919694160334,"PA2G4","HSC/MPP"
"HSC_MPP__RPN1","Factor3",-1.82345183699567,"HSC_MPP","negative",-0.743815620782918,"RPN1","HSC/MPP"
"HSC_MPP__UROD","Factor3",1.74853497271956,"HSC_MPP","positive",0.713255815046311,"UROD","HSC/MPP"
"HSC_MPP__GTF3A","Factor3",1.75855311533283,"HSC_MPP","positive",0.71734237813276,"GTF3A","HSC/MPP"
"HSC_MPP__ZNRF1","Factor3",1.8371205181867,"HSC_MPP","positive",0.749391297847216,"ZNRF1","HSC/MPP"
"HSC_MPP__BCLAF1","Factor3",1.85761908513962,"HSC_MPP","positive",0.757752996244671,"BCLAF1","HSC/MPP"
"HSC_MPP__OCIAD2","Factor3",1.9239253766616,"HSC_MPP","positive",0.7848004095021,"OCIAD2","HSC/MPP"
"HSC_MPP__HDGF","Factor3",2.11645886693304,"HSC_MPP","positive",0.863337947309353,"HDGF","HSC/MPP"
"MEMP__ARF4","Factor3",-2.381583376635,"MEMP","negative",-1,"ARF4","MEMP"
"MEMP__SEC13","Factor3",-2.35507471597646,"MEMP","negative",-0.98886931235807,"SEC13","MEMP"
"MEMP__IGF2BP1","Factor3",-2.10711457852737,"MEMP","negative",-0.884753647174245,"IGF2BP1","MEMP"
"MEMP__MESD","Factor3",-2.04878127080688,"MEMP","negative",-0.860260149154071,"MESD","MEMP"
"MEMP__VPS41","Factor3",-1.98627099075732,"MEMP","negative",-0.834012787561432,"VPS41","MEMP"
"MEMP__CNRIP1","Factor3",-1.90543818689081,"MEMP","negative",-0.800072004862181,"CNRIP1","MEMP"
"MEMP__HERC4","Factor3",1.92442522229906,"MEMP","positive",0.808044446891517,"HERC4","MEMP"
"MEMP__EIF2D","Factor3",1.95454136174496,"MEMP","positive",0.820689874190584,"EIF2D","MEMP"
"MEMP__GDI2","Factor3",1.9901036275913,"MEMP","positive",0.835622068542976,"GDI2","MEMP"
"MEMP__UBB","Factor3",1.99332145429574,"MEMP","positive",0.836973197685044,"UBB","MEMP"
"MEMP__AIF1","Factor3",2.07764083058654,"MEMP","positive",0.872377952823172,"AIF1","MEMP"
"MEMP__HNRNPH2","Factor3",2.09304082935862,"MEMP","positive",0.87884423862411,"HNRNPH2","MEMP"
"MEP__SDCBP","Factor3",-2.29275558579906,"MEP","negative",-1,"SDCBP","MEP"
"MEP__EIF1B","Factor3",-2.2362498458911,"MEP","negative",-0.975354660454018,"EIF1B","MEP"
"MEP__FTL","Factor3",-1.98159445481291,"MEP","negative",-0.864285084326724,"FTL","MEP"
"MEP__PHPT1","Factor3",-1.97395394637853,"MEP","negative",-0.860952627748404,"PHPT1","MEP"
"MEP__FTH1","Factor3",-1.93705284610299,"MEP","negative",-0.844857977056413,"FTH1","MEP"
"MEP__ENSA","Factor3",-1.92465419091967,"MEP","negative",-0.839450224367853,"ENSA","MEP"
"MEP__CASP6","Factor3",1.44329692718738,"MEP","positive",0.629503177803563,"CASP6","MEP"
"MEP__FBL","Factor3",1.46568876751726,"MEP","positive",0.639269522052628,"FBL","MEP"
"MEP__IDH3G","Factor3",1.47673592853039,"MEP","positive",0.644087811922494,"IDH3G","MEP"
"MEP__NSMCE1","Factor3",1.509253716309,"MEP","positive",0.658270652858534,"NSMCE1","MEP"
"MEP__CSNK2A1","Factor3",1.53297747195689,"MEP","positive",0.668617920484804,"CSNK2A1","MEP"
"MEP__RSL24D1","Factor3",1.61726925338188,"MEP","positive",0.705382319597855,"RSL24D1","MEP"
"Naive_CD4_T__SRSF11","Factor3",-1.98820160007409,"Naive_CD4_T","negative",-1,"SRSF11","Naïve CD4+ T"
"Naive_CD4_T__SERINC5","Factor3",-1.53052996093505,"Naive_CD4_T","negative",-0.769806221299702,"SERINC5","Naïve CD4+ T"
"Naive_CD4_T__GAPDH","Factor3",-1.48445276381422,"Naive_CD4_T","negative",-0.746630906925589,"GAPDH","Naïve CD4+ T"
"Naive_CD4_T__NME2","Factor3",-1.46836881560335,"Naive_CD4_T","negative",-0.738541210080827,"NME2","Naïve CD4+ T"
"Naive_CD4_T__ACTG1","Factor3",-1.46288243187188,"Naive_CD4_T","negative",-0.735781739546618,"ACTG1","Naïve CD4+ T"
"Naive_CD4_T__PPP1CA","Factor3",-1.41195082592162,"Naive_CD4_T","negative",-0.71016481722427,"PPP1CA","Naïve CD4+ T"
"Naive_CD4_T__CRIP1","Factor3",1.55322808433098,"Naive_CD4_T","positive",0.781222630679453,"CRIP1","Naïve CD4+ T"
"Naive_CD4_T__MAL","Factor3",1.60028721146224,"Naive_CD4_T","positive",0.804891823546769,"MAL","Naïve CD4+ T"
"Naive_CD4_T__GPSM3","Factor3",1.61625359650465,"Naive_CD4_T","positive",0.812922389985214,"GPSM3","Naïve CD4+ T"
"Naive_CD4_T__PCED1B.AS1","Factor3",1.69015659634657,"Naive_CD4_T","positive",0.850093167757025,"PCED1B.AS1","Naïve CD4+ T"
"Naive_CD4_T__CNBP","Factor3",1.69139589268084,"Naive_CD4_T","positive",0.850716493044675,"CNBP","Naïve CD4+ T"
"Naive_CD4_T__FLT3LG","Factor3",1.87497183764141,"Naive_CD4_T","positive",0.943049154357154,"FLT3LG","Naïve CD4+ T"
"Treg__PSMA1","Factor3",-1.53215555099373,"Treg","negative",-0.791654485909184,"PSMA1","Treg"
"Treg__GNG2","Factor3",-1.43818271529417,"Treg","negative",-0.743099352661185,"GNG2","Treg"
"Treg__SNHG29","Factor3",-1.34650694120793,"Treg","negative",-0.69573109572572,"SNHG29","Treg"
"Treg__SPOCK2","Factor3",-1.28505840421724,"Treg","negative",-0.663981049244028,"SPOCK2","Treg"
"Treg__TOX","Factor3",-1.26190058551708,"Treg","negative",-0.652015559809247,"TOX","Treg"
"Treg__ARPC1B","Factor3",-1.1872089619624,"Treg","negative",-0.613422899417452,"ARPC1B","Treg"
"Treg__HLA.A","Factor3",1.26173725012308,"Treg","positive",0.651931165507843,"HLA.A","Treg"
"Treg__FXYD5","Factor3",1.2651885909811,"Treg","positive",0.653714450155987,"FXYD5","Treg"
"Treg__EIF3H","Factor3",1.42499629943741,"Treg","positive",0.736286020125006,"EIF3H","Treg"
"Treg__KLF2","Factor3",1.54478330686606,"Treg","positive",0.79817916258239,"KLF2","Treg"
"Treg__SSR2","Factor3",1.65621826541908,"Treg","positive",0.855756857463558,"SSR2","Treg"
"Treg__EID1","Factor3",1.93538415844901,"Treg","positive",1,"EID1","Treg"
"Naive_CD8_T__PLAC8","Factor3",-1.64192669286676,"Naive_CD8_T","negative",-0.899707578174356,"PLAC8","Naïve CD8+ T"
"Naive_CD8_T__GAPDH","Factor3",-1.57980714518981,"Naive_CD8_T","negative",-0.865668648153596,"GAPDH","Naïve CD8+ T"
"Naive_CD8_T__LTB","Factor3",-1.46432116193226,"Naive_CD8_T","negative",-0.802387129702658,"LTB","Naïve CD8+ T"
"Naive_CD8_T__PPIA","Factor3",-1.43528507398236,"Naive_CD8_T","negative",-0.786476560441218,"PPIA","Naïve CD8+ T"
"Naive_CD8_T__LDLRAD4","Factor3",-1.40479853746365,"Naive_CD8_T","negative",-0.769771205654466,"LDLRAD4","Naïve CD8+ T"
"Naive_CD8_T__OSBPL8","Factor3",-1.38368765504096,"Naive_CD8_T","negative",-0.758203319597095,"OSBPL8","Naïve CD8+ T"
"Naive_CD8_T__EVL","Factor3",1.53502706761151,"Naive_CD8_T","positive",0.841131027001891,"EVL","Naïve CD8+ T"
"Naive_CD8_T__POLR1D","Factor3",1.56631785637718,"Naive_CD8_T","positive",0.858277078589844,"POLR1D","Naïve CD8+ T"
"Naive_CD8_T__EIF5","Factor3",1.61842908957324,"Naive_CD8_T","positive",0.886831868287941,"EIF5","Naïve CD8+ T"
"Naive_CD8_T__CD8B","Factor3",1.66959034326919,"Naive_CD8_T","positive",0.91486610870752,"CD8B","Naïve CD8+ T"
"Naive_CD8_T__CD37","Factor3",1.80468682987955,"Naive_CD8_T","positive",0.988893367851377,"CD37","Naïve CD8+ T"
"Naive_CD8_T__PDIA3","Factor3",1.82495594423966,"Naive_CD8_T","positive",1,"PDIA3","Naïve CD8+ T"
"Gamma_Delta_V2_T__GAPDH","Factor3",-2.1957328853101,"Gamma_Delta_V2_T","negative",-0.920436862459354,"GAPDH","Vδ2"
"Gamma_Delta_V2_T__RTRAF","Factor3",-2.09593063508472,"Gamma_Delta_V2_T","negative",-0.878600412006565,"RTRAF","Vδ2"
"Gamma_Delta_V2_T__CCT4","Factor3",-2.07767366166391,"Gamma_Delta_V2_T","negative",-0.870947208173862,"CCT4","Vδ2"
"Gamma_Delta_V2_T__HINT1","Factor3",-1.94956244606246,"Gamma_Delta_V2_T","negative",-0.817243824614344,"HINT1","Vδ2"
"Gamma_Delta_V2_T__EEF1B2","Factor3",-1.89760563554859,"Gamma_Delta_V2_T","negative",-0.795463869514738,"EEF1B2","Vδ2"
"Gamma_Delta_V2_T__DENND2D","Factor3",-1.60461819805786,"Gamma_Delta_V2_T","negative",-0.672645452252708,"DENND2D","Vδ2"
"Gamma_Delta_V2_T__FNBP1","Factor3",1.96489989274759,"Gamma_Delta_V2_T","positive",0.823673181937106,"FNBP1","Vδ2"
"Gamma_Delta_V2_T__APOO","Factor3",2.02762829941374,"Gamma_Delta_V2_T","positive",0.849968519682942,"APOO","Vδ2"
"Gamma_Delta_V2_T__C12orf57","Factor3",2.05898376760209,"Gamma_Delta_V2_T","positive",0.86311252684033,"C12orf57","Vδ2"
"Gamma_Delta_V2_T__PCBP1","Factor3",2.07404188474022,"Gamma_Delta_V2_T","positive",0.869424791044181,"PCBP1","Vδ2"
"Gamma_Delta_V2_T__TPT1","Factor3",2.27353484547967,"Gamma_Delta_V2_T","positive",0.953050935232396,"TPT1","Vδ2"
"Gamma_Delta_V2_T__FYB1","Factor3",2.38553340795503,"Gamma_Delta_V2_T","positive",1,"FYB1","Vδ2"
"Th17like_INNATE_T__TIMP1","Factor3",-2.46261183367024,"Th17like_INNATE_T","negative",-1,"TIMP1","Th17-like Innate T"
"Th17like_INNATE_T__SMDT1","Factor3",-2.2307167768179,"Th17like_INNATE_T","negative",-0.905833695070517,"SMDT1","Th17-like Innate T"
"Th17like_INNATE_T__FMNL1","Factor3",-1.8868849600729,"Th17like_INNATE_T","negative",-0.76621290220177,"FMNL1","Th17-like Innate T"
"Th17like_INNATE_T__CD53","Factor3",-1.772674511188,"Th17like_INNATE_T","negative",-0.719835130714054,"CD53","Th17-like Innate T"
"Th17like_INNATE_T__TNFRSF25","Factor3",-1.71291859811577,"Th17like_INNATE_T","negative",-0.695569872074746,"TNFRSF25","Th17-like Innate T"
"Th17like_INNATE_T__COTL1","Factor3",-1.67601281489539,"Th17like_INNATE_T","negative",-0.680583432589733,"COTL1","Th17-like Innate T"
"Th17like_INNATE_T__RAN","Factor3",1.74167903833223,"Th17like_INNATE_T","positive",0.707248708269404,"RAN","Th17-like Innate T"
"Th17like_INNATE_T__ARL6IP5","Factor3",1.84723023685689,"Th17like_INNATE_T","positive",0.750110192601406,"ARL6IP5","Th17-like Innate T"
"Th17like_INNATE_T__PDCD4","Factor3",1.89256630524094,"Th17like_INNATE_T","positive",0.768519942674149,"PDCD4","Th17-like Innate T"
"Th17like_INNATE_T__NDUFA13","Factor3",1.92180301548527,"Th17like_INNATE_T","positive",0.780392179233965,"NDUFA13","Th17-like Innate T"
"Th17like_INNATE_T__SAMHD1","Factor3",1.92871612828804,"Th17like_INNATE_T","positive",0.783199407197481,"SAMHD1","Th17-like Innate T"
"Th17like_INNATE_T__NOP53","Factor3",2.09656424808668,"Th17like_INNATE_T","positive",0.85135798481159,"NOP53","Th17-like Innate T"
"NK_T__CD96","Factor3",-1.85344368664544,"NK_T","negative",-0.916187500269962,"CD96","NKT"
"NK_T__CD69","Factor3",-1.78007437640137,"NK_T","negative",-0.879919851334423,"CD69","NKT"
"NK_T__EPC1","Factor3",-1.59369381871246,"NK_T","negative",-0.787788896140966,"EPC1","NKT"
"NK_T__BTG1","Factor3",-1.4627110380168,"NK_T","negative",-0.723041967335615,"BTG1","NKT"
"NK_T__SNHG29","Factor3",-1.45711373519003,"NK_T","negative",-0.720275129086324,"SNHG29","NKT"
"NK_T__CAP1","Factor3",-1.44193607991749,"NK_T","negative",-0.71277256607656,"CAP1","NKT"
"NK_T__TPT1","Factor3",1.49367522185417,"NK_T","positive",0.738348069372739,"TPT1","NKT"
"NK_T__SET","Factor3",1.52997462016432,"NK_T","positive",0.75629145510315,"SET","NKT"
"NK_T__TAGLN2","Factor3",1.55257008495402,"NK_T","positive",0.767460762567025,"TAGLN2","NKT"
"NK_T__PTMA","Factor3",1.57189340375096,"NK_T","positive",0.777012594798588,"PTMA","NKT"
"NK_T__FXYD5","Factor3",1.62872729172277,"NK_T","positive",0.80510651430998,"FXYD5","NKT"
"NK_T__IRF1","Factor3",2.02299604185749,"NK_T","positive",1,"IRF1","NKT"
"CX3CR1._NK__KLRC1","Factor3",-2.31516396691309,"CX3CR1x_NK","negative",-1,"KLRC1","CX3CR1+ NK"
"CX3CR1._NK__IFI16","Factor3",-1.91636255925216,"CX3CR1x_NK","negative",-0.827743773935515,"IFI16","CX3CR1+ NK"
"CX3CR1._NK__CMC1","Factor3",-1.883171571023,"CX3CR1x_NK","negative",-0.813407429424498,"CMC1","CX3CR1+ NK"
"CX3CR1._NK__SRSF11","Factor3",-1.56291092064764,"CX3CR1x_NK","negative",-0.675075693550786,"SRSF11","CX3CR1+ NK"
"CX3CR1._NK__RSRP1","Factor3",-1.39263448335649,"CX3CR1x_NK","negative",-0.601527366207823,"RSRP1","CX3CR1+ NK"
"CX3CR1._NK__HNRNPA2B1","Factor3",-1.33291682953236,"CX3CR1x_NK","negative",-0.57573323038091,"HNRNPA2B1","CX3CR1+ NK"
"CX3CR1._NK__ID2","Factor3",1.54481942583929,"CX3CR1x_NK","positive",0.667261346460514,"ID2","CX3CR1+ NK"
"CX3CR1._NK__CD160","Factor3",1.56131757572268,"CX3CR1x_NK","positive",0.674387472350155,"CD160","CX3CR1+ NK"
"CX3CR1._NK__TUBA1B","Factor3",1.57236511764076,"CX3CR1x_NK","positive",0.679159290707718,"TUBA1B","CX3CR1+ NK"
"CX3CR1._NK__CD7","Factor3",1.63364499489431,"CX3CR1x_NK","positive",0.705628205276762,"CD7","CX3CR1+ NK"
"CX3CR1._NK__HLA.A","Factor3",1.63651603755132,"CX3CR1x_NK","positive",0.706868308655203,"HLA.A","CX3CR1+ NK"
"CX3CR1._NK__CD63","Factor3",2.15403287228516,"CX3CR1x_NK","positive",0.930401864865421,"CD63","CX3CR1+ NK"
"CXCR6._NK__CLEC2B","Factor3",-1.22155453883887,"CXCR6x_NK","negative",-0.578704240078704,"CLEC2B","CXCR6+ NK"
"CXCR6._NK__ALOX5AP","Factor3",-1.04712657026515,"CXCR6x_NK","negative",-0.496070021308679,"ALOX5AP","CXCR6+ NK"
"CXCR6._NK__UQCR11","Factor3",-0.864178203892626,"CXCR6x_NK","negative",-0.409399314460102,"UQCR11","CXCR6+ NK"
"CXCR6._NK__RNASEK","Factor3",-0.854660115472911,"CXCR6x_NK","negative",-0.404890176348947,"RNASEK","CXCR6+ NK"
"CXCR6._NK__CLIC3","Factor3",-0.803611810023674,"CXCR6x_NK","negative",-0.380706343476133,"CLIC3","CXCR6+ NK"
"CXCR6._NK__RHOC","Factor3",-0.796869793179889,"CXCR6x_NK","negative",-0.377512352859972,"RHOC","CXCR6+ NK"
"CXCR6._NK__S100A10","Factor3",1.73817946649132,"CXCR6x_NK","positive",0.823452244901318,"S100A10","CXCR6+ NK"
"CXCR6._NK__TUBB","Factor3",1.78061068633393,"CXCR6x_NK","positive",0.84355378441831,"TUBB","CXCR6+ NK"
"CXCR6._NK__H3F3A","Factor3",1.81006790891358,"CXCR6x_NK","positive",0.85750896944344,"H3F3A","CXCR6+ NK"
"CXCR6._NK__ANXA6","Factor3",1.86957847656699,"CXCR6x_NK","positive",0.885701749000591,"ANXA6","CXCR6+ NK"
"CXCR6._NK__HNRNPA2B1","Factor3",2.05420094508653,"CXCR6x_NK","positive",0.973165551842838,"HNRNPA2B1","CXCR6+ NK"
"CXCR6._NK__EIF5A","Factor3",2.11084428666488,"CXCR6x_NK","positive",1,"EIF5A","CXCR6+ NK"
"CXCR5low_Naive_B__TBC1D1","Factor3",-1.99324178147605,"CXCR5low_Naive_B","negative",-0.898509710409631,"TBC1D1","CXCR5− Naïve B"
"CXCR5low_Naive_B__BLNK","Factor3",-1.96528908879756,"CXCR5low_Naive_B","negative",-0.885909249172499,"BLNK","CXCR5− Naïve B"
"CXCR5low_Naive_B__PTMA","Factor3",-1.83642740355119,"CXCR5low_Naive_B","negative",-0.827821225647386,"PTMA","CXCR5− Naïve B"
"CXCR5low_Naive_B__PAK2","Factor3",-1.73784851569401,"CXCR5low_Naive_B","negative",-0.783384023495492,"PAK2","CXCR5− Naïve B"
"CXCR5low_Naive_B__CYTIP","Factor3",-1.6727416525621,"CXCR5low_Naive_B","negative",-0.754035276503536,"CYTIP","CXCR5− Naïve B"
"CXCR5low_Naive_B__SH3BGRL","Factor3",-1.65464018450351,"CXCR5low_Naive_B","negative",-0.745875531421699,"SH3BGRL","CXCR5− Naïve B"
"CXCR5low_Naive_B__EIF3D","Factor3",1.61345415903352,"CXCR5low_Naive_B","positive",0.727309773789148,"EIF3D","CXCR5− Naïve B"
"CXCR5low_Naive_B__CSDE1","Factor3",1.64399696823152,"CXCR5low_Naive_B","positive",0.74107780278725,"CSDE1","CXCR5− Naïve B"
"CXCR5low_Naive_B__GAS5","Factor3",1.698085359611,"CXCR5low_Naive_B","positive",0.765459664198416,"GAS5","CXCR5− Naïve B"
"CXCR5low_Naive_B__COX4I1","Factor3",1.86339589489921,"CXCR5low_Naive_B","positive",0.839978030494891,"COX4I1","CXCR5− Naïve B"
"CXCR5low_Naive_B__RAB11A","Factor3",2.04495247075836,"CXCR5low_Naive_B","positive",0.921819755826058,"RAB11A","CXCR5− Naïve B"
"CXCR5low_Naive_B__ATP5F1D","Factor3",2.21838646637145,"CXCR5low_Naive_B","positive",1,"ATP5F1D","CXCR5− Naïve B"
"CXCR5high_Naive_B__ACTG1","Factor3",-1.62792820182862,"CXCR5high_Naive_B","negative",-0.83754485553964,"ACTG1","CXCR5+ Naïve B"
"CXCR5high_Naive_B__PKM","Factor3",-1.6234900732591,"CXCR5high_Naive_B","negative",-0.835261504377436,"PKM","CXCR5+ Naïve B"
"CXCR5high_Naive_B__ENO1","Factor3",-1.61040164331623,"CXCR5high_Naive_B","negative",-0.828527701772735,"ENO1","CXCR5+ Naïve B"
"CXCR5high_Naive_B__NCL","Factor3",-1.59100985629513,"CXCR5high_Naive_B","negative",-0.818550915670621,"NCL","CXCR5+ Naïve B"
"CXCR5high_Naive_B__ARPC2","Factor3",-1.58569906483459,"CXCR5high_Naive_B","negative",-0.815818592425885,"ARPC2","CXCR5+ Naïve B"
"CXCR5high_Naive_B__CFL1","Factor3",-1.5300639548059,"CXCR5high_Naive_B","negative",-0.787195155507984,"CFL1","CXCR5+ Naïve B"
"CXCR5high_Naive_B__CD79A","Factor3",1.50705418085456,"CXCR5high_Naive_B","positive",0.775356968923082,"CD79A","CXCR5+ Naïve B"
"CXCR5high_Naive_B__IL2RG","Factor3",1.59347384153791,"CXCR5high_Naive_B","positive",0.8198185994431,"IL2RG","CXCR5+ Naïve B"
"CXCR5high_Naive_B__FXYD5","Factor3",1.63919916113366,"CXCR5high_Naive_B","positive",0.843343596523625,"FXYD5","CXCR5+ Naïve B"
"CXCR5high_Naive_B__COL19A1","Factor3",1.74968763013867,"CXCR5high_Naive_B","positive",0.900188271066184,"COL19A1","CXCR5+ Naïve B"
"CXCR5high_Naive_B__LINC00926","Factor3",1.88145722344209,"CXCR5high_Naive_B","positive",0.967981767649053,"LINC00926","CXCR5+ Naïve B"
"CXCR5high_Naive_B__GPSM3","Factor3",1.94369076600647,"CXCR5high_Naive_B","positive",1,"GPSM3","CXCR5+ Naïve B"
"Myeloid.CD177__SVIL","Factor3",-1.95807275116362,"MyeloidxCD177","negative",-1,"SVIL","Myeloid−CD177"
"Myeloid.CD177__CAMK1D","Factor3",-1.7158753080694,"MyeloidxCD177","negative",-0.876308251085006,"CAMK1D","Myeloid−CD177"
"Myeloid.CD177__SRGN","Factor3",-1.32888822057775,"MyeloidxCD177","negative",-0.678671525247482,"SRGN","Myeloid−CD177"
"Myeloid.CD177__BAZ2B","Factor3",-1.27559210151808,"MyeloidxCD177","negative",-0.65145286392451,"BAZ2B","Myeloid−CD177"
"Myeloid.CD177__IGF1R","Factor3",-1.18396149739357,"MyeloidxCD177","negative",-0.604656541331256,"IGF1R","Myeloid−CD177"
"Myeloid.CD177__COP1","Factor3",-1.15087358787047,"MyeloidxCD177","negative",-0.58775833900275,"COP1","Myeloid−CD177"
"Myeloid.CD177__CHST11","Factor3",1.40733179065756,"MyeloidxCD177","positive",0.718733147081092,"CHST11","Myeloid−CD177"
"Myeloid.CD177__STK10","Factor3",1.4559433058078,"MyeloidxCD177","positive",0.743559351889547,"STK10","Myeloid−CD177"
"Myeloid.CD177__AKAP13","Factor3",1.54918053878328,"MyeloidxCD177","positive",0.791176189885001,"AKAP13","Myeloid−CD177"
"Myeloid.CD177__ZBTB20","Factor3",1.64360689186517,"MyeloidxCD177","positive",0.839400318955683,"ZBTB20","Myeloid−CD177"
"Myeloid.CD177__IQSEC1","Factor3",1.66969136702523,"MyeloidxCD177","positive",0.85272182355481,"IQSEC1","Myeloid−CD177"
"Myeloid.CD177__LRRFIP1","Factor3",1.74149409927135,"MyeloidxCD177","positive",0.889391927974298,"LRRFIP1","Myeloid−CD177"
"CD14.PPBP._Monocytes__TIMP1","Factor3",-0.608146888735738,"CD14xPPBPx_Monocytes","negative",-0.311245564758372,"TIMP1","CD14+PPBP+ Monocytes"
"CD14.PPBP._Monocytes__SPINT2","Factor3",-0.588533343039694,"CD14xPPBPx_Monocytes","negative",-0.301207481492387,"SPINT2","CD14+PPBP+ Monocytes"
"CD14.PPBP._Monocytes__PGAM1","Factor3",-0.570478401192718,"CD14xPPBPx_Monocytes","negative",-0.291967081391806,"PGAM1","CD14+PPBP+ Monocytes"
"CD14.PPBP._Monocytes__NDUFAF3","Factor3",-0.498225330150393,"CD14xPPBPx_Monocytes","negative",-0.254988436398906,"NDUFAF3","CD14+PPBP+ Monocytes"
"CD14.PPBP._Monocytes__AP2M1","Factor3",-0.486503415022001,"CD14xPPBPx_Monocytes","negative",-0.248989237584011,"AP2M1","CD14+PPBP+ Monocytes"
"CD14.PPBP._Monocytes__LGALS1","Factor3",-0.426205534910649,"CD14xPPBPx_Monocytes","negative",-0.218129180422482,"LGALS1","CD14+PPBP+ Monocytes"
"CD14.PPBP._Monocytes__IFI30","Factor3",1.61219360175325,"CD14xPPBPx_Monocytes","positive",0.825110047213558,"IFI30","CD14+PPBP+ Monocytes"
"CD14.PPBP._Monocytes__LGALS2","Factor3",1.72051356228765,"CD14xPPBPx_Monocytes","positive",0.880547488258802,"LGALS2","CD14+PPBP+ Monocytes"
"CD14.PPBP._Monocytes__CAST","Factor3",1.81237236990508,"CD14xPPBPx_Monocytes","positive",0.927560219861118,"CAST","CD14+PPBP+ Monocytes"
"CD14.PPBP._Monocytes__ACRBP","Factor3",1.89001058813385,"CD14xPPBPx_Monocytes","positive",0.967294947649796,"ACRBP","CD14+PPBP+ Monocytes"
"CD14.PPBP._Monocytes__PTPN18","Factor3",1.92565301603441,"CD14xPPBPx_Monocytes","positive",0.985536507060441,"PTPN18","CD14+PPBP+ Monocytes"
"CD14.PPBP._Monocytes__S100A10","Factor3",1.95391342912102,"CD14xPPBPx_Monocytes","positive",1,"S100A10","CD14+PPBP+ Monocytes"
"Classical_Monocytes__SAT1","Factor3",-1.61334107820598,"Classical_Monocytes","negative",-0.793220861780408,"SAT1","Classical Monocytes"
"Classical_Monocytes__TLR2","Factor3",-1.50761006552697,"Classical_Monocytes","negative",-0.74123678592249,"TLR2","Classical Monocytes"
"Classical_Monocytes__CLEC7A","Factor3",-1.42832322452985,"Classical_Monocytes","negative",-0.702254343094269,"CLEC7A","Classical Monocytes"
"Classical_Monocytes__CMTM6","Factor3",-1.42203868867124,"Classical_Monocytes","negative",-0.699164466429626,"CMTM6","Classical Monocytes"
"Classical_Monocytes__C1orf162","Factor3",-1.41853274581892,"Classical_Monocytes","negative",-0.697440722425191,"C1orf162","Classical Monocytes"
"Classical_Monocytes__SRSF9","Factor3",-1.38309863377715,"Classical_Monocytes","negative",-0.680019064184484,"SRSF9","Classical Monocytes"
"Classical_Monocytes__HLA.A","Factor3",1.56167313670003,"Classical_Monocytes","positive",0.767817622724879,"HLA.A","Classical Monocytes"
"Classical_Monocytes__RHOA","Factor3",1.57916911241641,"Classical_Monocytes","positive",0.776419754737084,"RHOA","Classical Monocytes"
"Classical_Monocytes__ANXA2","Factor3",1.63621742577344,"Classical_Monocytes","positive",0.804468326050042,"ANXA2","Classical Monocytes"
"Classical_Monocytes__CRIP1","Factor3",1.701124534148,"Classical_Monocytes","positive",0.836380779737634,"CRIP1","Classical Monocytes"
"Classical_Monocytes__S100A10","Factor3",1.82827997374913,"Classical_Monocytes","positive",0.898898463532453,"S100A10","Classical Monocytes"
"Classical_Monocytes__TYMP","Factor3",2.03391155722353,"Classical_Monocytes","positive",1,"TYMP","Classical Monocytes"
"DC2__SSNA1","Factor3",-2.32014318377425,"DC2","negative",-0.951863860687706,"SSNA1","DC2"
"DC2__CCT4","Factor3",-2.0725615575264,"DC2","negative",-0.850290818022183,"CCT4","DC2"
"DC2__PLAC8","Factor3",-2.06692493920287,"DC2","negative",-0.84797833432886,"PLAC8","DC2"
"DC2__CCT7","Factor3",-2.06387141583347,"DC2","negative",-0.846725593306917,"CCT7","DC2"
"DC2__CHCHD10","Factor3",-2.00389003066536,"DC2","negative",-0.822117580639941,"CHCHD10","DC2"
"DC2__TUBGCP2","Factor3",-1.99858319445665,"DC2","negative",-0.819940393629678,"TUBGCP2","DC2"
"DC2__HLA.DMA","Factor3",2.18556033083317,"DC2","positive",0.896649788177548,"HLA.DMA","DC2"
"DC2__HLA.DPB1","Factor3",2.19582297512408,"DC2","positive",0.900860149108684,"HLA.DPB1","DC2"
"DC2__PAIP2","Factor3",2.26037943322797,"DC2","positive",0.927345134980605,"PAIP2","DC2"
"DC2__EIF4A2","Factor3",2.2695448238781,"DC2","positive",0.931105335725953,"EIF4A2","DC2"
"DC2__CELF1","Factor3",2.43010601591646,"DC2","positive",0.996977303111016,"CELF1","DC2"
"DC2__MBP","Factor3",2.4374737602686,"DC2","positive",1,"MBP","DC2"
"pDC__ZFP36","Factor3",-2.13736268067514,"pDC","negative",-1,"ZFP36","pDC"
"pDC__CD37","Factor3",-1.9392088529462,"pDC","negative",-0.907290498930978,"CD37","pDC"
"pDC__NACA","Factor3",-1.65420298354293,"pDC","negative",-0.773945853223379,"NACA","pDC"
"pDC__MZB1","Factor3",-1.54009938685119,"pDC","negative",-0.720560623976419,"MZB1","pDC"
"pDC__CTSC","Factor3",-1.43651578512283,"pDC","negative",-0.672097346000756,"CTSC","pDC"
"pDC__ACTG1","Factor3",-1.42992702937438,"pDC","negative",-0.669014689132078,"ACTG1","pDC"
"pDC__PSAP","Factor3",1.40954802826193,"pDC","positive",0.659480040989904,"PSAP","pDC"
"pDC__HLA.DPB1","Factor3",1.52661517829483,"pDC","positive",0.714251817016195,"HLA.DPB1","pDC"
"pDC__FAU","Factor3",1.53688231460226,"pDC","positive",0.719055464240069,"FAU","pDC"
"pDC__CD74","Factor3",1.54546037511688,"pDC","positive",0.72306884979797,"CD74","pDC"
"pDC__RHOA","Factor3",1.56509834811149,"pDC","positive",0.732256795845762,"RHOA","pDC"
"pDC__HLA.DPA1","Factor3",2.0873059846441,"pDC","positive",0.976580158115596,"HLA.DPA1","pDC"
"YBX3","Factor3",-2.95628343262714,"Cell_stimulate_BulkRNA","negative",-0.984302510089577,"YBX3","Stimulation bulk RNA-seq"
"GLRX5","Factor3",-2.91833160045565,"Cell_stimulate_BulkRNA","negative",-0.971666345621511,"GLRX5","Stimulation bulk RNA-seq"
"PIM1","Factor3",-2.84700446848684,"Cell_stimulate_BulkRNA","negative",-0.947917785432885,"PIM1","Stimulation bulk RNA-seq"
"XPO7","Factor3",-2.79164892595207,"Cell_stimulate_BulkRNA","negative",-0.929487008849351,"XPO7","Stimulation bulk RNA-seq"
"GYPC","Factor3",-2.77177624038865,"Cell_stimulate_BulkRNA","negative",-0.922870344808816,"GYPC","Stimulation bulk RNA-seq"
"BSG","Factor3",-2.75524694963892,"Cell_stimulate_BulkRNA","negative",-0.917366873052559,"BSG","Stimulation bulk RNA-seq"
"CAP1","Factor3",2.93372827510276,"Cell_stimulate_BulkRNA","positive",0.976792709803959,"CAP1","Stimulation bulk RNA-seq"
"GMFG","Factor3",2.94100141235544,"Cell_stimulate_BulkRNA","positive",0.979214320389408,"GMFG","Stimulation bulk RNA-seq"
"NONO","Factor3",2.97196219056689,"Cell_stimulate_BulkRNA","positive",0.989522794662045,"NONO","Stimulation bulk RNA-seq"
"SMAP2","Factor3",2.98313707384029,"Cell_stimulate_BulkRNA","positive",0.993243502066001,"SMAP2","Stimulation bulk RNA-seq"
"IL2RG","Factor3",2.99760479017101,"Cell_stimulate_BulkRNA","positive",0.998060567081629,"IL2RG","Stimulation bulk RNA-seq"
"CCR7","Factor3",3.00342974067809,"Cell_stimulate_BulkRNA","positive",1,"CCR7","Stimulation bulk RNA-seq"
"IL8_Cell_stimulate_Olink","Factor3",-1.87979817482828,"Cell_stimulate_Olink","negative",-0.678909203762673,"IL8","Stimulation proteomics"
"4E.BP1_Cell_stimulate_Olink","Factor3",-1.52374135618965,"Cell_stimulate_Olink","negative",-0.550315477865313,"4E.BP1","Stimulation proteomics"
"FGF.21_Cell_stimulate_Olink","Factor3",-1.18042337080099,"Cell_stimulate_Olink","negative",-0.426322517759947,"FGF.21","Stimulation proteomics"
"CCL3_Cell_stimulate_Olink","Factor3",-1.14207179545857,"Cell_stimulate_Olink","negative",-0.412471436389925,"CCL3","Stimulation proteomics"
"IL7_Cell_stimulate_Olink","Factor3",-1.06723089048605,"Cell_stimulate_Olink","negative",-0.385441843594194,"IL7","Stimulation proteomics"
"IL2_Cell_stimulate_Olink","Factor3",-1.02110858285916,"Cell_stimulate_Olink","negative",-0.368784279199266,"IL2","Stimulation proteomics"
"MMP.1_Cell_stimulate_Olink","Factor3",2.11147573971089,"Cell_stimulate_Olink","positive",0.762582032692031,"MMP.1","Stimulation proteomics"
"TNFRSF9_Cell_stimulate_Olink","Factor3",2.26050507171925,"Cell_stimulate_Olink","positive",0.816405568902412,"TNFRSF9","Stimulation proteomics"
"TWEAK_Cell_stimulate_Olink","Factor3",2.34687129868857,"Cell_stimulate_Olink","positive",0.847597654929988,"TWEAK","Stimulation proteomics"
"Flt3L_Cell_stimulate_Olink","Factor3",2.61093248414444,"Cell_stimulate_Olink","positive",0.942966174573781,"Flt3L","Stimulation proteomics"
"CD6_Cell_stimulate_Olink","Factor3",2.63539816727122,"Cell_stimulate_Olink","positive",0.95180221754559,"CD6","Stimulation proteomics"
"CD5_Cell_stimulate_Olink","Factor3",2.76885062746241,"Cell_stimulate_Olink","positive",1,"CD5","Stimulation proteomics"
"CD40_Plama_Olink","Factor3",-2.37695262685805,"Plama_Olink","negative",-1,"CD40","Plasma proteomics"
"FGF.19_Plama_Olink","Factor3",-2.3676818242678,"Plama_Olink","negative",-0.996099710829108,"FGF.19","Plasma proteomics"
"Flt3L_Plama_Olink","Factor3",-2.30999021014751,"Plama_Olink","negative",-0.971828459703441,"Flt3L","Plasma proteomics"
"CCL3_Plama_Olink","Factor3",-2.25285571974602,"Plama_Olink","negative",-0.947791594283448,"CCL3","Plasma proteomics"
"IL.22.RA1_Plama_Olink","Factor3",-2.23262004252335,"Plama_Olink","negative",-0.93927830840891,"IL.22.RA1","Plasma proteomics"
"STAMBP_Plama_Olink","Factor3",-2.21425196195822,"Plama_Olink","negative",-0.93155073304305,"STAMBP","Plasma proteomics"
"TRAIL_Plama_Olink","Factor3",0.82269949790306,"Plama_Olink","positive",0.346115226953655,"TRAIL","Plasma proteomics"
"FGF.21_Plama_Olink","Factor3",0.831398633283331,"Plama_Olink","positive",0.349775011874051,"FGF.21","Plasma proteomics"
"CD8A_Plama_Olink","Factor3",0.918221740211586,"Plama_Olink","positive",0.386302078483292,"CD8A","Plasma proteomics"
"CD6_Plama_Olink","Factor3",0.948702078406815,"Plama_Olink","positive",0.399125362317736,"CD6","Plasma proteomics"
"TNFB_Plama_Olink","Factor3",1.05140729140189,"Plama_Olink","positive",0.442334138056288,"TNFB","Plasma proteomics"
"TSLP_Plama_Olink","Factor3",1.09115069968824,"Plama_Olink","positive",0.459054457947092,"TSLP","Plasma proteomics"
"CXCR5.B","Factor3",-2.81658280836848,"Sflow_Freq_inParent","negative",-1,"CXCR5− B","Spectral flow cytometry"
"Treg","Factor3",-2.22684879442556,"Sflow_Freq_inParent","negative",-0.79062074362212,"Treg","Spectral flow cytometry"
"Inhibitory.CD8.T","Factor3",-2.20483600631256,"Sflow_Freq_inParent","negative",-0.782805319893906,"Inhibitory CD8+ T","Spectral flow cytometry"
"Inhibitory.VD2","Factor3",-2.19426390402142,"Sflow_Freq_inParent","negative",-0.779051799045971,"Inhibitory.VD2","Spectral flow cytometry"
"CD3.CD56.CD19.cell","Factor3",-2.18177769690375,"Sflow_Freq_inParent","negative",-0.774618694121604,"CD3.CD56.CD19.cell","Spectral flow cytometry"
"Terminal.differentiated.CD4.T","Factor3",-2.1180397561557,"Sflow_Freq_inParent","negative",-0.751989165687833,"Terminal.differentiated.CD4.T","Spectral flow cytometry"
"CD4.ISP","Factor3",1.35055372559224,"Sflow_Freq_inParent","positive",0.479500805578856,"CD4.ISP","Spectral flow cytometry"
"VD1","Factor3",2.10245586746368,"Sflow_Freq_inParent","positive",0.746456259413706,"VD1","Spectral flow cytometry"
"CD8.ISP","Factor3",2.18455430756388,"Sflow_Freq_inParent","positive",0.775604502403853,"CD8.ISP","Spectral flow cytometry"
"EDP","Factor3",2.27890799286353,"Sflow_Freq_inParent","positive",0.80910384956287,"EDP","Spectral flow cytometry"
"T","Factor3",2.36099704206868,"Sflow_Freq_inParent","positive",0.838248758408171,"T","Spectral flow cytometry"
"CXCR5.B.1","Factor3",2.81658280836848,"Sflow_Freq_inParent","positive",1,"CXCR5+ B","Spectral flow cytometry"
"TRBV10.3_CD4TCR","Factor3",-1.87953285083077,"CD4TCR","negative",-0.7440678800697,"TRBV10.3","CD4 TCR"
"TRBV12.3_CD4TCR","Factor3",-1.81957709153447,"CD4TCR","negative",-0.720332644637212,"TRBV12.3","CD4 TCR"
"TRAJ41_CD4TCR","Factor3",-1.76694340328781,"CD4TCR","negative",-0.699496064517513,"TRAJ41","CD4 TCR"
"TRAJ38_CD4TCR","Factor3",-1.65445687135983,"CD4TCR","negative",-0.654964991112197,"TRAJ38","CD4 TCR"
"TRBV9_CD4TCR","Factor3",-1.61271543665772,"CD4TCR","negative",-0.638440427140815,"TRBV9","CD4 TCR"
"TRBJ1.2_CD4TCR","Factor3",-1.61143262647547,"CD4TCR","negative",-0.637932589327595,"TRBJ1.2","CD4 TCR"
"CD4_CDR3b_length_17","Factor3",2.12995725099694,"CD4TCR","positive",0.843205680436962,"CD4_CDR3b_length_17","CD4 TCR"
"CD4_CDR3b_length_18","Factor3",2.14694472943506,"CD4TCR","positive",0.849930669076342,"CD4_CDR3b_length_18","CD4 TCR"
"CD4_CDR3b_length_16","Factor3",2.17693368698286,"CD4TCR","positive",0.86180267230216,"CD4_CDR3b_length_16","CD4 TCR"
"TRAV12.3_CD4TCR","Factor3",2.34156061868884,"CD4TCR","positive",0.926975043204165,"TRAV12.3","CD4 TCR"
"CD4_CDR3b_length_19","Factor3",2.41823636516714,"CD4TCR","positive",0.957329373063128,"CD4_CDR3b_length_19","CD4 TCR"
"TRAJ58_CD4TCR","Factor3",2.52602336584494,"CD4TCR","positive",1,"TRAJ58","CD4 TCR"
"TRBV4.1_CD8TCR","Factor3",-2.18302022028029,"CD8TCR","negative",-0.929446459744619,"TRBV4.1","CD8 TCR"
"TRAJ24_CD8TCR","Factor3",-1.71464348174034,"CD8TCR","negative",-0.730029570510862,"TRAJ24","CD8 TCR"
"TRBV5.1_CD8TCR","Factor3",-1.59585463893138,"CD8TCR","negative",-0.679453827611068,"TRBV5.1","CD8 TCR"
"TRAV36.DV7_CD8TCR","Factor3",-1.31805035653598,"CD8TCR","negative",-0.561175396483599,"TRAV36.DV7","CD8 TCR"
"TRBV24.1_CD8TCR","Factor3",-1.25127197214955,"CD8TCR","negative",-0.532743716200093,"TRBV24.1","CD8 TCR"
"TRBV3.1_CD8TCR","Factor3",-1.14128102078859,"CD8TCR","negative",-0.485913778759909,"TRBV3.1","CD8 TCR"
"CD8_CDR3b_length_14","Factor3",1.63126960620567,"CD8TCR","positive",0.694532165250484,"CD8_CDR3b_length_14","CD8 TCR"
"CD8_CDR3b_length_17","Factor3",1.68697429575069,"CD8TCR","positive",0.718249090090581,"CD8_CDR3b_length_17","CD8 TCR"
"TRAJ45_CD8TCR","Factor3",1.73288671620428,"CD8TCR","positive",0.737796841527998,"TRAJ45","CD8 TCR"
"TRBV28_CD8TCR","Factor3",1.83687647490704,"CD8TCR","positive",0.78207170081609,"TRBV28","CD8 TCR"
"CD8_CDR3b_length_16","Factor3",2.05156461949607,"CD8TCR","positive",0.873477696089828,"CD8_CDR3b_length_16","CD8 TCR"
"TRBV5.6_CD8TCR","Factor3",2.34873154595705,"CD8TCR","positive",1,"TRBV5.6","CD8 TCR"
"IGLV2.8","Factor3",-1.86516911799651,"BCR","negative",-1,"IGLV2.8","BCR"
"IGHJ2","Factor3",-1.68255316918575,"BCR","negative",-0.902091479507809,"IGHJ2","BCR"
"IGHD7.27","Factor3",-1.51136368118524,"BCR","negative",-0.810309192127676,"IGHD7.27","BCR"
"IGHV1.2","Factor3",-1.41412885569396,"BCR","negative",-0.758177283791274,"IGHV1.2","BCR"
"IGKV1D.8","Factor3",-1.39299859193464,"BCR","negative",-0.746848410953182,"IGKV1D.8","BCR"
"IGKV2.24","Factor3",-1.25770703710637,"BCR","negative",-0.674312599844751,"IGKV2.24","BCR"
"IGKV6.21","Factor3",1.68651886131804,"BCR","positive",0.904217663184148,"IGKV6.21","BCR"
"BCRHCDR3_CDR3b_length_24","Factor3",1.70209704468851,"BCR","positive",0.912569819146926,"BCRHCDR3_CDR3b_length_24","BCR"
"BCRHCDR3_CDR3b_length_23","Factor3",1.77297168774627,"BCR","positive",0.950568862972985,"BCRHCDR3_CDR3b_length_23","BCR"
"IGHJ6","Factor3",1.77300754159258,"BCR","positive",0.950588085812332,"IGHJ6","BCR"
"BCRHCDR3_CDR3b_length_22","Factor3",1.80888933599628,"BCR","positive",0.969825909373471,"BCRHCDR3_CDR3b_length_22","BCR"
"BCRHCDR3_CDR3b_length_20","Factor3",1.8398202344619,"BCR","positive",0.986409337743146,"BCRHCDR3_CDR3b_length_20","BCR"
